{"type":"FeatureCollection","features":[{"type":"Feature","geometry":{"type":"Polygon","coordinates":[[[-75.217003,40.928397],[-75.195536,40.936337],[-75.187531,40.937131],[-75.178073,40.94032],[-75.176836,40.945523],[-75.169463,40.948015],[-75.160833,40.948442],[-75.152935,40.949311],[-75.14513,40.951584],[-75.129232,40.95893],[-75.12831,40.95964],[-75.120232,40.968702],[-75.119598,40.965761],[-75.120786,40.96278],[-75.119091,40.95886],[-75.118906,40.956337],[-75.117767,40.953013],[-75.111689,40.948127],[-75.106148,40.93967],[-75.105514,40.936295],[-75.095528,40.924148],[-75.087689,40.918893],[-75.079295,40.91388],[-75.076963,40.909859],[-75.07609,40.907039],[-75.075198,40.900176],[-75.07598,40.895692],[-75.073925,40.892177],[-75.070417,40.889226],[-75.06544,40.885675],[-75.062149,40.882289],[-75.058655,40.877654],[-75.053664,40.87366],[-75.051508,40.870224],[-75.050839,40.868067],[-75.051448,40.864209],[-75.052913,40.863743],[-75.058462,40.860706],[-75.063925,40.855424],[-75.064321,40.854072],[-75.063302,40.851124],[-75.064328,40.848338],[-75.067655,40.847329],[-75.07083,40.847392],[-75.073544,40.84894],[-75.076684,40.849875],[-75.087426,40.849503],[-75.090962,40.849187],[-75.095784,40.847082],[-75.097221,40.844672],[-75.097572,40.840967],[-75.097006,40.839336],[-75.09494,40.837103],[-75.085517,40.830085],[-75.083822,40.827805],[-75.083929,40.824471],[-75.085387,40.821972],[-75.087223,40.820249],[-75.090518,40.815913],[-75.094439,40.813596],[-75.098279,40.810286],[-75.100277,40.807578],[-75.100739,40.805488],[-75.100165,40.803],[-75.1008,40.799797],[-75.106211,40.794197],[-75.108505,40.791094],[-75.111345,40.789896],[-75.116854,40.789348],[-75.123088,40.786746],[-75.125867,40.784026],[-75.131465,40.77595],[-75.1344,40.77377],[-75.139106,40.773606],[-75.152063,40.775327],[-75.15718,40.777053],[-75.163648,40.778386],[-75.169523,40.778473],[-75.171587,40.777745],[-75.173349,40.776129],[-75.17562,40.772923],[-75.176855,40.768721],[-75.177477,40.764225],[-75.17904,40.761897],[-75.183037,40.759344],[-75.189209,40.757089],[-75.191796,40.75583],[-75.196535,40.751631],[-75.196677,40.748129],[-75.195349,40.745473],[-75.192148,40.742369],[-75.187732,40.739266],[-75.182804,40.73365],[-75.182084,40.731522],[-75.182948,40.72933],[-75.186052,40.725682],[-75.186052,40.72205],[-75.18674,40.71949],[-75.192883,40.715648],[-75.1944,40.716659],[-75.19675,40.714488],[-75.197903,40.715698],[-75.202926,40.713208],[-75.20183,40.712229],[-75.207418,40.7086],[-75.20881,40.709711],[-75.210719,40.709557],[-75.209099,40.707459],[-75.211904,40.705605],[-75.219321,40.704902],[-75.233419,40.70308],[-75.233365,40.702537],[-75.235354,40.702273],[-75.239647,40.70018],[-75.241167,40.700198],[-75.24277,40.702456],[-75.245583,40.704231],[-75.249376,40.703309],[-75.250878,40.700923],[-75.252527,40.702101],[-75.25213,40.706498],[-75.249527,40.707823],[-75.247052,40.708289],[-75.245706,40.710995],[-75.246126,40.71374],[-75.244966,40.718065],[-75.244756,40.721235],[-75.249547,40.726315],[-75.247815,40.729041],[-75.243927,40.728552],[-75.244013,40.731522],[-75.246707,40.736086],[-75.246582,40.740635],[-75.249545,40.741955],[-75.249836,40.74582],[-75.25345,40.746233],[-75.256961,40.747792],[-75.264162,40.749206],[-75.267606,40.748752],[-75.27123,40.74911],[-75.273916,40.749938],[-75.273315,40.753499],[-75.275825,40.754912],[-75.276317,40.758462],[-75.307875,40.75553],[-75.309615,40.755517],[-75.327626,40.753845],[-75.339102,40.75288],[-75.338634,40.748988],[-75.346503,40.745009],[-75.346016,40.742189],[-75.348971,40.741773],[-75.374802,40.738739],[-75.383432,40.737978],[-75.402442,40.736571],[-75.404226,40.744368],[-75.405296,40.747458],[-75.406812,40.755283],[-75.409128,40.757078],[-75.407194,40.758238],[-75.410574,40.77148],[-75.412063,40.77339],[-75.411793,40.776896],[-75.414502,40.78726],[-75.415373,40.786702],[-75.419214,40.788371],[-75.422794,40.78712],[-75.423523,40.788745],[-75.428136,40.78914],[-75.4352,40.792062],[-75.440732,40.809373],[-75.443267,40.818276],[-75.44245,40.818367],[-75.42049,40.823451],[-75.416759,40.826102],[-75.383266,40.831037],[-75.374603,40.833962],[-75.341752,40.845317],[-75.338417,40.846736],[-75.320931,40.855657],[-75.300594,40.859563],[-75.293978,40.862564],[-75.284039,40.86604],[-75.27353,40.87315],[-75.267224,40.882473],[-75.244655,40.893984],[-75.232502,40.899759],[-75.24113,40.909438],[-75.221821,40.919581],[-75.21819,40.927875],[-75.217003,40.928397]]]},"properties":{"district":"138","name":"State House District 138"}},{"type":"Feature","geometry":{"type":"Polygon","coordinates":[[[-74.993595,40.132266],[-74.985373,40.140507],[-74.981491,40.144805],[-74.970904,40.155786],[-74.963018,40.151068],[-74.95749,40.148001],[-74.957416,40.145826],[-74.950959,40.145778],[-74.943384,40.148072],[-74.938275,40.150772],[-74.93428,40.153338],[-74.931345,40.153516],[-74.92753,40.152613],[-74.924361,40.150989],[-74.918076,40.145724],[-74.912981,40.149036],[-74.90919,40.145481],[-74.907561,40.146631],[-74.900376,40.140641],[-74.898158,40.133431],[-74.898451,40.132235],[-74.89823,40.131158],[-74.901031,40.127096],[-74.901151,40.125339],[-74.902824,40.11958],[-74.904985,40.117713],[-74.905339,40.116094],[-74.904159,40.113479],[-74.904401,40.111187],[-74.902438,40.105774],[-74.90256,40.104031],[-74.90591,40.099907],[-74.910211,40.098855],[-74.912721,40.097023],[-74.913022,40.095097],[-74.914953,40.088604],[-74.913444,40.085804],[-74.910715,40.084509],[-74.90967,40.082679],[-74.908831,40.076999],[-74.909103,40.070505],[-74.915241,40.070441],[-74.921898,40.071446],[-74.927308,40.070544],[-74.935042,40.067836],[-74.946836,40.062315],[-74.958126,40.056643],[-74.966891,40.052716],[-74.973981,40.048595],[-74.980028,40.053637],[-74.983487,40.054448],[-74.984893,40.057287],[-74.980378,40.060349],[-74.981023,40.064939],[-74.980878,40.066028],[-74.977634,40.067589],[-74.976699,40.069144],[-74.972445,40.072235],[-74.971063,40.073966],[-74.971355,40.075541],[-74.969855,40.076383],[-74.966882,40.076439],[-74.965924,40.077281],[-74.963145,40.077326],[-74.961615,40.079756],[-74.958841,40.082503],[-74.958156,40.08425],[-74.957899,40.090571],[-74.956447,40.092757],[-74.955763,40.094982],[-74.958488,40.09681],[-74.961342,40.097496],[-74.961858,40.099693],[-74.960886,40.103104],[-74.965359,40.108024],[-74.963714,40.109458],[-74.96363,40.113369],[-74.963129,40.114978],[-74.96391,40.117653],[-74.964991,40.118635],[-74.968574,40.117251],[-74.970119,40.117201],[-74.973219,40.119891],[-74.97618,40.120209],[-74.978813,40.119603],[-74.981947,40.120245],[-74.982958,40.123353],[-74.985076,40.123874],[-74.98725,40.123302],[-74.988713,40.125685],[-74.99242,40.126194],[-74.993973,40.127045],[-74.992324,40.130879],[-74.993595,40.132266]]]},"properties":{"district":"018","name":"State House District 18"}},{"type":"Feature","geometry":{"type":"Polygon","coordinates":[[[-75.505607,41.232539],[-75.504664,41.235079],[-75.501035,41.236347],[-75.498804,41.240009],[-75.496057,41.242948],[-75.492959,41.243307],[-75.491205,41.241872],[-75.485059,41.242648],[-75.48408,41.244635],[-75.484477,41.245974],[-75.481401,41.247019],[-75.479378,41.246245],[-75.477122,41.246422],[-75.4767,41.245077],[-75.473855,41.244737],[-75.47213,41.243475],[-75.469177,41.244025],[-75.467498,41.247979],[-75.463021,41.246836],[-75.461085,41.247268],[-75.458785,41.251416],[-75.457682,41.251712],[-75.456685,41.253938],[-75.453879,41.254291],[-75.453507,41.252396],[-75.451316,41.252329],[-75.450367,41.253739],[-75.447678,41.253678],[-75.445234,41.254533],[-75.442964,41.257021],[-75.44108,41.257977],[-75.441421,41.260053],[-75.443337,41.299295],[-75.445902,41.343059],[-75.447001,41.363169],[-75.448179,41.387685],[-75.448811,41.403524],[-75.450032,41.42551],[-75.450763,41.442007],[-75.451211,41.446991],[-75.452328,41.470543],[-75.452267,41.476019],[-75.454101,41.501878],[-75.454638,41.505996],[-75.455011,41.516828],[-75.456427,41.534083],[-75.457297,41.546471],[-75.412816,41.549296],[-75.388768,41.551049],[-75.345008,41.539997],[-75.334902,41.537516],[-75.33624,41.558235],[-75.327981,41.558831],[-75.314116,41.559541],[-75.302094,41.56001],[-75.273821,41.561424],[-75.239868,41.532137],[-75.239004,41.531495],[-75.221384,41.516276],[-75.186888,41.531748],[-75.122048,41.534993],[-75.114859,41.543992],[-75.109827,41.551044],[-75.097465,41.566207],[-75.070591,41.600676],[-75.069559,41.601874],[-75.066955,41.599428],[-75.062718,41.593799],[-75.060012,41.590813],[-75.0573,41.589414],[-75.052934,41.587894],[-75.047246,41.583682],[-75.044915,41.579027],[-75.043904,41.574702],[-75.04049,41.569688],[-75.037792,41.567598],[-75.033188,41.565069],[-75.028435,41.564603],[-75.027343,41.563541],[-75.02238,41.556381],[-75.018804,41.552436],[-75.016128,41.546592],[-75.016466,41.543346],[-75.0179,41.5425],[-75.021664,41.541942],[-75.0247,41.540131],[-75.025024,41.537929],[-75.024638,41.535011],[-75.022699,41.533003],[-75.016797,41.532195],[-75.008017,41.527474],[-75.003212,41.523481],[-75.001297,41.52065],[-75.000956,41.517593],[-75.003715,41.511582],[-75.003682,41.508507],[-75.000733,41.507386],[-74.991951,41.509021],[-74.987491,41.508819],[-74.985443,41.507834],[-74.983639,41.505255],[-74.98227,41.498685],[-74.982816,41.495605],[-74.984805,41.491159],[-74.985629,41.486883],[-74.984856,41.483191],[-74.981804,41.479949],[-74.976513,41.479173],[-74.966984,41.477037],[-74.95823,41.476581],[-74.955375,41.477177],[-74.94808,41.480625],[-74.946041,41.483087],[-74.943415,41.483681],[-74.93526,41.482988],[-74.932765,41.482444],[-74.926835,41.478327],[-74.922835,41.476932],[-74.918485,41.477186],[-74.913035,41.476017],[-74.909543,41.473235],[-74.907964,41.467404],[-74.907939,41.463849],[-74.906553,41.460876],[-74.904039,41.459846],[-74.894768,41.458145],[-74.890308,41.455809],[-74.889098,41.45143],[-74.889936,41.450092],[-74.8934,41.447742],[-74.894855,41.446191],[-74.896358,41.442348],[-74.896427,41.440911],[-74.895128,41.439335],[-74.88901,41.438165],[-74.885718,41.438988],[-74.879388,41.439796],[-74.871408,41.441831],[-74.869618,41.442713],[-74.863142,41.444387],[-74.857653,41.444156],[-74.853909,41.443146],[-74.847431,41.43931],[-74.842997,41.435679],[-74.835857,41.431095],[-74.83277,41.430399],[-74.826858,41.431392],[-74.824877,41.433173],[-74.822584,41.437014],[-74.817995,41.440505],[-74.812488,41.442802],[-74.808242,41.44292],[-74.805158,41.441853],[-74.801403,41.43867],[-74.800253,41.436274],[-74.799986,41.432845],[-74.799256,41.430806],[-74.796227,41.425223],[-74.79423,41.422851],[-74.790848,41.42168],[-74.788286,41.421491],[-74.782713,41.422849],[-74.778817,41.424905],[-74.772707,41.426342],[-74.770502,41.42611],[-74.767875,41.42493],[-74.76156,41.423183],[-74.758587,41.423287],[-74.754471,41.424953],[-74.750936,41.427857],[-74.744776,41.430376],[-74.741456,41.431154],[-74.738732,41.430781],[-74.737203,41.429766],[-74.734808,41.425915],[-74.734863,41.421904],[-74.73767,41.415251],[-74.73896,41.413152],[-74.740441,41.41216],[-74.741735,41.408777],[-74.741219,41.405425],[-74.73601,41.39833],[-74.734571,41.397402],[-74.729028,41.395331],[-74.71948,41.394528],[-74.716358,41.39302],[-74.713316,41.389939],[-74.712308,41.38834],[-74.710969,41.383713],[-74.709252,41.380312],[-74.707306,41.378093],[-74.703013,41.375047],[-74.694104,41.370105],[-74.691379,41.367423],[-74.69003,41.365229],[-74.689754,41.361747],[-74.694961,41.35824],[-74.697746,41.355748],[-74.700097,41.354655],[-74.705384,41.353694],[-74.709531,41.352326],[-74.717622,41.348565],[-74.722204,41.347047],[-74.725951,41.346192],[-74.730941,41.345866],[-74.736204,41.346555],[-74.743804,41.346207],[-74.747813,41.346583],[-74.752398,41.346536],[-74.756092,41.34519],[-74.760821,41.33951],[-74.763485,41.331271],[-74.766639,41.328157],[-74.772657,41.324781],[-74.774451,41.324375],[-74.779775,41.324629],[-74.784139,41.324285],[-74.791584,41.323019],[-74.793216,41.322236],[-74.796069,41.319603],[-74.795952,41.31799],[-74.792281,41.313958],[-74.791922,41.31121],[-74.795046,41.309084],[-74.800226,41.306857],[-74.807428,41.302812],[-74.812033,41.298158],[-74.815606,41.296073],[-74.821211,41.294313],[-74.823507,41.292802],[-74.826161,41.290287],[-74.830347,41.287065],[-74.832123,41.283815],[-74.834924,41.280456],[-74.837787,41.278009],[-74.838762,41.276472],[-74.879691,41.279334],[-74.973195,41.285723],[-75.045649,41.289947],[-75.1157,41.293661],[-75.129721,41.252101],[-75.206798,41.247858],[-75.233598,41.246122],[-75.242086,41.24589],[-75.343726,41.240164],[-75.359027,41.239217],[-75.35995,41.238707],[-75.363697,41.239416],[-75.366585,41.238281],[-75.374627,41.237783],[-75.444917,41.234859],[-75.459058,41.234204],[-75.489955,41.233043],[-75.505607,41.232539]]]},"properties":{"district":"139","name":"State House District 139"}},{"type":"Feature","geometry":{"type":"Polygon","coordinates":[[[-80.074234,40.463127],[-80.072334,40.461374],[-80.068551,40.460787],[-80.063398,40.462816],[-80.060835,40.464184],[-80.058485,40.463447],[-80.051178,40.465599],[-80.050265,40.469281],[-80.047097,40.471687],[-80.047126,40.474031],[-80.048476,40.4773],[-80.051722,40.481287],[-80.053179,40.48217],[-80.0511,40.483782],[-80.04611,40.480436],[-80.043951,40.478524],[-80.04282,40.47967],[-80.036016,40.481279],[-80.035247,40.478849],[-80.036751,40.477053],[-80.03522,40.475246],[-80.03311,40.476276],[-80.02994,40.476994],[-80.025343,40.47552],[-80.022731,40.476661],[-80.019715,40.476589],[-80.017371,40.477294],[-80.017251,40.474133],[-80.01443,40.47477],[-80.015342,40.477224],[-80.012064,40.478162],[-80.011751,40.479718],[-80.013786,40.481963],[-80.012985,40.483208],[-80.015598,40.484986],[-80.016416,40.488018],[-80.018082,40.48914],[-80.015593,40.490765],[-80.010698,40.490547],[-80.012505,40.496706],[-80.012258,40.498879],[-80.008913,40.499142],[-80.009124,40.497541],[-80.005009,40.49715],[-80.003932,40.496285],[-80.003188,40.482376],[-80.001767,40.482428],[-80.001683,40.480082],[-79.996517,40.479186],[-79.995833,40.474536],[-79.997545,40.472982],[-80.00057,40.472894],[-80.000915,40.47148],[-79.999193,40.469547],[-79.996981,40.470244],[-79.994114,40.469667],[-79.990933,40.469728],[-79.99008,40.467196],[-79.992071,40.466039],[-80.001233,40.465678],[-80.000685,40.463727],[-80.001022,40.461643],[-80.000643,40.458432],[-79.998393,40.458797],[-79.996845,40.454211],[-79.997712,40.453415],[-80.001491,40.452691],[-80.00134,40.450776],[-79.99976,40.446679],[-79.996133,40.448182],[-79.994495,40.446482],[-79.992886,40.442938],[-79.988875,40.445539],[-79.982461,40.448128],[-79.979146,40.450402],[-79.977676,40.45021],[-79.976662,40.448936],[-79.9779,40.447341],[-79.97688,40.445965],[-79.979281,40.444876],[-79.97657,40.440916],[-79.97504,40.441149],[-79.970488,40.439706],[-79.967028,40.437641],[-79.966988,40.436048],[-79.964946,40.435853],[-79.963111,40.437109],[-79.961527,40.435836],[-79.956434,40.435963],[-79.956007,40.43479],[-79.95672,40.431608],[-79.953773,40.431785],[-79.953191,40.434383],[-79.949932,40.434325],[-79.950273,40.430875],[-79.949081,40.427711],[-79.953572,40.42567],[-79.951013,40.424608],[-79.947502,40.419829],[-79.944509,40.41689],[-79.942411,40.415762],[-79.940436,40.412443],[-79.936367,40.411851],[-79.932293,40.413711],[-79.929601,40.409656],[-79.925492,40.411443],[-79.921112,40.408298],[-79.924057,40.404487],[-79.929157,40.399256],[-79.932971,40.397317],[-79.937277,40.396645],[-79.94259,40.397328],[-79.9455,40.398462],[-79.949915,40.402401],[-79.951621,40.405367],[-79.952955,40.410659],[-79.952317,40.411237],[-79.954573,40.420769],[-79.955973,40.424569],[-79.960296,40.428635],[-79.973502,40.433877],[-79.975474,40.434369],[-79.981474,40.43346],[-79.982379,40.425463],[-79.987497,40.426007],[-79.988312,40.422875],[-79.988039,40.414434],[-79.989523,40.412223],[-79.991598,40.407682],[-79.992447,40.407379],[-79.996749,40.408165],[-79.997164,40.41558],[-79.998309,40.413612],[-80.001232,40.41369],[-80.001321,40.415885],[-80.003895,40.415843],[-80.003904,40.414058],[-80.005817,40.414039],[-80.005675,40.412283],[-80.00823,40.411637],[-80.011361,40.415068],[-80.011184,40.417952],[-80.00908,40.419608],[-80.004903,40.420781],[-80.004955,40.422441],[-80.00517,40.427016],[-80.002214,40.428554],[-80.005167,40.4302],[-80.001985,40.435067],[-80.0102,40.438628],[-80.014217,40.4407],[-80.016375,40.443195],[-80.023004,40.444529],[-80.028228,40.446664],[-80.033234,40.450623],[-80.036574,40.448431],[-80.037258,40.446229],[-80.04063,40.443973],[-80.040059,40.442101],[-80.046505,40.446829],[-80.044002,40.447758],[-80.045128,40.450411],[-80.042867,40.452373],[-80.047813,40.451435],[-80.050259,40.451975],[-80.055936,40.457759],[-80.058133,40.458308],[-80.058462,40.456756],[-80.05562,40.455022],[-80.056463,40.453432],[-80.058667,40.453222],[-80.060537,40.452021],[-80.065776,40.456942],[-80.072157,40.453276],[-80.07296,40.455596],[-80.073214,40.461251],[-80.074234,40.463127]]]},"properties":{"district":"019","name":"State House District 19"}},{"type":"Feature","geometry":{"type":"Polygon","coordinates":[[[-74.871055,40.192989],[-74.847017,40.195158],[-74.84764,40.200398],[-74.830118,40.201355],[-74.831127,40.204636],[-74.802764,40.207735],[-74.801592,40.209693],[-74.797929,40.211076],[-74.79336,40.213992],[-74.781943,40.221933],[-74.77401,40.217058],[-74.771404,40.215144],[-74.769678,40.212604],[-74.766989,40.206674],[-74.763436,40.202605],[-74.759505,40.196909],[-74.756905,40.189409],[-74.754305,40.185209],[-74.749505,40.182509],[-74.744105,40.181009],[-74.737205,40.177609],[-74.733804,40.174509],[-74.722325,40.160727],[-74.721519,40.158568],[-74.721576,40.15404],[-74.722048,40.150311],[-74.724369,40.146412],[-74.730863,40.142169],[-74.731691,40.141942],[-74.736143,40.138577],[-74.741184,40.135165],[-74.745797,40.134401],[-74.75313,40.135033],[-74.758028,40.134332],[-74.762323,40.132881],[-74.76909,40.129187],[-74.781555,40.121454],[-74.784842,40.120388],[-74.788287,40.120579],[-74.799421,40.122703],[-74.803821,40.124003],[-74.809448,40.126067],[-74.815625,40.127705],[-74.822396,40.13646],[-74.828752,40.145375],[-74.823159,40.14795],[-74.832876,40.161032],[-74.82652,40.166265],[-74.844486,40.173939],[-74.844549,40.175328],[-74.857814,40.166708],[-74.869787,40.165724],[-74.870101,40.164478],[-74.864538,40.160055],[-74.860969,40.15894],[-74.862069,40.156796],[-74.855432,40.154236],[-74.884714,40.134247],[-74.89802,40.164264],[-74.897453,40.167175],[-74.894646,40.169167],[-74.885424,40.176327],[-74.879263,40.17902],[-74.869811,40.180573],[-74.869379,40.183895],[-74.86941,40.192728],[-74.871055,40.192989]]]},"properties":{"district":"140","name":"State House District 140"}},{"type":"Feature","geometry":{"type":"Polygon","coordinates":[[[-80.003932,40.496285],[-80.005009,40.49715],[-80.009124,40.497541],[-80.008913,40.499142],[-80.012258,40.498879],[-80.012505,40.496706],[-80.010698,40.490547],[-80.015593,40.490765],[-80.018082,40.48914],[-80.016416,40.488018],[-80.015598,40.484986],[-80.012985,40.483208],[-80.013786,40.481963],[-80.011751,40.479718],[-80.012064,40.478162],[-80.015342,40.477224],[-80.01443,40.47477],[-80.017251,40.474133],[-80.017371,40.477294],[-80.019715,40.476589],[-80.022731,40.476661],[-80.025343,40.47552],[-80.02994,40.476994],[-80.03311,40.476276],[-80.03522,40.475246],[-80.036751,40.477053],[-80.035247,40.478849],[-80.036016,40.481279],[-80.04282,40.47967],[-80.043951,40.478524],[-80.04611,40.480436],[-80.0511,40.483782],[-80.053179,40.48217],[-80.061515,40.487486],[-80.066067,40.490799],[-80.068862,40.493697],[-80.075005,40.498395],[-80.074891,40.501676],[-80.07532,40.508782],[-80.068495,40.509],[-80.061592,40.505803],[-80.062621,40.518947],[-80.062637,40.521727],[-80.064723,40.552712],[-80.027467,40.553874],[-79.995046,40.554007],[-79.988921,40.553938],[-79.988223,40.535732],[-79.988252,40.524582],[-79.986983,40.514483],[-79.98647,40.503249],[-79.985646,40.501953],[-79.989709,40.500658],[-79.989625,40.497214],[-79.994255,40.497076],[-79.994142,40.494043],[-79.998588,40.495446],[-80.003932,40.496285]]]},"properties":{"district":"020","name":"State House District 20"}},{"type":"Feature","geometry":{"type":"Polygon","coordinates":[[[-74.909103,40.070505],[-74.908831,40.076999],[-74.90967,40.082679],[-74.910715,40.084509],[-74.913444,40.085804],[-74.914953,40.088604],[-74.913022,40.095097],[-74.912721,40.097023],[-74.910211,40.098855],[-74.90591,40.099907],[-74.90256,40.104031],[-74.902438,40.105774],[-74.904401,40.111187],[-74.904159,40.113479],[-74.905339,40.116094],[-74.904985,40.117713],[-74.902824,40.11958],[-74.901151,40.125339],[-74.901031,40.127096],[-74.89823,40.131158],[-74.898451,40.132235],[-74.887807,40.132134],[-74.884714,40.134247],[-74.855432,40.154236],[-74.862069,40.156796],[-74.860969,40.15894],[-74.864538,40.160055],[-74.870101,40.164478],[-74.869787,40.165724],[-74.857814,40.166708],[-74.844549,40.175328],[-74.844486,40.173939],[-74.82652,40.166265],[-74.832876,40.161032],[-74.823159,40.14795],[-74.828752,40.145375],[-74.822396,40.13646],[-74.815625,40.127705],[-74.819499,40.127614],[-74.822531,40.126844],[-74.826226,40.124066],[-74.828646,40.120497],[-74.833103,40.111972],[-74.834084,40.107184],[-74.835868,40.103466],[-74.838168,40.101055],[-74.842215,40.098502],[-74.849904,40.095606],[-74.853745,40.093926],[-74.857634,40.090215],[-74.859721,40.085311],[-74.861756,40.083462],[-74.865489,40.082133],[-74.872258,40.081163],[-74.877533,40.079957],[-74.885978,40.07697],[-74.90009,40.07296],[-74.904549,40.071536],[-74.909103,40.070505]]]},"properties":{"district":"141","name":"State House District 141"}},{"type":"Feature","geometry":{"type":"Polygon","coordinates":[[[-79.977676,40.45021],[-79.979146,40.450402],[-79.982461,40.448128],[-79.988875,40.445539],[-79.992886,40.442938],[-79.994495,40.446482],[-79.996133,40.448182],[-79.99976,40.446679],[-80.00134,40.450776],[-80.001491,40.452691],[-79.997712,40.453415],[-79.996845,40.454211],[-79.998393,40.458797],[-80.000643,40.458432],[-80.001022,40.461643],[-80.000685,40.463727],[-80.001233,40.465678],[-79.992071,40.466039],[-79.99008,40.467196],[-79.990933,40.469728],[-79.994114,40.469667],[-79.996981,40.470244],[-79.999193,40.469547],[-80.000915,40.47148],[-80.00057,40.472894],[-79.997545,40.472982],[-79.995833,40.474536],[-79.996517,40.479186],[-80.001683,40.480082],[-80.001767,40.482428],[-80.003188,40.482376],[-80.003932,40.496285],[-79.998588,40.495446],[-79.994142,40.494043],[-79.994255,40.497076],[-79.989625,40.497214],[-79.989709,40.500658],[-79.985646,40.501953],[-79.98647,40.503249],[-79.986983,40.514483],[-79.988252,40.524582],[-79.988223,40.535732],[-79.988921,40.553938],[-79.982685,40.553955],[-79.982712,40.555142],[-79.979023,40.555067],[-79.979285,40.553796],[-79.958231,40.554264],[-79.950217,40.554543],[-79.949646,40.553917],[-79.93868,40.554047],[-79.938226,40.543677],[-79.936625,40.512225],[-79.936068,40.497203],[-79.940458,40.496389],[-79.93944,40.494625],[-79.938355,40.490983],[-79.93218,40.491689],[-79.927922,40.491538],[-79.923567,40.490717],[-79.924791,40.48761],[-79.928649,40.484348],[-79.930721,40.479536],[-79.940601,40.482014],[-79.942697,40.481528],[-79.946262,40.478594],[-79.946254,40.477696],[-79.940681,40.473728],[-79.939082,40.473081],[-79.944792,40.471445],[-79.946955,40.469387],[-79.946116,40.466964],[-79.948068,40.465698],[-79.949861,40.462183],[-79.952782,40.463611],[-79.954572,40.462807],[-79.956933,40.460727],[-79.95766,40.458695],[-79.96042,40.45698],[-79.964292,40.455955],[-79.97281,40.452288],[-79.973946,40.452705],[-79.977676,40.45021]]]},"properties":{"district":"021","name":"State House District 21"}},{"type":"Feature","geometry":{"type":"Polygon","coordinates":[[[-74.898451,40.132235],[-74.898158,40.133431],[-74.900376,40.140641],[-74.907561,40.146631],[-74.90919,40.145481],[-74.912981,40.149036],[-74.918076,40.145724],[-74.924361,40.150989],[-74.92753,40.152613],[-74.931345,40.153516],[-74.93428,40.153338],[-74.938275,40.150772],[-74.943384,40.148072],[-74.950959,40.145778],[-74.957416,40.145826],[-74.95749,40.148001],[-74.963018,40.151068],[-74.970904,40.155786],[-74.981491,40.144805],[-74.985373,40.140507],[-74.993595,40.132266],[-74.997885,40.127816],[-75.00853,40.133992],[-75.015066,40.137992],[-75.029301,40.146509],[-75.021417,40.154091],[-75.008999,40.166612],[-74.998745,40.171453],[-74.983829,40.163231],[-74.976116,40.167395],[-74.968045,40.173824],[-74.969871,40.178705],[-74.97126,40.184111],[-74.971777,40.188319],[-74.957935,40.201693],[-74.967989,40.198656],[-74.96754,40.202278],[-74.972183,40.202869],[-74.972645,40.207488],[-74.951601,40.208341],[-74.947785,40.211682],[-74.94441,40.211453],[-74.94331,40.214175],[-74.929343,40.217636],[-74.927538,40.218243],[-74.915537,40.221186],[-74.909683,40.222016],[-74.902454,40.22134],[-74.887551,40.224735],[-74.876712,40.200011],[-74.874369,40.200536],[-74.871055,40.192989],[-74.86941,40.192728],[-74.869379,40.183895],[-74.869811,40.180573],[-74.879263,40.17902],[-74.885424,40.176327],[-74.894646,40.169167],[-74.897453,40.167175],[-74.89802,40.164264],[-74.884714,40.134247],[-74.887807,40.132134],[-74.898451,40.132235]]]},"properties":{"district":"142","name":"State House District 142"}},{"type":"Feature","geometry":{"type":"Polygon","coordinates":[[[-75.083913,40.553395],[-75.078348,40.548138],[-75.075138,40.545579],[-75.07063,40.5436],[-75.0681,40.541488],[-75.067056,40.538443],[-75.06509,40.526278],[-75.065688,40.522106],[-75.064879,40.510064],[-75.064842,40.503503],[-75.0633,40.499728],[-75.062576,40.494074],[-75.062859,40.484446],[-75.062761,40.480026],[-75.064795,40.476475],[-75.067715,40.473669],[-75.068016,40.471378],[-75.067016,40.465308],[-75.068589,40.461336],[-75.070419,40.458407],[-75.070608,40.456196],[-75.068725,40.4515],[-75.066515,40.447176],[-75.065575,40.441839],[-75.064165,40.438156],[-75.06438,40.436396],[-75.063093,40.433308],[-75.062202,40.429423],[-75.062125,40.425324],[-75.060917,40.421737],[-75.057619,40.417336],[-75.0525,40.415329],[-75.045526,40.413679],[-75.041216,40.410451],[-75.05837,40.397127],[-75.056513,40.395083],[-75.063922,40.387628],[-75.067558,40.389993],[-75.08057,40.3783],[-75.083984,40.380342],[-75.09907,40.36645],[-75.097341,40.365593],[-75.113485,40.349589],[-75.112712,40.34884],[-75.125155,40.336552],[-75.131929,40.329665],[-75.151084,40.341221],[-75.168725,40.323572],[-75.172473,40.320627],[-75.173206,40.319351],[-75.177975,40.316263],[-75.183938,40.31415],[-75.192935,40.31004],[-75.187271,40.305244],[-75.196137,40.297024],[-75.200846,40.292269],[-75.208704,40.296932],[-75.207838,40.30034],[-75.211417,40.302415],[-75.214672,40.300881],[-75.218101,40.302961],[-75.220469,40.301783],[-75.218695,40.299094],[-75.220322,40.297346],[-75.219035,40.296359],[-75.223099,40.29484],[-75.225817,40.292176],[-75.220299,40.288837],[-75.218303,40.286486],[-75.223436,40.281604],[-75.221916,40.2807],[-75.219965,40.282593],[-75.214246,40.279545],[-75.228425,40.265816],[-75.25354,40.280334],[-75.266809,40.288335],[-75.294304,40.304359],[-75.302606,40.309595],[-75.317177,40.318489],[-75.315693,40.320072],[-75.322788,40.324419],[-75.318274,40.328018],[-75.317427,40.329834],[-75.294926,40.352478],[-75.297686,40.354079],[-75.299872,40.352706],[-75.29739,40.351175],[-75.299743,40.349914],[-75.30081,40.350748],[-75.303395,40.349474],[-75.306279,40.349746],[-75.309046,40.351586],[-75.315051,40.357149],[-75.321238,40.360923],[-75.322318,40.363073],[-75.315937,40.369752],[-75.309709,40.370117],[-75.311732,40.371708],[-75.311387,40.375323],[-75.30729,40.377788],[-75.283051,40.388932],[-75.274674,40.383744],[-75.282964,40.379113],[-75.278877,40.376397],[-75.28273,40.372806],[-75.275327,40.368202],[-75.244701,40.397905],[-75.247142,40.401542],[-75.24762,40.40332],[-75.250162,40.407122],[-75.251661,40.411739],[-75.252357,40.41559],[-75.253662,40.419353],[-75.255617,40.429118],[-75.253787,40.430415],[-75.255102,40.432656],[-75.254045,40.434989],[-75.24921,40.436559],[-75.247375,40.438479],[-75.240803,40.441711],[-75.240463,40.444459],[-75.238079,40.449831],[-75.233412,40.450975],[-75.232851,40.451903],[-75.234207,40.454546],[-75.232941,40.456332],[-75.230316,40.45862],[-75.230576,40.459895],[-75.229141,40.462801],[-75.226578,40.464358],[-75.21875,40.464564],[-75.218399,40.467936],[-75.216248,40.469836],[-75.212387,40.470301],[-75.207275,40.468745],[-75.201507,40.469096],[-75.199965,40.471621],[-75.195464,40.471331],[-75.193725,40.473124],[-75.193999,40.475253],[-75.19197,40.475153],[-75.189452,40.474024],[-75.187507,40.470104],[-75.186619,40.469441],[-75.182196,40.469075],[-75.177953,40.466665],[-75.16567,40.478337],[-75.166123,40.479173],[-75.15742,40.487871],[-75.150198,40.492535],[-75.143978,40.498446],[-75.140292,40.502251],[-75.11005,40.529917],[-75.083913,40.553395]]]},"properties":{"district":"143","name":"State House District 143"}},{"type":"Feature","geometry":{"type":"Polygon","coordinates":[[[-75.490692,40.603343],[-75.484383,40.605076],[-75.489295,40.615425],[-75.488538,40.615311],[-75.487104,40.61216],[-75.476627,40.61807],[-75.478516,40.619624],[-75.479729,40.622096],[-75.477028,40.623008],[-75.476171,40.619729],[-75.472618,40.619309],[-75.463805,40.619086],[-75.46728,40.62236],[-75.459468,40.623984],[-75.462601,40.62847],[-75.423658,40.635917],[-75.422054,40.634333],[-75.421063,40.627567],[-75.419638,40.616097],[-75.417336,40.616835],[-75.4134,40.616877],[-75.409382,40.61524],[-75.407307,40.612276],[-75.40413,40.61237],[-75.395323,40.613525],[-75.395959,40.61035],[-75.39739,40.606651],[-75.401169,40.603852],[-75.406378,40.603522],[-75.403686,40.598885],[-75.405443,40.598287],[-75.405321,40.596109],[-75.403126,40.595942],[-75.39429,40.593018],[-75.404412,40.581154],[-75.409132,40.579222],[-75.414137,40.575609],[-75.417273,40.573932],[-75.426545,40.570286],[-75.427894,40.569423],[-75.435196,40.566624],[-75.448651,40.562109],[-75.450353,40.57027],[-75.448114,40.571788],[-75.445859,40.571342],[-75.446371,40.577143],[-75.447817,40.581577],[-75.449535,40.581739],[-75.450176,40.586146],[-75.443435,40.586605],[-75.443594,40.588184],[-75.437819,40.588608],[-75.438268,40.591978],[-75.436107,40.592512],[-75.436662,40.596488],[-75.44032,40.595771],[-75.441822,40.599914],[-75.450109,40.597079],[-75.454633,40.598786],[-75.456617,40.60048],[-75.460224,40.600483],[-75.463163,40.602635],[-75.46447,40.604235],[-75.481739,40.599473],[-75.483086,40.602284],[-75.48936,40.600549],[-75.490692,40.603343]]]},"properties":{"district":"022","name":"State House District 22"}},{"type":"Feature","geometry":{"type":"Polygon","coordinates":[[[-79.921112,40.408298],[-79.925492,40.411443],[-79.929601,40.409656],[-79.932293,40.413711],[-79.936367,40.411851],[-79.940436,40.412443],[-79.942411,40.415762],[-79.944509,40.41689],[-79.947502,40.419829],[-79.951013,40.424608],[-79.953572,40.42567],[-79.949081,40.427711],[-79.950273,40.430875],[-79.949932,40.434325],[-79.953191,40.434383],[-79.953773,40.431785],[-79.95672,40.431608],[-79.956007,40.43479],[-79.956434,40.435963],[-79.961527,40.435836],[-79.963111,40.437109],[-79.959432,40.43978],[-79.960275,40.44046],[-79.952421,40.446115],[-79.955526,40.449089],[-79.954904,40.450976],[-79.943082,40.454566],[-79.940259,40.453559],[-79.937324,40.453772],[-79.936232,40.451881],[-79.929271,40.454232],[-79.925341,40.454161],[-79.922546,40.455862],[-79.920712,40.452894],[-79.912424,40.454037],[-79.908192,40.451487],[-79.91165,40.446696],[-79.913083,40.438028],[-79.905715,40.438064],[-79.9014,40.439459],[-79.897642,40.439661],[-79.896427,40.436867],[-79.895142,40.437192],[-79.897111,40.427609],[-79.892878,40.428265],[-79.891006,40.427197],[-79.894194,40.425554],[-79.897491,40.425932],[-79.899623,40.41545],[-79.901512,40.415879],[-79.905972,40.415707],[-79.910954,40.415002],[-79.915403,40.413226],[-79.921112,40.408298]]]},"properties":{"district":"023","name":"State House District 23"}},{"type":"Feature","geometry":{"type":"Polygon","coordinates":[[[-75.228425,40.265816],[-75.214246,40.279545],[-75.211121,40.277521],[-75.20532,40.282405],[-75.198704,40.2853],[-75.198359,40.283799],[-75.199769,40.282327],[-75.194717,40.278753],[-75.193643,40.279832],[-75.190098,40.281124],[-75.192781,40.283997],[-75.190883,40.285443],[-75.19292,40.28828],[-75.191057,40.290136],[-75.181483,40.292357],[-75.177815,40.295868],[-75.174285,40.293652],[-75.185457,40.283129],[-75.17111,40.274511],[-75.152016,40.262868],[-75.143495,40.271404],[-75.130873,40.264306],[-75.125785,40.261223],[-75.119091,40.26731],[-75.116154,40.265533],[-75.112133,40.262702],[-75.117162,40.25788],[-75.112466,40.255026],[-75.122519,40.244918],[-75.118287,40.24214],[-75.100166,40.231307],[-75.083896,40.221924],[-75.073267,40.215543],[-75.043802,40.198087],[-75.071198,40.171032],[-75.08548,40.179699],[-75.106878,40.192279],[-75.126276,40.203811],[-75.152756,40.220028],[-75.159776,40.224133],[-75.170278,40.230597],[-75.19768,40.247648],[-75.228425,40.265816]]]},"properties":{"district":"144","name":"State House District 144"}},{"type":"Feature","geometry":{"type":"Polygon","coordinates":[[[-79.963111,40.437109],[-79.964946,40.435853],[-79.966988,40.436048],[-79.967028,40.437641],[-79.970488,40.439706],[-79.97504,40.441149],[-79.97657,40.440916],[-79.979281,40.444876],[-79.97688,40.445965],[-79.9779,40.447341],[-79.976662,40.448936],[-79.977676,40.45021],[-79.973946,40.452705],[-79.97281,40.452288],[-79.964292,40.455955],[-79.96042,40.45698],[-79.95766,40.458695],[-79.956933,40.460727],[-79.954572,40.462807],[-79.952782,40.463611],[-79.949861,40.462183],[-79.948068,40.465698],[-79.946116,40.466964],[-79.946955,40.469387],[-79.944792,40.471445],[-79.939082,40.473081],[-79.940681,40.473728],[-79.946254,40.477696],[-79.946262,40.478594],[-79.942697,40.481528],[-79.940601,40.482014],[-79.930721,40.479536],[-79.928649,40.484348],[-79.924791,40.48761],[-79.923567,40.490717],[-79.921036,40.490036],[-79.907511,40.487237],[-79.901404,40.48579],[-79.901626,40.488985],[-79.897604,40.487879],[-79.896912,40.492614],[-79.884604,40.490922],[-79.884556,40.486774],[-79.888175,40.48644],[-79.888213,40.483682],[-79.883807,40.483212],[-79.884665,40.479312],[-79.886561,40.478184],[-79.889992,40.461829],[-79.879314,40.459112],[-79.874504,40.459263],[-79.871695,40.460565],[-79.872355,40.457361],[-79.868278,40.456351],[-79.865843,40.455745],[-79.86714,40.449392],[-79.872685,40.449367],[-79.878312,40.449922],[-79.884029,40.448918],[-79.885314,40.452882],[-79.889572,40.453323],[-79.892629,40.45453],[-79.897024,40.455526],[-79.89666,40.456464],[-79.9013,40.458015],[-79.903128,40.454524],[-79.909547,40.456691],[-79.912424,40.454037],[-79.920712,40.452894],[-79.922546,40.455862],[-79.925341,40.454161],[-79.929271,40.454232],[-79.936232,40.451881],[-79.937324,40.453772],[-79.940259,40.453559],[-79.943082,40.454566],[-79.954904,40.450976],[-79.955526,40.449089],[-79.952421,40.446115],[-79.960275,40.44046],[-79.959432,40.43978],[-79.963111,40.437109]]]},"properties":{"district":"024","name":"State House District 24"}},{"type":"Feature","geometry":{"type":"Polygon","coordinates":[[[-75.083913,40.553395],[-75.11005,40.529917],[-75.140292,40.502251],[-75.143978,40.498446],[-75.150198,40.492535],[-75.15742,40.487871],[-75.166123,40.479173],[-75.16567,40.478337],[-75.177953,40.466665],[-75.182196,40.469075],[-75.186619,40.469441],[-75.187507,40.470104],[-75.189452,40.474024],[-75.19197,40.475153],[-75.193999,40.475253],[-75.193725,40.473124],[-75.195464,40.471331],[-75.199965,40.471621],[-75.201507,40.469096],[-75.207275,40.468745],[-75.212387,40.470301],[-75.216248,40.469836],[-75.218399,40.467936],[-75.21875,40.464564],[-75.226578,40.464358],[-75.229141,40.462801],[-75.230576,40.459895],[-75.230316,40.45862],[-75.232941,40.456332],[-75.234207,40.454546],[-75.232851,40.451903],[-75.233412,40.450975],[-75.238079,40.449831],[-75.240463,40.444459],[-75.240803,40.441711],[-75.247375,40.438479],[-75.24921,40.436559],[-75.254045,40.434989],[-75.255102,40.432656],[-75.253787,40.430415],[-75.255617,40.429118],[-75.253662,40.419353],[-75.252357,40.41559],[-75.251661,40.411739],[-75.250162,40.407122],[-75.24762,40.40332],[-75.247142,40.401542],[-75.244701,40.397905],[-75.275327,40.368202],[-75.28273,40.372806],[-75.278877,40.376397],[-75.282964,40.379113],[-75.274674,40.383744],[-75.283051,40.388932],[-75.30729,40.377788],[-75.311387,40.375323],[-75.311732,40.371708],[-75.309709,40.370117],[-75.315937,40.369752],[-75.322318,40.363073],[-75.321238,40.360923],[-75.315051,40.357149],[-75.309046,40.351586],[-75.306279,40.349746],[-75.303395,40.349474],[-75.30081,40.350748],[-75.299743,40.349914],[-75.29739,40.351175],[-75.299872,40.352706],[-75.297686,40.354079],[-75.294926,40.352478],[-75.317427,40.329834],[-75.318274,40.328018],[-75.322788,40.324419],[-75.315693,40.320072],[-75.317177,40.318489],[-75.32534,40.323425],[-75.335762,40.329472],[-75.353219,40.340182],[-75.36345,40.346264],[-75.382322,40.357646],[-75.390053,40.362202],[-75.400314,40.368492],[-75.413589,40.376335],[-75.422234,40.381691],[-75.425667,40.38443],[-75.432762,40.388512],[-75.445407,40.396065],[-75.47653,40.414181],[-75.484057,40.418451],[-75.460753,40.440085],[-75.447909,40.452356],[-75.409733,40.487984],[-75.393336,40.498323],[-75.390771,40.500113],[-75.36661,40.515424],[-75.345447,40.529603],[-75.338633,40.534068],[-75.333514,40.537057],[-75.333048,40.536767],[-75.316782,40.54717],[-75.308745,40.552611],[-75.299017,40.558601],[-75.293528,40.561978],[-75.266366,40.57758],[-75.258151,40.582009],[-75.246728,40.586844],[-75.236848,40.590748],[-75.228669,40.594469],[-75.216475,40.599782],[-75.196803,40.60858],[-75.195923,40.606788],[-75.192291,40.602676],[-75.192228,40.599731],[-75.191076,40.594309],[-75.1896,40.591776],[-75.189692,40.587671],[-75.19415,40.582843],[-75.195496,40.578627],[-75.194105,40.576079],[-75.18827,40.570547],[-75.184907,40.568308],[-75.181251,40.566715],[-75.172877,40.564423],[-75.169923,40.564146],[-75.162314,40.564193],[-75.157852,40.565424],[-75.148757,40.571819],[-75.144932,40.573869],[-75.140172,40.57537],[-75.134995,40.575662],[-75.128111,40.574489],[-75.11916,40.573595],[-75.115536,40.57286],[-75.110716,40.571002],[-75.103226,40.568728],[-75.099827,40.567398],[-75.095834,40.564481],[-75.09133,40.559848],[-75.083913,40.553395]]]},"properties":{"district":"145","name":"State House District 145"}},{"type":"Feature","geometry":{"type":"Polygon","coordinates":[[[-79.853443,40.388406],[-79.852031,40.390205],[-79.851697,40.394513],[-79.846231,40.393555],[-79.839986,40.391124],[-79.837107,40.390888],[-79.835554,40.394313],[-79.8301,40.398347],[-79.830103,40.399337],[-79.833585,40.400376],[-79.833352,40.408839],[-79.831202,40.410672],[-79.827477,40.410062],[-79.826642,40.413878],[-79.824507,40.414747],[-79.823218,40.416208],[-79.818164,40.417647],[-79.816057,40.41981],[-79.811432,40.422743],[-79.809341,40.423634],[-79.807582,40.425324],[-79.803552,40.426832],[-79.802765,40.427898],[-79.802086,40.432012],[-79.803587,40.43296],[-79.804468,40.43493],[-79.802935,40.436672],[-79.802667,40.43858],[-79.800119,40.441145],[-79.797921,40.44188],[-79.79627,40.446527],[-79.796972,40.447665],[-79.79628,40.450107],[-79.792878,40.451566],[-79.787204,40.453137],[-79.782154,40.456904],[-79.779289,40.460914],[-79.773078,40.459712],[-79.769403,40.460865],[-79.768098,40.462016],[-79.762074,40.461814],[-79.760162,40.461404],[-79.766927,40.475384],[-79.770408,40.481376],[-79.771926,40.483165],[-79.778236,40.48669],[-79.781105,40.489992],[-79.778255,40.489353],[-79.772293,40.490386],[-79.755333,40.49485],[-79.753674,40.496533],[-79.751638,40.496472],[-79.749228,40.494647],[-79.745534,40.493617],[-79.741611,40.490717],[-79.738118,40.485956],[-79.73765,40.483016],[-79.737991,40.4801],[-79.736034,40.477845],[-79.733627,40.478799],[-79.727192,40.479814],[-79.724814,40.481905],[-79.716075,40.483866],[-79.712208,40.487585],[-79.709263,40.489178],[-79.702142,40.489523],[-79.702485,40.477326],[-79.703042,40.464505],[-79.703393,40.451461],[-79.703718,40.449197],[-79.703992,40.441348],[-79.704377,40.436578],[-79.704783,40.426324],[-79.706978,40.424016],[-79.706939,40.422319],[-79.711833,40.419684],[-79.712545,40.418647],[-79.716028,40.417413],[-79.716157,40.415728],[-79.717489,40.413671],[-79.720423,40.413982],[-79.722338,40.414919],[-79.726826,40.414473],[-79.727655,40.412987],[-79.722593,40.40995],[-79.722187,40.409077],[-79.727253,40.4082],[-79.729838,40.408808],[-79.73142,40.407603],[-79.732278,40.405228],[-79.732523,40.399599],[-79.734895,40.397852],[-79.735723,40.399405],[-79.738177,40.398544],[-79.738264,40.395793],[-79.739995,40.395499],[-79.741905,40.396893],[-79.744634,40.396163],[-79.748024,40.390757],[-79.750316,40.391396],[-79.750979,40.388538],[-79.753776,40.388538],[-79.757269,40.390549],[-79.758609,40.392064],[-79.762068,40.392768],[-79.764638,40.390317],[-79.764895,40.388933],[-79.763604,40.385582],[-79.76561,40.384471],[-79.767296,40.382129],[-79.771082,40.375419],[-79.774412,40.359673],[-79.801629,40.360292],[-79.812612,40.360997],[-79.813463,40.360681],[-79.821907,40.361098],[-79.82918,40.361184],[-79.833204,40.362674],[-79.834186,40.361458],[-79.836374,40.364988],[-79.837189,40.371649],[-79.839148,40.375883],[-79.841155,40.378408],[-79.843939,40.38091],[-79.849793,40.38516],[-79.853443,40.388406]]]},"properties":{"district":"025","name":"State House District 25"}},{"type":"Feature","geometry":{"type":"Polygon","coordinates":[[[-75.696782,40.241863],[-75.695949,40.242365],[-75.688507,40.251868],[-75.678955,40.263778],[-75.671338,40.273052],[-75.66453,40.281097],[-75.653447,40.275506],[-75.651537,40.27334],[-75.64858,40.271782],[-75.650159,40.267375],[-75.650807,40.263373],[-75.640183,40.260562],[-75.63446,40.267522],[-75.629015,40.264196],[-75.621521,40.27143],[-75.615332,40.272887],[-75.613081,40.275944],[-75.610858,40.277022],[-75.608387,40.27601],[-75.604958,40.279368],[-75.603094,40.282296],[-75.599854,40.281016],[-75.589403,40.275169],[-75.574888,40.266782],[-75.569216,40.263191],[-75.567848,40.262707],[-75.559434,40.257848],[-75.535695,40.280511],[-75.515996,40.269568],[-75.479682,40.249596],[-75.470617,40.244559],[-75.476838,40.238066],[-75.490078,40.224544],[-75.495877,40.218642],[-75.505012,40.209674],[-75.513486,40.201078],[-75.530607,40.184071],[-75.539581,40.174966],[-75.540986,40.175951],[-75.545364,40.182592],[-75.549381,40.190037],[-75.550333,40.193429],[-75.553391,40.200354],[-75.557148,40.207213],[-75.558474,40.208555],[-75.561125,40.209815],[-75.563995,40.209345],[-75.564906,40.206185],[-75.562537,40.202066],[-75.562235,40.200562],[-75.562878,40.197361],[-75.567015,40.19428],[-75.570352,40.194117],[-75.573338,40.195303],[-75.577189,40.198357],[-75.579735,40.201821],[-75.581098,40.206404],[-75.582064,40.207908],[-75.587757,40.214449],[-75.590228,40.219697],[-75.594747,40.230373],[-75.595799,40.235172],[-75.596674,40.236575],[-75.601356,40.23805],[-75.604235,40.237864],[-75.607407,40.235605],[-75.607468,40.232773],[-75.603703,40.229549],[-75.603173,40.227006],[-75.604331,40.225581],[-75.607416,40.22397],[-75.612373,40.222997],[-75.616278,40.224911],[-75.618935,40.22944],[-75.6209,40.230699],[-75.625998,40.231986],[-75.634496,40.235746],[-75.640254,40.237054],[-75.645344,40.239579],[-75.651074,40.242077],[-75.655532,40.241199],[-75.657595,40.241393],[-75.664036,40.2449],[-75.667161,40.245124],[-75.671199,40.244576],[-75.67667,40.242293],[-75.683126,40.237944],[-75.685578,40.236575],[-75.688526,40.236193],[-75.690554,40.236633],[-75.692511,40.238942],[-75.696782,40.241863]]]},"properties":{"district":"146","name":"State House District 146"}},{"type":"Feature","geometry":{"type":"Polygon","coordinates":[[[-75.696782,40.241863],[-75.692511,40.238942],[-75.690554,40.236633],[-75.688526,40.236193],[-75.685578,40.236575],[-75.683126,40.237944],[-75.67667,40.242293],[-75.671199,40.244576],[-75.667161,40.245124],[-75.664036,40.2449],[-75.657595,40.241393],[-75.655532,40.241199],[-75.651074,40.242077],[-75.645344,40.239579],[-75.640254,40.237054],[-75.634496,40.235746],[-75.625998,40.231986],[-75.6209,40.230699],[-75.618935,40.22944],[-75.616278,40.224911],[-75.612373,40.222997],[-75.607416,40.22397],[-75.604331,40.225581],[-75.603173,40.227006],[-75.603703,40.229549],[-75.607468,40.232773],[-75.607407,40.235605],[-75.604235,40.237864],[-75.601356,40.23805],[-75.596674,40.236575],[-75.595799,40.235172],[-75.594747,40.230373],[-75.590228,40.219697],[-75.587757,40.214449],[-75.582064,40.207908],[-75.581098,40.206404],[-75.579735,40.201821],[-75.577189,40.198357],[-75.573338,40.195303],[-75.570352,40.194117],[-75.567015,40.19428],[-75.562878,40.197361],[-75.562235,40.200562],[-75.562537,40.202066],[-75.564906,40.206185],[-75.563995,40.209345],[-75.561125,40.209815],[-75.558474,40.208555],[-75.557148,40.207213],[-75.553391,40.200354],[-75.550333,40.193429],[-75.549381,40.190037],[-75.545364,40.182592],[-75.540986,40.175951],[-75.539581,40.174966],[-75.534425,40.172363],[-75.530753,40.170029],[-75.528941,40.168396],[-75.527114,40.162347],[-75.526615,40.158562],[-75.527776,40.153107],[-75.527181,40.150017],[-75.525945,40.148611],[-75.522174,40.147085],[-75.520447,40.147244],[-75.518519,40.148502],[-75.515669,40.154863],[-75.513214,40.158296],[-75.508966,40.160091],[-75.505545,40.1601],[-75.502718,40.159196],[-75.501076,40.157436],[-75.500656,40.155619],[-75.501429,40.153619],[-75.503301,40.151095],[-75.508653,40.146531],[-75.510753,40.141722],[-75.510388,40.138295],[-75.507245,40.134043],[-75.505624,40.132634],[-75.499728,40.129585],[-75.503212,40.126373],[-75.512903,40.116694],[-75.517007,40.119061],[-75.518542,40.117524],[-75.526394,40.121413],[-75.52939,40.121936],[-75.531097,40.120295],[-75.535969,40.123408],[-75.537642,40.122882],[-75.547244,40.128567],[-75.553956,40.121792],[-75.564764,40.110902],[-75.581244,40.094002],[-75.588009,40.09806],[-75.597137,40.102927],[-75.606336,40.108208],[-75.577188,40.137863],[-75.580789,40.137872],[-75.584507,40.139677],[-75.586502,40.142379],[-75.590549,40.142589],[-75.592982,40.143258],[-75.595333,40.147327],[-75.594523,40.151126],[-75.59696,40.151618],[-75.59972,40.152893],[-75.603638,40.150727],[-75.605679,40.14732],[-75.608354,40.145106],[-75.610309,40.144756],[-75.612939,40.143226],[-75.614994,40.142946],[-75.618617,40.144779],[-75.620801,40.148646],[-75.620035,40.150575],[-75.620927,40.152244],[-75.622789,40.151199],[-75.626276,40.150849],[-75.628794,40.151184],[-75.632003,40.153889],[-75.63343,40.153315],[-75.642126,40.155746],[-75.646597,40.15504],[-75.649814,40.155512],[-75.650928,40.157785],[-75.652834,40.158369],[-75.656688,40.155759],[-75.658713,40.156315],[-75.659867,40.154246],[-75.659723,40.151936],[-75.666217,40.149299],[-75.667657,40.150736],[-75.674178,40.150449],[-75.690828,40.134223],[-75.700476,40.124021],[-75.709451,40.115304],[-75.715114,40.118845],[-75.71969,40.108214],[-75.723329,40.106311],[-75.730238,40.106053],[-75.733082,40.103331],[-75.733895,40.099757],[-75.735127,40.098716],[-75.738224,40.098646],[-75.750145,40.100019],[-75.750586,40.102351],[-75.753471,40.104433],[-75.756237,40.108868],[-75.757488,40.110029],[-75.759005,40.113545],[-75.761956,40.116335],[-75.764112,40.11907],[-75.765375,40.124248],[-75.77779,40.123446],[-75.780278,40.120657],[-75.779516,40.115851],[-75.833631,40.073342],[-75.836402,40.080336],[-75.839186,40.082119],[-75.839457,40.083734],[-75.8387,40.086139],[-75.843048,40.09585],[-75.846646,40.10014],[-75.848594,40.101068],[-75.850453,40.106274],[-75.849757,40.11069],[-75.85064,40.113677],[-75.85047,40.121235],[-75.849309,40.122892],[-75.860428,40.129763],[-75.860017,40.131192],[-75.854045,40.140879],[-75.853966,40.144776],[-75.854548,40.149297],[-75.846516,40.153798],[-75.82098,40.169716],[-75.784442,40.191822],[-75.743178,40.216721],[-75.729863,40.224489],[-75.696782,40.241863]],[[-75.546026,40.129636],[-75.538689,40.130579],[-75.536879,40.129031],[-75.536477,40.131781],[-75.537749,40.133225],[-75.541716,40.134444],[-75.546026,40.129636]]]},"properties":{"district":"026","name":"State House District 26"}},{"type":"Feature","geometry":{"type":"Polygon","coordinates":[[[-75.479682,40.249596],[-75.515996,40.269568],[-75.535695,40.280511],[-75.559434,40.257848],[-75.567848,40.262707],[-75.569216,40.263191],[-75.574888,40.266782],[-75.589403,40.275169],[-75.599854,40.281016],[-75.603094,40.282296],[-75.604958,40.279368],[-75.608387,40.27601],[-75.610858,40.277022],[-75.613081,40.275944],[-75.615332,40.272887],[-75.621521,40.27143],[-75.629015,40.264196],[-75.63446,40.267522],[-75.640183,40.260562],[-75.650807,40.263373],[-75.650159,40.267375],[-75.64858,40.271782],[-75.651537,40.27334],[-75.653447,40.275506],[-75.66453,40.281097],[-75.660515,40.286217],[-75.638828,40.312772],[-75.624893,40.329773],[-75.623177,40.33213],[-75.600288,40.360165],[-75.587837,40.375054],[-75.571425,40.395342],[-75.569274,40.397892],[-75.550687,40.388957],[-75.535982,40.381736],[-75.545902,40.370733],[-75.514775,40.354034],[-75.511708,40.352279],[-75.496842,40.344359],[-75.490467,40.350785],[-75.488209,40.348862],[-75.487461,40.347313],[-75.488743,40.342789],[-75.485935,40.341935],[-75.48383,40.342133],[-75.479206,40.341477],[-75.476737,40.339966],[-75.474318,40.339399],[-75.476634,40.33706],[-75.479436,40.337224],[-75.481644,40.336316],[-75.482016,40.334407],[-75.480537,40.330413],[-75.478153,40.32642],[-75.478466,40.325334],[-75.481519,40.324049],[-75.480567,40.322797],[-75.477389,40.32061],[-75.477577,40.318852],[-75.475827,40.315145],[-75.474898,40.314641],[-75.468619,40.319885],[-75.464609,40.318067],[-75.46194,40.321103],[-75.458164,40.321018],[-75.454354,40.325178],[-75.452359,40.3251],[-75.451106,40.326306],[-75.447529,40.326559],[-75.443192,40.331335],[-75.4363,40.325],[-75.435272,40.322294],[-75.435416,40.319739],[-75.429211,40.316005],[-75.429319,40.314592],[-75.420254,40.311542],[-75.417666,40.310213],[-75.414387,40.311557],[-75.410427,40.311117],[-75.405798,40.312823],[-75.406961,40.314432],[-75.409139,40.315826],[-75.408871,40.317287],[-75.406315,40.316896],[-75.399966,40.315246],[-75.399792,40.317013],[-75.401623,40.319692],[-75.40123,40.320765],[-75.394818,40.320934],[-75.394866,40.323772],[-75.39227,40.324605],[-75.389327,40.323849],[-75.383572,40.323774],[-75.379908,40.328403],[-75.372956,40.332835],[-75.372838,40.333913],[-75.370821,40.335392],[-75.366255,40.336557],[-75.364242,40.33554],[-75.361122,40.335209],[-75.357394,40.337572],[-75.357451,40.335689],[-75.358758,40.334678],[-75.35918,40.332776],[-75.356978,40.329117],[-75.343957,40.321035],[-75.342951,40.31878],[-75.340014,40.31455],[-75.333856,40.315327],[-75.333784,40.313284],[-75.343422,40.303694],[-75.338234,40.299902],[-75.334544,40.297643],[-75.327092,40.294702],[-75.317678,40.290292],[-75.327535,40.28131],[-75.335986,40.273066],[-75.337428,40.273503],[-75.355244,40.255529],[-75.377199,40.234453],[-75.383097,40.229103],[-75.385776,40.226369],[-75.420179,40.246454],[-75.422311,40.244372],[-75.430412,40.249099],[-75.430802,40.248697],[-75.459194,40.265055],[-75.4644,40.261204],[-75.465476,40.265402],[-75.466928,40.267766],[-75.470023,40.266514],[-75.469534,40.263849],[-75.471745,40.262332],[-75.470341,40.259454],[-75.466056,40.259961],[-75.479682,40.249596]]]},"properties":{"district":"147","name":"State House District 147"}},{"type":"Feature","geometry":{"type":"Polygon","coordinates":[[[-80.074234,40.463127],[-80.073214,40.461251],[-80.07296,40.455596],[-80.072157,40.453276],[-80.065776,40.456942],[-80.060537,40.452021],[-80.058667,40.453222],[-80.056463,40.453432],[-80.05562,40.455022],[-80.058462,40.456756],[-80.058133,40.458308],[-80.055936,40.457759],[-80.050259,40.451975],[-80.047813,40.451435],[-80.042867,40.452373],[-80.045128,40.450411],[-80.044002,40.447758],[-80.046505,40.446829],[-80.040059,40.442101],[-80.04063,40.443973],[-80.037258,40.446229],[-80.036574,40.448431],[-80.033234,40.450623],[-80.028228,40.446664],[-80.023004,40.444529],[-80.016375,40.443195],[-80.014217,40.4407],[-80.0102,40.438628],[-80.001985,40.435067],[-80.005167,40.4302],[-80.002214,40.428554],[-80.00517,40.427016],[-80.004955,40.422441],[-80.009539,40.423537],[-80.011299,40.421806],[-80.012578,40.42182],[-80.013241,40.419852],[-80.016182,40.420318],[-80.017414,40.421966],[-80.019323,40.420677],[-80.02307,40.420612],[-80.022602,40.423393],[-80.026174,40.423581],[-80.027127,40.417389],[-80.028543,40.414242],[-80.029932,40.413011],[-80.03097,40.409388],[-80.027844,40.407138],[-80.033413,40.404021],[-80.032482,40.401729],[-80.035622,40.401698],[-80.036416,40.404277],[-80.042078,40.399746],[-80.045051,40.399041],[-80.051202,40.401943],[-80.054892,40.400954],[-80.054119,40.39649],[-80.056237,40.395597],[-80.054211,40.392922],[-80.056983,40.392372],[-80.059344,40.390975],[-80.064301,40.393243],[-80.06876,40.39195],[-80.0689,40.38889],[-80.073985,40.388176],[-80.071555,40.385451],[-80.069078,40.386789],[-80.069414,40.3833],[-80.0676,40.38138],[-80.067215,40.379826],[-80.069566,40.378235],[-80.075281,40.377406],[-80.079034,40.376392],[-80.084111,40.377106],[-80.079467,40.372802],[-80.077865,40.3695],[-80.073591,40.365497],[-80.072816,40.363434],[-80.081414,40.36428],[-80.081825,40.363059],[-80.085684,40.36304],[-80.089467,40.361821],[-80.093033,40.362073],[-80.095184,40.363368],[-80.094296,40.365549],[-80.09509,40.369608],[-80.098214,40.373429],[-80.097651,40.374982],[-80.094372,40.37808],[-80.093413,40.380287],[-80.093079,40.38314],[-80.092147,40.384536],[-80.096229,40.385136],[-80.099211,40.384304],[-80.099852,40.385176],[-80.097455,40.387861],[-80.099103,40.393891],[-80.10027,40.394375],[-80.100167,40.397838],[-80.09854,40.399976],[-80.092315,40.401358],[-80.090714,40.401418],[-80.0874,40.402666],[-80.08668,40.398683],[-80.079913,40.399218],[-80.079652,40.399862],[-80.069667,40.398562],[-80.067424,40.400977],[-80.070257,40.406397],[-80.073282,40.407789],[-80.080984,40.412796],[-80.079305,40.413347],[-80.079472,40.41482],[-80.084422,40.417505],[-80.085948,40.41695],[-80.088463,40.418885],[-80.089346,40.418438],[-80.091803,40.420088],[-80.09883,40.418162],[-80.09943,40.421273],[-80.096479,40.421262],[-80.095276,40.429989],[-80.092338,40.428465],[-80.090384,40.430924],[-80.092724,40.432345],[-80.091229,40.437088],[-80.089565,40.436278],[-80.086935,40.437761],[-80.085025,40.439643],[-80.082883,40.440437],[-80.084068,40.441929],[-80.089237,40.443333],[-80.090165,40.444162],[-80.090108,40.446579],[-80.091024,40.44905],[-80.089534,40.449836],[-80.090713,40.451421],[-80.093599,40.450747],[-80.0945,40.451331],[-80.095328,40.457495],[-80.094611,40.459716],[-80.086782,40.459856],[-80.083702,40.459439],[-80.08089,40.461237],[-80.079934,40.463366],[-80.078059,40.464684],[-80.076498,40.464657],[-80.074234,40.463127]]]},"properties":{"district":"027","name":"State House District 27"}},{"type":"Feature","geometry":{"type":"Polygon","coordinates":[[[-75.305614,40.068965],[-75.301036,40.069041],[-75.298624,40.069502],[-75.289979,40.078574],[-75.297373,40.082903],[-75.291669,40.088797],[-75.270184,40.111694],[-75.263205,40.118862],[-75.260409,40.122002],[-75.235459,40.148156],[-75.233397,40.150591],[-75.220421,40.142695],[-75.204035,40.133039],[-75.196295,40.127838],[-75.207864,40.116812],[-75.247316,40.076321],[-75.256094,40.067123],[-75.252209,40.065278],[-75.256286,40.061081],[-75.264431,40.054094],[-75.259621,40.049238],[-75.257655,40.047611],[-75.254318,40.045755],[-75.249039,40.041848],[-75.24617,40.03829],[-75.241493,40.035141],[-75.239296,40.03289],[-75.234604,40.029926],[-75.232323,40.028107],[-75.223694,40.023712],[-75.222153,40.022614],[-75.218056,40.020943],[-75.212219,40.015461],[-75.205771,40.011629],[-75.210619,40.008652],[-75.227462,40.000746],[-75.256119,39.987301],[-75.259476,39.984955],[-75.263687,39.982658],[-75.276482,39.976959],[-75.283928,39.987217],[-75.286766,39.989956],[-75.284744,39.989262],[-75.282193,39.991435],[-75.279304,39.989857],[-75.276299,39.994086],[-75.275271,39.996551],[-75.277564,39.999259],[-75.276055,40.001355],[-75.276991,40.002802],[-75.281925,40.004146],[-75.285062,40.00573],[-75.283261,40.006522],[-75.284044,40.009142],[-75.286912,40.009273],[-75.287721,40.015902],[-75.287218,40.017497],[-75.284611,40.021236],[-75.284296,40.024223],[-75.287773,40.029337],[-75.287123,40.031801],[-75.289432,40.032588],[-75.290912,40.034444],[-75.293349,40.035715],[-75.297293,40.036097],[-75.298152,40.038356],[-75.300741,40.037383],[-75.30147,40.04098],[-75.294078,40.043692],[-75.29188,40.043496],[-75.290922,40.041281],[-75.288345,40.041187],[-75.282683,40.04323],[-75.284277,40.044918],[-75.288497,40.047661],[-75.292535,40.04738],[-75.294154,40.050659],[-75.296457,40.050831],[-75.29772,40.053329],[-75.301292,40.058478],[-75.30647,40.063381],[-75.305614,40.068965]]]},"properties":{"district":"148","name":"State House District 148"}},{"type":"Feature","geometry":{"type":"Polygon","coordinates":[[[-79.93868,40.554047],[-79.949646,40.553917],[-79.950217,40.554543],[-79.958231,40.554264],[-79.958894,40.557478],[-79.959193,40.562265],[-79.958486,40.563657],[-79.955737,40.565847],[-79.954542,40.567646],[-79.959157,40.567314],[-79.961255,40.565483],[-79.962082,40.566811],[-79.960395,40.567854],[-79.961861,40.569083],[-79.960502,40.574594],[-79.957459,40.579471],[-79.962923,40.579784],[-79.965034,40.580484],[-79.967302,40.579867],[-79.970541,40.577581],[-79.974304,40.578955],[-79.975101,40.580663],[-79.972448,40.583293],[-79.975326,40.584632],[-79.976669,40.585906],[-79.976194,40.587263],[-79.973628,40.588704],[-79.972439,40.593499],[-79.973177,40.598195],[-79.970536,40.60424],[-79.968722,40.609231],[-79.968222,40.614786],[-79.976213,40.614465],[-79.991455,40.614306],[-80.032958,40.613286],[-80.068057,40.612536],[-80.068301,40.616286],[-80.071835,40.616268],[-80.145188,40.614749],[-80.145651,40.622462],[-80.148497,40.673769],[-80.127791,40.673604],[-80.11994,40.673788],[-80.101058,40.674009],[-80.071434,40.674935],[-80.071393,40.674174],[-80.021006,40.674061],[-79.994174,40.673571],[-79.987842,40.673587],[-79.964595,40.672514],[-79.959939,40.67228],[-79.937613,40.672844],[-79.929624,40.672893],[-79.914626,40.673286],[-79.89114,40.672857],[-79.877128,40.672435],[-79.851556,40.672288],[-79.842248,40.67199],[-79.829433,40.671142],[-79.816996,40.671699],[-79.816631,40.656514],[-79.816369,40.638711],[-79.81612,40.635135],[-79.813127,40.613593],[-79.813013,40.604984],[-79.812579,40.599113],[-79.820619,40.599073],[-79.845089,40.598317],[-79.869189,40.597762],[-79.897081,40.596887],[-79.915946,40.596367],[-79.915425,40.581862],[-79.915083,40.554947],[-79.928122,40.554315],[-79.93868,40.554047]]]},"properties":{"district":"028","name":"State House District 28"}},{"type":"Feature","geometry":{"type":"Polygon","coordinates":[[[-75.305614,40.068965],[-75.30647,40.063381],[-75.301292,40.058478],[-75.29772,40.053329],[-75.296457,40.050831],[-75.294154,40.050659],[-75.292535,40.04738],[-75.288497,40.047661],[-75.284277,40.044918],[-75.282683,40.04323],[-75.288345,40.041187],[-75.290922,40.041281],[-75.29188,40.043496],[-75.294078,40.043692],[-75.30147,40.04098],[-75.300741,40.037383],[-75.298152,40.038356],[-75.297293,40.036097],[-75.293349,40.035715],[-75.290912,40.034444],[-75.289432,40.032588],[-75.287123,40.031801],[-75.287773,40.029337],[-75.284296,40.024223],[-75.284611,40.021236],[-75.287218,40.017497],[-75.287721,40.015902],[-75.286912,40.009273],[-75.284044,40.009142],[-75.283261,40.006522],[-75.285062,40.00573],[-75.281925,40.004146],[-75.276991,40.002802],[-75.276055,40.001355],[-75.277564,39.999259],[-75.275271,39.996551],[-75.276299,39.994086],[-75.279304,39.989857],[-75.282193,39.991435],[-75.284744,39.989262],[-75.286766,39.989956],[-75.292825,39.996878],[-75.302534,40.009015],[-75.30633,40.012911],[-75.309433,40.016762],[-75.311432,40.01981],[-75.315697,40.018433],[-75.320699,40.016216],[-75.32177,40.017403],[-75.329546,40.027635],[-75.339396,40.040323],[-75.349457,40.052905],[-75.356534,40.062787],[-75.360069,40.066196],[-75.361066,40.065543],[-75.366687,40.072355],[-75.392632,40.060974],[-75.394539,40.063267],[-75.405647,40.07856],[-75.407236,40.080002],[-75.409889,40.083736],[-75.417091,40.092827],[-75.420124,40.097201],[-75.437864,40.089573],[-75.440721,40.094322],[-75.456186,40.087776],[-75.456896,40.091379],[-75.456666,40.094453],[-75.461909,40.096354],[-75.462926,40.097253],[-75.462637,40.100247],[-75.461729,40.103035],[-75.454634,40.105226],[-75.449414,40.107484],[-75.443776,40.108962],[-75.433364,40.110287],[-75.430873,40.110147],[-75.424332,40.107906],[-75.420575,40.107351],[-75.416546,40.107859],[-75.406036,40.111771],[-75.404018,40.112865],[-75.393529,40.117204],[-75.387944,40.117868],[-75.380134,40.118115],[-75.377865,40.117908],[-75.370504,40.116234],[-75.367678,40.11474],[-75.360929,40.11339],[-75.355581,40.111049],[-75.350844,40.109426],[-75.347487,40.109508],[-75.346892,40.111097],[-75.340184,40.109336],[-75.335048,40.107145],[-75.32842,40.105795],[-75.326924,40.105214],[-75.322308,40.100014],[-75.321392,40.097839],[-75.321089,40.090698],[-75.320128,40.081709],[-75.315655,40.074623],[-75.309584,40.070442],[-75.305614,40.068965]]]},"properties":{"district":"149","name":"State House District 149"}},{"type":"Feature","geometry":{"type":"Polygon","coordinates":[[[-75.214246,40.279545],[-75.219965,40.282593],[-75.221916,40.2807],[-75.223436,40.281604],[-75.218303,40.286486],[-75.220299,40.288837],[-75.225817,40.292176],[-75.223099,40.29484],[-75.219035,40.296359],[-75.220322,40.297346],[-75.218695,40.299094],[-75.220469,40.301783],[-75.218101,40.302961],[-75.214672,40.300881],[-75.211417,40.302415],[-75.207838,40.30034],[-75.208704,40.296932],[-75.200846,40.292269],[-75.196137,40.297024],[-75.187271,40.305244],[-75.192935,40.31004],[-75.183938,40.31415],[-75.177975,40.316263],[-75.173206,40.319351],[-75.172473,40.320627],[-75.168725,40.323572],[-75.151084,40.341221],[-75.131929,40.329665],[-75.125155,40.336552],[-75.112712,40.34884],[-75.113485,40.349589],[-75.097341,40.365593],[-75.09907,40.36645],[-75.083984,40.380342],[-75.08057,40.3783],[-75.067558,40.389993],[-75.063922,40.387628],[-75.056513,40.395083],[-75.05837,40.397127],[-75.041216,40.410451],[-75.035504,40.407443],[-75.034907,40.406393],[-75.031778,40.404813],[-75.025713,40.403479],[-75.023028,40.403693],[-75.007443,40.407597],[-75.004049,40.407524],[-75.000637,40.409466],[-74.99586,40.410384],[-74.991009,40.409419],[-74.988413,40.408494],[-74.983131,40.404599],[-74.978062,40.402292],[-74.967499,40.398813],[-74.964431,40.395948],[-74.963067,40.393346],[-74.961478,40.388935],[-74.955785,40.380028],[-74.9516,40.370455],[-74.948901,40.365055],[-74.947122,40.360209],[-74.945349,40.352103],[-74.945356,40.348768],[-74.944517,40.345063],[-74.942843,40.341506],[-74.939711,40.338006],[-74.933111,40.333106],[-74.926908,40.329463],[-74.981015,40.319204],[-74.999234,40.301949],[-75.019482,40.281899],[-75.023913,40.276937],[-75.027738,40.273664],[-75.034554,40.266748],[-75.040852,40.260754],[-75.044288,40.263049],[-75.047108,40.258813],[-75.048871,40.257011],[-75.054808,40.255837],[-75.057279,40.257548],[-75.055049,40.263225],[-75.053229,40.265973],[-75.053171,40.26782],[-75.055172,40.269126],[-75.058112,40.268989],[-75.060755,40.265834],[-75.061752,40.262996],[-75.065801,40.263397],[-75.069518,40.26628],[-75.072461,40.269071],[-75.072702,40.270246],[-75.074733,40.272061],[-75.073393,40.273407],[-75.089055,40.282745],[-75.095455,40.276304],[-75.101171,40.277022],[-75.105518,40.273865],[-75.107986,40.272512],[-75.113106,40.271858],[-75.112059,40.269671],[-75.116154,40.265533],[-75.119091,40.26731],[-75.125785,40.261223],[-75.130873,40.264306],[-75.143495,40.271404],[-75.152016,40.262868],[-75.17111,40.274511],[-75.185457,40.283129],[-75.174285,40.293652],[-75.177815,40.295868],[-75.181483,40.292357],[-75.191057,40.290136],[-75.19292,40.28828],[-75.190883,40.285443],[-75.192781,40.283997],[-75.190098,40.281124],[-75.193643,40.279832],[-75.194717,40.278753],[-75.199769,40.282327],[-75.198359,40.283799],[-75.198704,40.2853],[-75.20532,40.282405],[-75.211121,40.277521],[-75.214246,40.279545]]]},"properties":{"district":"029","name":"State House District 29"}},{"type":"Feature","geometry":{"type":"Polygon","coordinates":[[[-75.539581,40.174966],[-75.530607,40.184071],[-75.513486,40.201078],[-75.505012,40.209674],[-75.495877,40.218642],[-75.490078,40.224544],[-75.468898,40.212015],[-75.460638,40.206972],[-75.462401,40.205258],[-75.458736,40.202082],[-75.45245,40.201643],[-75.44979,40.200144],[-75.426399,40.185808],[-75.426048,40.185465],[-75.410849,40.176201],[-75.376196,40.155902],[-75.389799,40.142263],[-75.386721,40.140061],[-75.378326,40.132649],[-75.379936,40.130982],[-75.376696,40.129046],[-75.382727,40.123415],[-75.387944,40.117868],[-75.393529,40.117204],[-75.404018,40.112865],[-75.406036,40.111771],[-75.416546,40.107859],[-75.420575,40.107351],[-75.424332,40.107906],[-75.430873,40.110147],[-75.433364,40.110287],[-75.443776,40.108962],[-75.449414,40.107484],[-75.454634,40.105226],[-75.461729,40.103035],[-75.463918,40.103532],[-75.468961,40.107061],[-75.471603,40.111853],[-75.470361,40.115727],[-75.46708,40.117884],[-75.463228,40.119215],[-75.461288,40.122085],[-75.461599,40.124825],[-75.463509,40.126149],[-75.470803,40.128926],[-75.47245,40.129298],[-75.475572,40.12872],[-75.481083,40.126796],[-75.489159,40.125874],[-75.493688,40.126493],[-75.499728,40.129585],[-75.505624,40.132634],[-75.507245,40.134043],[-75.510388,40.138295],[-75.510753,40.141722],[-75.508653,40.146531],[-75.503301,40.151095],[-75.501429,40.153619],[-75.500656,40.155619],[-75.501076,40.157436],[-75.502718,40.159196],[-75.505545,40.1601],[-75.508966,40.160091],[-75.513214,40.158296],[-75.515669,40.154863],[-75.518519,40.148502],[-75.520447,40.147244],[-75.522174,40.147085],[-75.525945,40.148611],[-75.527181,40.150017],[-75.527776,40.153107],[-75.526615,40.158562],[-75.527114,40.162347],[-75.528941,40.168396],[-75.530753,40.170029],[-75.534425,40.172363],[-75.539581,40.174966]]]},"properties":{"district":"150","name":"State House District 150"}},{"type":"Feature","geometry":{"type":"Polygon","coordinates":[[[-79.988921,40.553938],[-79.995046,40.554007],[-80.027467,40.553874],[-80.064723,40.552712],[-80.062637,40.521727],[-80.062621,40.518947],[-80.061592,40.505803],[-80.068495,40.509],[-80.07532,40.508782],[-80.074891,40.501676],[-80.075005,40.498395],[-80.077795,40.500184],[-80.081451,40.501439],[-80.087668,40.502611],[-80.092901,40.50432],[-80.098576,40.506969],[-80.107474,40.51022],[-80.112504,40.511842],[-80.120288,40.51314],[-80.120838,40.526567],[-80.121493,40.53322],[-80.121797,40.541399],[-80.122459,40.548848],[-80.119901,40.551148],[-80.115671,40.552859],[-80.113852,40.558766],[-80.113522,40.562274],[-80.113951,40.566789],[-80.116675,40.570457],[-80.113884,40.570515],[-80.113907,40.57546],[-80.124085,40.582201],[-80.133763,40.588242],[-80.158645,40.605241],[-80.158691,40.609232],[-80.155013,40.608013],[-80.152062,40.609399],[-80.151642,40.611145],[-80.150004,40.61206],[-80.147224,40.612424],[-80.145188,40.614749],[-80.071835,40.616268],[-80.068301,40.616286],[-80.068057,40.612536],[-80.032958,40.613286],[-79.991455,40.614306],[-79.976213,40.614465],[-79.968222,40.614786],[-79.968722,40.609231],[-79.970536,40.60424],[-79.973177,40.598195],[-79.972439,40.593499],[-79.973628,40.588704],[-79.976194,40.587263],[-79.976669,40.585906],[-79.975326,40.584632],[-79.972448,40.583293],[-79.975101,40.580663],[-79.974304,40.578955],[-79.970541,40.577581],[-79.967302,40.579867],[-79.965034,40.580484],[-79.962923,40.579784],[-79.957459,40.579471],[-79.960502,40.574594],[-79.961861,40.569083],[-79.960395,40.567854],[-79.962082,40.566811],[-79.961255,40.565483],[-79.959157,40.567314],[-79.954542,40.567646],[-79.955737,40.565847],[-79.958486,40.563657],[-79.959193,40.562265],[-79.958894,40.557478],[-79.958231,40.554264],[-79.979285,40.553796],[-79.979023,40.555067],[-79.982712,40.555142],[-79.982685,40.553955],[-79.988921,40.553938]]]},"properties":{"district":"030","name":"State House District 30"}},{"type":"Feature","geometry":{"type":"Polygon","coordinates":[[[-75.228425,40.265816],[-75.19768,40.247648],[-75.170278,40.230597],[-75.159776,40.224133],[-75.152756,40.220028],[-75.126276,40.203811],[-75.106878,40.192279],[-75.119345,40.179735],[-75.124564,40.17464],[-75.143155,40.156923],[-75.132968,40.150864],[-75.146682,40.137413],[-75.150868,40.139806],[-75.149509,40.140679],[-75.152327,40.142411],[-75.156818,40.139303],[-75.159536,40.141614],[-75.16577,40.144815],[-75.164243,40.1463],[-75.167921,40.148503],[-75.169574,40.147447],[-75.170961,40.150669],[-75.172686,40.153025],[-75.174025,40.152198],[-75.17853,40.147722],[-75.202731,40.162726],[-75.209225,40.156434],[-75.21394,40.156642],[-75.213791,40.151965],[-75.220583,40.145362],[-75.226016,40.148575],[-75.228251,40.153544],[-75.226588,40.154949],[-75.227356,40.156635],[-75.229019,40.158258],[-75.231609,40.159729],[-75.227394,40.163857],[-75.226075,40.163065],[-75.220951,40.1681],[-75.218713,40.165351],[-75.214458,40.169727],[-75.195455,40.18821],[-75.215675,40.200479],[-75.226508,40.207207],[-75.247977,40.220176],[-75.249201,40.224678],[-75.248198,40.22676],[-75.24007,40.235128],[-75.242592,40.239099],[-75.243827,40.247388],[-75.238471,40.252957],[-75.235919,40.258067],[-75.233158,40.261233],[-75.228425,40.265816]]]},"properties":{"district":"151","name":"State House District 151"}},{"type":"Feature","geometry":{"type":"Polygon","coordinates":[[[-74.781943,40.221933],[-74.79336,40.213992],[-74.797929,40.211076],[-74.801592,40.209693],[-74.802764,40.207735],[-74.831127,40.204636],[-74.830118,40.201355],[-74.84764,40.200398],[-74.847017,40.195158],[-74.871055,40.192989],[-74.874369,40.200536],[-74.876712,40.200011],[-74.887551,40.224735],[-74.902454,40.22134],[-74.909683,40.222016],[-74.915537,40.221186],[-74.927538,40.218243],[-74.929343,40.217636],[-74.94331,40.214175],[-74.94441,40.211453],[-74.947785,40.211682],[-74.953085,40.211503],[-74.955141,40.21254],[-74.956255,40.216685],[-74.957194,40.218127],[-74.961776,40.220426],[-74.964009,40.220652],[-74.965242,40.222499],[-74.962772,40.226012],[-74.962831,40.226868],[-74.966061,40.229842],[-74.972291,40.230835],[-74.97423,40.232007],[-74.9737,40.234124],[-74.971584,40.235565],[-74.969877,40.240204],[-74.973228,40.24061],[-74.97552,40.239755],[-74.978539,40.240952],[-74.979458,40.243405],[-74.984355,40.246349],[-74.98561,40.246299],[-74.955043,40.276746],[-74.999234,40.301949],[-74.981015,40.319204],[-74.926908,40.329463],[-74.91741,40.322406],[-74.90831,40.316907],[-74.90331,40.315607],[-74.896409,40.315107],[-74.891609,40.313007],[-74.887109,40.310307],[-74.880609,40.305607],[-74.868208,40.295206],[-74.864692,40.290684],[-74.860492,40.284584],[-74.856482,40.277348],[-74.853108,40.269707],[-74.848008,40.261708],[-74.842308,40.250508],[-74.836307,40.246208],[-74.823907,40.241508],[-74.819507,40.238508],[-74.805207,40.233408],[-74.795306,40.229408],[-74.781943,40.221933]]]},"properties":{"district":"031","name":"State House District 31"}},{"type":"Feature","geometry":{"type":"Polygon","coordinates":[[[-75.029301,40.146509],[-75.015066,40.137992],[-75.020571,40.132274],[-75.044263,40.115713],[-75.058342,40.105892],[-75.072068,40.11411],[-75.092989,40.126964],[-75.112765,40.138825],[-75.114548,40.135597],[-75.114435,40.134146],[-75.113003,40.132466],[-75.111358,40.127768],[-75.115549,40.126243],[-75.114921,40.123779],[-75.117208,40.123757],[-75.117,40.127571],[-75.119952,40.128733],[-75.124897,40.126309],[-75.125988,40.127706],[-75.130152,40.127793],[-75.132713,40.129248],[-75.13243,40.131373],[-75.130967,40.132843],[-75.133677,40.134417],[-75.134776,40.134156],[-75.13713,40.131745],[-75.140069,40.133411],[-75.143214,40.129979],[-75.141231,40.12907],[-75.143541,40.126917],[-75.151667,40.131939],[-75.150422,40.134071],[-75.146682,40.137413],[-75.132968,40.150864],[-75.143155,40.156923],[-75.124564,40.17464],[-75.119345,40.179735],[-75.106878,40.192279],[-75.08548,40.179699],[-75.071198,40.171032],[-75.059812,40.164575],[-75.029301,40.146509]]]},"properties":{"district":"152","name":"State House District 152"}},{"type":"Feature","geometry":{"type":"Polygon","coordinates":[[[-79.868278,40.456351],[-79.872355,40.457361],[-79.871695,40.460565],[-79.874504,40.459263],[-79.879314,40.459112],[-79.889992,40.461829],[-79.886561,40.478184],[-79.884665,40.479312],[-79.883807,40.483212],[-79.874992,40.483385],[-79.865742,40.48502],[-79.859138,40.487227],[-79.856537,40.488976],[-79.851113,40.493601],[-79.84968,40.497589],[-79.848853,40.503658],[-79.850844,40.51419],[-79.850962,40.517304],[-79.850196,40.521716],[-79.849206,40.523951],[-79.847433,40.526198],[-79.84397,40.528775],[-79.840311,40.530761],[-79.833191,40.533522],[-79.828537,40.535004],[-79.820606,40.536364],[-79.813647,40.536624],[-79.805012,40.537455],[-79.788162,40.534623],[-79.783753,40.534108],[-79.776618,40.534934],[-79.772762,40.536327],[-79.768478,40.538779],[-79.766091,40.540713],[-79.763775,40.544997],[-79.76414,40.547747],[-79.76509,40.549238],[-79.760069,40.551064],[-79.757132,40.550124],[-79.754254,40.550431],[-79.751701,40.551823],[-79.748493,40.551264],[-79.742656,40.548523],[-79.741419,40.549371],[-79.736649,40.549315],[-79.732582,40.546561],[-79.731934,40.545066],[-79.728666,40.543435],[-79.724608,40.542191],[-79.722379,40.542227],[-79.721128,40.541162],[-79.718403,40.536602],[-79.714373,40.532878],[-79.711966,40.532986],[-79.707902,40.530663],[-79.705101,40.527111],[-79.701624,40.525449],[-79.702087,40.521763],[-79.7022,40.503331],[-79.702142,40.489523],[-79.709263,40.489178],[-79.712208,40.487585],[-79.716075,40.483866],[-79.724814,40.481905],[-79.727192,40.479814],[-79.733627,40.478799],[-79.736034,40.477845],[-79.737991,40.4801],[-79.73765,40.483016],[-79.738118,40.485956],[-79.741611,40.490717],[-79.745534,40.493617],[-79.749228,40.494647],[-79.751638,40.496472],[-79.753674,40.496533],[-79.755333,40.49485],[-79.772293,40.490386],[-79.778255,40.489353],[-79.781105,40.489992],[-79.778236,40.48669],[-79.771926,40.483165],[-79.770408,40.481376],[-79.766927,40.475384],[-79.760162,40.461404],[-79.762074,40.461814],[-79.768098,40.462016],[-79.769403,40.460865],[-79.773078,40.459712],[-79.779289,40.460914],[-79.782154,40.456904],[-79.787204,40.453137],[-79.792878,40.451566],[-79.79628,40.450107],[-79.796972,40.447665],[-79.79627,40.446527],[-79.797921,40.44188],[-79.800119,40.441145],[-79.802667,40.43858],[-79.820032,40.443189],[-79.82761,40.445058],[-79.82952,40.444314],[-79.835346,40.44507],[-79.840227,40.449789],[-79.84374,40.45074],[-79.844323,40.449646],[-79.854219,40.452819],[-79.855472,40.453606],[-79.855537,40.457386],[-79.857285,40.457242],[-79.858016,40.459408],[-79.860629,40.458594],[-79.867028,40.458547],[-79.868278,40.456351]]]},"properties":{"district":"032","name":"State House District 32"}},{"type":"Feature","geometry":{"type":"Polygon","coordinates":[[[-75.196295,40.127838],[-75.204035,40.133039],[-75.220421,40.142695],[-75.233397,40.150591],[-75.227356,40.156635],[-75.226588,40.154949],[-75.228251,40.153544],[-75.226016,40.148575],[-75.220583,40.145362],[-75.213791,40.151965],[-75.21394,40.156642],[-75.209225,40.156434],[-75.202731,40.162726],[-75.17853,40.147722],[-75.174025,40.152198],[-75.172686,40.153025],[-75.170961,40.150669],[-75.169574,40.147447],[-75.167921,40.148503],[-75.164243,40.1463],[-75.16577,40.144815],[-75.159536,40.141614],[-75.156818,40.139303],[-75.152327,40.142411],[-75.149509,40.140679],[-75.150868,40.139806],[-75.146682,40.137413],[-75.150422,40.134071],[-75.151667,40.131939],[-75.143541,40.126917],[-75.141231,40.12907],[-75.143214,40.129979],[-75.140069,40.133411],[-75.13713,40.131745],[-75.134776,40.134156],[-75.133677,40.134417],[-75.130967,40.132843],[-75.13243,40.131373],[-75.132713,40.129248],[-75.130152,40.127793],[-75.125988,40.127706],[-75.124897,40.126309],[-75.119952,40.128733],[-75.117,40.127571],[-75.117208,40.123757],[-75.114921,40.123779],[-75.115549,40.126243],[-75.111358,40.127768],[-75.113003,40.132466],[-75.114435,40.134146],[-75.114548,40.135597],[-75.112765,40.138825],[-75.092989,40.126964],[-75.072068,40.11411],[-75.058342,40.105892],[-75.077805,40.08577],[-75.081189,40.084116],[-75.093124,40.072334],[-75.096733,40.068989],[-75.106392,40.074803],[-75.121976,40.083821],[-75.131731,40.089333],[-75.128294,40.090661],[-75.126562,40.090004],[-75.12544,40.092633],[-75.12123,40.096813],[-75.12196,40.097857],[-75.12065,40.099724],[-75.121784,40.10228],[-75.123787,40.101032],[-75.125652,40.103533],[-75.125935,40.100089],[-75.130865,40.102646],[-75.133517,40.101074],[-75.137332,40.097907],[-75.138137,40.094344],[-75.13952,40.096099],[-75.143243,40.098345],[-75.150799,40.100507],[-75.169216,40.110939],[-75.175085,40.11476],[-75.186806,40.121839],[-75.196295,40.127838]]]},"properties":{"district":"153","name":"State House District 153"}},{"type":"Feature","geometry":{"type":"Polygon","coordinates":[[[-79.923567,40.490717],[-79.927922,40.491538],[-79.93218,40.491689],[-79.938355,40.490983],[-79.93944,40.494625],[-79.940458,40.496389],[-79.936068,40.497203],[-79.936625,40.512225],[-79.938226,40.543677],[-79.93868,40.554047],[-79.928122,40.554315],[-79.915083,40.554947],[-79.915425,40.581862],[-79.915946,40.596367],[-79.897081,40.596887],[-79.869189,40.597762],[-79.845089,40.598317],[-79.820619,40.599073],[-79.812579,40.599113],[-79.813013,40.604984],[-79.813127,40.613593],[-79.81612,40.635135],[-79.816369,40.638711],[-79.816631,40.656514],[-79.816996,40.671699],[-79.780651,40.671228],[-79.764107,40.670427],[-79.757073,40.670217],[-79.732744,40.66924],[-79.707546,40.669851],[-79.692878,40.669611],[-79.692904,40.66825],[-79.695463,40.665765],[-79.695822,40.661505],[-79.694192,40.657506],[-79.691082,40.652468],[-79.689208,40.647852],[-79.688975,40.645435],[-79.690278,40.640873],[-79.694353,40.635127],[-79.703334,40.625695],[-79.70774,40.622481],[-79.714576,40.61701],[-79.717702,40.613295],[-79.719992,40.60949],[-79.723154,40.606989],[-79.736087,40.602043],[-79.749192,40.598919],[-79.757014,40.59649],[-79.76319,40.593619],[-79.76807,40.589544],[-79.771623,40.585629],[-79.773361,40.582087],[-79.774493,40.576738],[-79.774802,40.572804],[-79.774131,40.568376],[-79.77249,40.563933],[-79.768543,40.554996],[-79.76509,40.549238],[-79.76414,40.547747],[-79.763775,40.544997],[-79.766091,40.540713],[-79.768478,40.538779],[-79.772762,40.536327],[-79.776618,40.534934],[-79.783753,40.534108],[-79.788162,40.534623],[-79.805012,40.537455],[-79.813647,40.536624],[-79.820606,40.536364],[-79.828537,40.535004],[-79.833191,40.533522],[-79.840311,40.530761],[-79.84397,40.528775],[-79.847433,40.526198],[-79.849206,40.523951],[-79.850196,40.521716],[-79.850962,40.517304],[-79.850844,40.51419],[-79.848853,40.503658],[-79.84968,40.497589],[-79.851113,40.493601],[-79.856537,40.488976],[-79.859138,40.487227],[-79.865742,40.48502],[-79.874992,40.483385],[-79.883807,40.483212],[-79.888213,40.483682],[-79.888175,40.48644],[-79.884556,40.486774],[-79.884604,40.490922],[-79.896912,40.492614],[-79.897604,40.487879],[-79.901626,40.488985],[-79.901404,40.48579],[-79.907511,40.487237],[-79.921036,40.490036],[-79.923567,40.490717]]]},"properties":{"district":"033","name":"State House District 33"}},{"type":"Feature","geometry":{"type":"Polygon","coordinates":[[[-75.252209,40.065278],[-75.256094,40.067123],[-75.247316,40.076321],[-75.207864,40.116812],[-75.196295,40.127838],[-75.186806,40.121839],[-75.175085,40.11476],[-75.169216,40.110939],[-75.150799,40.100507],[-75.143243,40.098345],[-75.13952,40.096099],[-75.138137,40.094344],[-75.137332,40.097907],[-75.133517,40.101074],[-75.130865,40.102646],[-75.125935,40.100089],[-75.125652,40.103533],[-75.123787,40.101032],[-75.121784,40.10228],[-75.12065,40.099724],[-75.12196,40.097857],[-75.12123,40.096813],[-75.12544,40.092633],[-75.126562,40.090004],[-75.128294,40.090661],[-75.131731,40.089333],[-75.121976,40.083821],[-75.106392,40.074803],[-75.096733,40.068989],[-75.087425,40.063599],[-75.094056,40.056771],[-75.10627,40.049548],[-75.108092,40.047982],[-75.109431,40.045874],[-75.118553,40.051132],[-75.129021,40.057091],[-75.135193,40.061031],[-75.146683,40.067547],[-75.161957,40.07613],[-75.176438,40.084649],[-75.188461,40.07275],[-75.189203,40.073174],[-75.22361,40.092907],[-75.243133,40.073628],[-75.252209,40.065278]]]},"properties":{"district":"154","name":"State House District 154"}},{"type":"Feature","geometry":{"type":"Polygon","coordinates":[[[-79.899623,40.41545],[-79.897491,40.425932],[-79.894194,40.425554],[-79.891006,40.427197],[-79.892878,40.428265],[-79.897111,40.427609],[-79.895142,40.437192],[-79.896427,40.436867],[-79.897642,40.439661],[-79.9014,40.439459],[-79.905715,40.438064],[-79.913083,40.438028],[-79.91165,40.446696],[-79.908192,40.451487],[-79.912424,40.454037],[-79.909547,40.456691],[-79.903128,40.454524],[-79.9013,40.458015],[-79.89666,40.456464],[-79.897024,40.455526],[-79.892629,40.45453],[-79.889572,40.453323],[-79.885314,40.452882],[-79.884029,40.448918],[-79.878312,40.449922],[-79.872685,40.449367],[-79.86714,40.449392],[-79.865843,40.455745],[-79.868278,40.456351],[-79.867028,40.458547],[-79.860629,40.458594],[-79.858016,40.459408],[-79.857285,40.457242],[-79.855537,40.457386],[-79.855472,40.453606],[-79.854219,40.452819],[-79.844323,40.449646],[-79.84374,40.45074],[-79.840227,40.449789],[-79.835346,40.44507],[-79.82952,40.444314],[-79.82761,40.445058],[-79.820032,40.443189],[-79.802667,40.43858],[-79.802935,40.436672],[-79.804468,40.43493],[-79.803587,40.43296],[-79.802086,40.432012],[-79.802765,40.427898],[-79.803552,40.426832],[-79.807582,40.425324],[-79.809341,40.423634],[-79.811432,40.422743],[-79.816057,40.41981],[-79.818164,40.417647],[-79.823218,40.416208],[-79.824507,40.414747],[-79.826642,40.413878],[-79.827477,40.410062],[-79.831202,40.410672],[-79.833352,40.408839],[-79.833585,40.400376],[-79.830103,40.399337],[-79.8301,40.398347],[-79.835554,40.394313],[-79.837107,40.390888],[-79.839986,40.391124],[-79.846231,40.393555],[-79.851697,40.394513],[-79.852031,40.390205],[-79.853443,40.388406],[-79.864108,40.392268],[-79.868994,40.395133],[-79.87285,40.398245],[-79.87674,40.402196],[-79.881203,40.405551],[-79.889878,40.409886],[-79.897893,40.414954],[-79.899623,40.41545]]]},"properties":{"district":"034","name":"State House District 34"}},{"type":"Feature","geometry":{"type":"Polygon","coordinates":[[[-75.833631,40.073342],[-75.779516,40.115851],[-75.780278,40.120657],[-75.77779,40.123446],[-75.765375,40.124248],[-75.764112,40.11907],[-75.761956,40.116335],[-75.759005,40.113545],[-75.757488,40.110029],[-75.756237,40.108868],[-75.753471,40.104433],[-75.750586,40.102351],[-75.750145,40.100019],[-75.738224,40.098646],[-75.735127,40.098716],[-75.733895,40.099757],[-75.733082,40.103331],[-75.730238,40.106053],[-75.723329,40.106311],[-75.71969,40.108214],[-75.715114,40.118845],[-75.709451,40.115304],[-75.704397,40.111909],[-75.706433,40.107103],[-75.697354,40.101642],[-75.693778,40.103632],[-75.68324,40.107694],[-75.683642,40.108292],[-75.673162,40.112335],[-75.668457,40.103613],[-75.675739,40.100859],[-75.67779,40.102174],[-75.685713,40.095015],[-75.672375,40.087174],[-75.656215,40.078038],[-75.616324,40.054757],[-75.61333,40.050536],[-75.639776,40.042161],[-75.654505,40.038151],[-75.66086,40.035969],[-75.673653,40.031918],[-75.701945,40.029132],[-75.707805,40.028346],[-75.707318,40.025707],[-75.706242,40.024737],[-75.706011,40.021548],[-75.707117,40.019022],[-75.706926,40.017751],[-75.704112,40.015848],[-75.705834,40.013371],[-75.700057,40.013812],[-75.701235,40.017803],[-75.704521,40.017233],[-75.705542,40.020341],[-75.694801,40.021323],[-75.694452,40.018964],[-75.692126,40.019148],[-75.691865,40.016135],[-75.690019,40.013955],[-75.68422,40.01644],[-75.682201,40.011383],[-75.681198,40.011431],[-75.680605,40.006892],[-75.6761,40.007283],[-75.675758,40.005376],[-75.6827,40.004245],[-75.690906,40.002075],[-75.693907,40.001628],[-75.69406,40.003054],[-75.700354,40.002602],[-75.700165,40.001135],[-75.704439,40.000787],[-75.708953,39.997259],[-75.715345,39.995422],[-75.715524,39.996969],[-75.723702,39.996787],[-75.724024,39.999126],[-75.738161,39.997279],[-75.745864,39.996029],[-75.746712,40.001643],[-75.745871,40.003233],[-75.746153,40.005901],[-75.744581,40.010946],[-75.746596,40.012941],[-75.751072,40.01277],[-75.754199,40.01568],[-75.764738,40.015539],[-75.764912,40.014109],[-75.779719,40.012821],[-75.779548,40.011564],[-75.790411,40.010609],[-75.790152,40.008933],[-75.799119,40.007715],[-75.8145,40.004408],[-75.823841,40.004886],[-75.825047,40.005211],[-75.826815,40.008479],[-75.831511,40.009669],[-75.833924,40.011437],[-75.836542,40.012511],[-75.837881,40.015642],[-75.839124,40.017053],[-75.842867,40.015536],[-75.845622,40.018139],[-75.8461,40.019898],[-75.847859,40.02212],[-75.844112,40.024842],[-75.843281,40.026694],[-75.837937,40.027246],[-75.835259,40.029328],[-75.834274,40.030804],[-75.835561,40.031718],[-75.831038,40.03315],[-75.829465,40.036801],[-75.829724,40.038472],[-75.826443,40.041221],[-75.826932,40.04195],[-75.830468,40.042139],[-75.839168,40.04139],[-75.841363,40.056936],[-75.844149,40.056763],[-75.833631,40.073342]]]},"properties":{"district":"155","name":"State House District 155"}},{"type":"Feature","geometry":{"type":"Polygon","coordinates":[[[-79.932971,40.397317],[-79.929157,40.399256],[-79.924057,40.404487],[-79.921112,40.408298],[-79.915403,40.413226],[-79.910954,40.415002],[-79.905972,40.415707],[-79.901512,40.415879],[-79.899623,40.41545],[-79.897893,40.414954],[-79.889878,40.409886],[-79.881203,40.405551],[-79.87674,40.402196],[-79.87285,40.398245],[-79.868994,40.395133],[-79.864108,40.392268],[-79.853443,40.388406],[-79.849793,40.38516],[-79.843939,40.38091],[-79.841155,40.378408],[-79.839148,40.375883],[-79.837189,40.371649],[-79.836374,40.364988],[-79.834186,40.361458],[-79.833204,40.362674],[-79.82918,40.361184],[-79.821907,40.361098],[-79.813463,40.360681],[-79.812612,40.360997],[-79.801629,40.360292],[-79.774412,40.359673],[-79.779512,40.335102],[-79.781991,40.323821],[-79.7823,40.321526],[-79.784208,40.313894],[-79.788648,40.297738],[-79.792896,40.297993],[-79.798759,40.292869],[-79.801054,40.292576],[-79.803032,40.293641],[-79.80645,40.297022],[-79.807193,40.299501],[-79.806767,40.302241],[-79.804622,40.304037],[-79.79483,40.307099],[-79.791763,40.309073],[-79.790226,40.310979],[-79.790278,40.313784],[-79.791055,40.315211],[-79.793311,40.317075],[-79.796318,40.318244],[-79.803281,40.319804],[-79.810506,40.320165],[-79.814419,40.319875],[-79.818472,40.318875],[-79.821069,40.317537],[-79.827068,40.313444],[-79.831517,40.312115],[-79.835881,40.312481],[-79.838406,40.314286],[-79.835635,40.308954],[-79.836889,40.30742],[-79.839537,40.302732],[-79.837886,40.301655],[-79.832311,40.299186],[-79.829311,40.298341],[-79.829975,40.296151],[-79.832269,40.293932],[-79.834151,40.291347],[-79.835678,40.29021],[-79.838394,40.289613],[-79.841262,40.285437],[-79.846277,40.284213],[-79.851501,40.279516],[-79.861875,40.277403],[-79.864933,40.278973],[-79.866966,40.278914],[-79.869601,40.276679],[-79.873096,40.276899],[-79.875348,40.278859],[-79.87451,40.279645],[-79.877761,40.28263],[-79.876178,40.283596],[-79.878312,40.285029],[-79.880129,40.285376],[-79.882034,40.283411],[-79.88356,40.28297],[-79.888347,40.283189],[-79.892702,40.28091],[-79.897918,40.281],[-79.900475,40.283211],[-79.899901,40.291813],[-79.90037,40.29563],[-79.896882,40.296957],[-79.887781,40.297432],[-79.883666,40.298136],[-79.889186,40.300709],[-79.895365,40.29889],[-79.899548,40.301929],[-79.896985,40.303279],[-79.894698,40.30558],[-79.900763,40.312059],[-79.899589,40.312099],[-79.8973,40.314253],[-79.898853,40.316569],[-79.900379,40.317408],[-79.898627,40.319526],[-79.896675,40.319746],[-79.895009,40.317783],[-79.89139,40.314728],[-79.884177,40.311453],[-79.881828,40.314958],[-79.877823,40.313095],[-79.876176,40.314647],[-79.876219,40.316334],[-79.87411,40.320211],[-79.876294,40.320995],[-79.87231,40.326443],[-79.875434,40.329078],[-79.883106,40.3324],[-79.884714,40.336966],[-79.883482,40.339539],[-79.880966,40.341771],[-79.881796,40.343386],[-79.885612,40.345168],[-79.881408,40.351046],[-79.878293,40.353641],[-79.876551,40.354393],[-79.866627,40.355993],[-79.860618,40.356414],[-79.853111,40.356448],[-79.847944,40.356932],[-79.846969,40.360337],[-79.85331,40.361426],[-79.854323,40.361126],[-79.856795,40.365627],[-79.859515,40.36702],[-79.858247,40.367882],[-79.857288,40.370852],[-79.861674,40.376095],[-79.868856,40.381928],[-79.867962,40.383725],[-79.871032,40.383831],[-79.873731,40.387757],[-79.87714,40.387814],[-79.880692,40.39173],[-79.88455,40.397481],[-79.889391,40.395517],[-79.891401,40.396307],[-79.893513,40.395354],[-79.894322,40.393429],[-79.893567,40.3912],[-79.894567,40.389415],[-79.894597,40.384212],[-79.890914,40.382961],[-79.889376,40.380808],[-79.890952,40.379381],[-79.891307,40.376352],[-79.894496,40.376689],[-79.898201,40.375166],[-79.905715,40.375486],[-79.909336,40.376895],[-79.911689,40.380541],[-79.913979,40.380878],[-79.916241,40.380079],[-79.916084,40.382113],[-79.918466,40.388475],[-79.9149,40.39339],[-79.916912,40.393921],[-79.913306,40.396972],[-79.918244,40.399306],[-79.929619,40.389731],[-79.932357,40.391499],[-79.932971,40.397317]]]},"properties":{"district":"035","name":"State House District 35"}},{"type":"Feature","geometry":{"type":"Polygon","coordinates":[[[-75.695289,39.994627],[-75.683575,39.996794],[-75.684057,39.99964],[-75.675083,40.000395],[-75.663142,40.001773],[-75.663764,40.005355],[-75.65626,40.008096],[-75.648576,39.998295],[-75.641761,39.989133],[-75.631039,39.993364],[-75.620659,39.997756],[-75.584251,40.012649],[-75.577954,40.002772],[-75.570829,39.998238],[-75.566548,39.997492],[-75.562726,39.996078],[-75.558788,39.998007],[-75.558262,39.999057],[-75.555792,40.000234],[-75.557328,40.002009],[-75.556415,40.002957],[-75.556226,40.006371],[-75.557596,40.009332],[-75.556445,40.010799],[-75.557565,40.012536],[-75.553307,40.014433],[-75.548134,40.01602],[-75.547383,40.013478],[-75.545127,40.013039],[-75.542572,40.014003],[-75.541503,40.012284],[-75.537115,40.013077],[-75.535605,40.010293],[-75.530175,40.003622],[-75.529306,40.002879],[-75.523413,39.995651],[-75.515297,39.985374],[-75.51441,39.984514],[-75.5083,39.976376],[-75.516347,39.972744],[-75.539443,39.96219],[-75.559647,39.95275],[-75.570502,39.947901],[-75.57223,39.947346],[-75.586256,39.940719],[-75.610076,39.929624],[-75.614641,39.92372],[-75.633391,39.914918],[-75.633609,39.916686],[-75.637645,39.916936],[-75.644756,39.919481],[-75.650384,39.923183],[-75.653497,39.924218],[-75.660056,39.924812],[-75.676194,39.944655],[-75.67149,39.946904],[-75.655123,39.954291],[-75.664718,39.96728],[-75.668973,39.968406],[-75.672289,39.967752],[-75.674083,39.969581],[-75.6776,39.971393],[-75.679606,39.97371],[-75.682689,39.975675],[-75.684275,39.97843],[-75.687351,39.981693],[-75.688586,39.985915],[-75.691374,39.990975],[-75.695289,39.994627]]]},"properties":{"district":"156","name":"State House District 156"}},{"type":"Feature","geometry":{"type":"Polygon","coordinates":[[[-80.004955,40.422441],[-80.004903,40.420781],[-80.00908,40.419608],[-80.011184,40.417952],[-80.011361,40.415068],[-80.00823,40.411637],[-80.005675,40.412283],[-80.005817,40.414039],[-80.003904,40.414058],[-80.003895,40.415843],[-80.001321,40.415885],[-80.001232,40.41369],[-79.998309,40.413612],[-79.997164,40.41558],[-79.996749,40.408165],[-79.992447,40.407379],[-79.991598,40.407682],[-79.989523,40.412223],[-79.988039,40.414434],[-79.988312,40.422875],[-79.987497,40.426007],[-79.982379,40.425463],[-79.981474,40.43346],[-79.975474,40.434369],[-79.973502,40.433877],[-79.960296,40.428635],[-79.955973,40.424569],[-79.954573,40.420769],[-79.952317,40.411237],[-79.952955,40.410659],[-79.957264,40.410556],[-79.958292,40.409969],[-79.96377,40.409502],[-79.966455,40.407015],[-79.969312,40.405479],[-79.974847,40.404633],[-79.979305,40.40194],[-79.979995,40.400214],[-79.975788,40.393122],[-79.973903,40.393433],[-79.973083,40.388717],[-79.975413,40.38828],[-79.975756,40.387212],[-79.974081,40.384792],[-79.969257,40.385796],[-79.969241,40.383376],[-79.966755,40.380589],[-79.962793,40.378794],[-79.965094,40.375664],[-79.961621,40.371529],[-79.962096,40.370691],[-79.971117,40.366747],[-79.974847,40.364294],[-79.982341,40.360872],[-79.983331,40.362571],[-79.987742,40.36199],[-79.98886,40.363945],[-79.98782,40.365551],[-79.985051,40.368162],[-79.986132,40.370309],[-79.984762,40.372116],[-79.98693,40.375081],[-79.985419,40.37673],[-79.986032,40.377822],[-79.991127,40.378924],[-79.99358,40.378321],[-79.994945,40.375666],[-79.998051,40.376472],[-79.999123,40.377344],[-80.001586,40.374841],[-80.004144,40.373982],[-80.00625,40.375306],[-80.005361,40.377133],[-80.001728,40.379699],[-80.003335,40.38117],[-80.005121,40.383883],[-80.007676,40.383012],[-80.007158,40.381531],[-80.010382,40.380442],[-80.012579,40.380889],[-80.014158,40.385765],[-80.016418,40.385129],[-80.018159,40.38645],[-80.027827,40.391598],[-80.028678,40.391263],[-80.030767,40.395007],[-80.031144,40.396613],[-80.02939,40.397205],[-80.031757,40.400089],[-80.032482,40.401729],[-80.033413,40.404021],[-80.027844,40.407138],[-80.03097,40.409388],[-80.029932,40.413011],[-80.028543,40.414242],[-80.027127,40.417389],[-80.026174,40.423581],[-80.022602,40.423393],[-80.02307,40.420612],[-80.019323,40.420677],[-80.017414,40.421966],[-80.016182,40.420318],[-80.013241,40.419852],[-80.012578,40.42182],[-80.011299,40.421806],[-80.009539,40.423537],[-80.004955,40.422441]]]},"properties":{"district":"036","name":"State House District 36"}},{"type":"Feature","geometry":{"type":"MultiPolygon","coordinates":[[[[-75.553956,40.121792],[-75.547244,40.128567],[-75.537642,40.122882],[-75.535969,40.123408],[-75.531097,40.120295],[-75.52939,40.121936],[-75.526394,40.121413],[-75.518542,40.117524],[-75.517007,40.119061],[-75.512903,40.116694],[-75.503212,40.126373],[-75.499728,40.129585],[-75.493688,40.126493],[-75.489159,40.125874],[-75.481083,40.126796],[-75.475572,40.12872],[-75.47245,40.129298],[-75.470803,40.128926],[-75.463509,40.126149],[-75.461599,40.124825],[-75.461288,40.122085],[-75.463228,40.119215],[-75.46708,40.117884],[-75.470361,40.115727],[-75.471603,40.111853],[-75.468961,40.107061],[-75.463918,40.103532],[-75.461729,40.103035],[-75.462637,40.100247],[-75.462926,40.097253],[-75.461909,40.096354],[-75.456666,40.094453],[-75.456896,40.091379],[-75.456186,40.087776],[-75.440721,40.094322],[-75.437864,40.089573],[-75.420124,40.097201],[-75.417091,40.092827],[-75.409889,40.083736],[-75.407236,40.080002],[-75.405647,40.07856],[-75.394539,40.063267],[-75.392632,40.060974],[-75.366687,40.072355],[-75.361066,40.065543],[-75.362333,40.064898],[-75.390838,40.052272],[-75.402672,40.047217],[-75.414991,40.041787],[-75.404394,40.027434],[-75.4226,40.014703],[-75.453771,39.993589],[-75.449952,39.993899],[-75.4431,39.993708],[-75.441731,39.992125],[-75.437692,39.993894],[-75.438219,39.990714],[-75.43563,39.98883],[-75.436193,39.986929],[-75.435816,39.985059],[-75.452431,39.977342],[-75.461954,39.972811],[-75.502135,39.954367],[-75.510673,39.965582],[-75.516347,39.972744],[-75.5083,39.976376],[-75.51441,39.984514],[-75.515297,39.985374],[-75.523413,39.995651],[-75.529306,40.002879],[-75.530175,40.003622],[-75.535605,40.010293],[-75.537115,40.013077],[-75.537863,40.01567],[-75.53957,40.018869],[-75.539804,40.022129],[-75.543978,40.029406],[-75.530586,40.035229],[-75.524473,40.026999],[-75.519577,40.029086],[-75.514976,40.022695],[-75.507731,40.025494],[-75.505533,40.025924],[-75.500786,40.02783],[-75.504362,40.032841],[-75.500496,40.034011],[-75.502524,40.036746],[-75.507849,40.037886],[-75.510294,40.042813],[-75.512528,40.041739],[-75.513278,40.042809],[-75.506964,40.045444],[-75.523609,40.066266],[-75.528978,40.073487],[-75.530434,40.074906],[-75.518555,40.077579],[-75.496405,40.083588],[-75.502511,40.085277],[-75.505457,40.088235],[-75.508198,40.089742],[-75.510268,40.091614],[-75.515343,40.094656],[-75.525535,40.104407],[-75.538448,40.112308],[-75.53785,40.112842],[-75.544429,40.116862],[-75.545191,40.116177],[-75.553956,40.121792]]],[[[-75.546026,40.129636],[-75.541716,40.134444],[-75.537749,40.133225],[-75.536477,40.131781],[-75.536879,40.129031],[-75.538689,40.130579],[-75.546026,40.129636]]]]},"properties":{"district":"157","name":"State House District 157"}},{"type":"Feature","geometry":{"type":"Polygon","coordinates":[[[-75.715345,39.995422],[-75.708953,39.997259],[-75.706843,39.996187],[-75.702848,39.9952],[-75.695289,39.994627],[-75.691374,39.990975],[-75.688586,39.985915],[-75.687351,39.981693],[-75.684275,39.97843],[-75.682689,39.975675],[-75.679606,39.97371],[-75.6776,39.971393],[-75.674083,39.969581],[-75.672289,39.967752],[-75.668973,39.968406],[-75.664718,39.96728],[-75.655123,39.954291],[-75.67149,39.946904],[-75.676194,39.944655],[-75.660056,39.924812],[-75.653497,39.924218],[-75.650384,39.923183],[-75.644756,39.919481],[-75.637645,39.916936],[-75.633609,39.916686],[-75.633391,39.914918],[-75.626297,39.912824],[-75.626665,39.909822],[-75.625157,39.906057],[-75.623374,39.904371],[-75.6239,39.899462],[-75.622573,39.896834],[-75.625745,39.897084],[-75.627583,39.895982],[-75.630847,39.895765],[-75.632274,39.897316],[-75.652821,39.89049],[-75.666913,39.885585],[-75.666052,39.883174],[-75.667553,39.877879],[-75.668895,39.876195],[-75.668753,39.873664],[-75.664116,39.874568],[-75.664548,39.875883],[-75.653208,39.878192],[-75.639665,39.870329],[-75.638334,39.861746],[-75.637687,39.855421],[-75.634843,39.83025],[-75.642344,39.828217],[-75.652932,39.824949],[-75.6666,39.819963],[-75.674449,39.816681],[-75.680468,39.813939],[-75.68974,39.809301],[-75.700089,39.803478],[-75.708716,39.798035],[-75.719502,39.790365],[-75.727175,39.78422],[-75.732996,39.779107],[-75.742029,39.770256],[-75.749893,39.761409],[-75.75447,39.755634],[-75.757581,39.764258],[-75.759398,39.76731],[-75.760831,39.775699],[-75.775678,39.774427],[-75.776716,39.783492],[-75.779289,39.801952],[-75.780743,39.814811],[-75.780919,39.819425],[-75.786246,39.818865],[-75.78872,39.822211],[-75.788527,39.828902],[-75.782725,39.830163],[-75.784984,39.848777],[-75.78046,39.849236],[-75.781155,39.855337],[-75.783494,39.855143],[-75.783603,39.857698],[-75.784989,39.8647],[-75.785846,39.871695],[-75.790368,39.871889],[-75.834285,39.868037],[-75.849008,39.866506],[-75.851942,39.879964],[-75.853072,39.889229],[-75.841793,39.896321],[-75.83532,39.90079],[-75.837312,39.907436],[-75.84002,39.90662],[-75.841949,39.909279],[-75.84388,39.916194],[-75.846531,39.922175],[-75.849036,39.921994],[-75.85222,39.923574],[-75.856649,39.927594],[-75.856644,39.931719],[-75.85376,39.932764],[-75.855268,39.936922],[-75.858397,39.93965],[-75.859413,39.942661],[-75.863232,39.942415],[-75.867012,39.94145],[-75.872127,39.943794],[-75.873511,39.949027],[-75.874367,39.949597],[-75.879557,39.949312],[-75.883405,39.95146],[-75.886016,39.954397],[-75.890111,39.95732],[-75.890431,39.958637],[-75.871155,39.963438],[-75.849448,39.96875],[-75.829133,39.974344],[-75.825705,39.975153],[-75.822761,39.969342],[-75.826669,39.966995],[-75.831155,39.965561],[-75.829943,39.963373],[-75.835431,39.961186],[-75.833498,39.959518],[-75.825886,39.962977],[-75.821268,39.958577],[-75.819626,39.957534],[-75.819565,39.95463],[-75.817382,39.955225],[-75.812022,39.955366],[-75.812159,39.960792],[-75.80555,39.961798],[-75.802679,39.960948],[-75.80466,39.957274],[-75.802313,39.955921],[-75.800022,39.95765],[-75.796969,39.956942],[-75.796179,39.959672],[-75.794839,39.959875],[-75.793167,39.962905],[-75.800742,39.964272],[-75.799962,39.965646],[-75.797496,39.97996],[-75.797714,39.981157],[-75.785058,39.983982],[-75.749806,39.986806],[-75.750125,39.990562],[-75.728083,39.992547],[-75.715345,39.995422]]]},"properties":{"district":"158","name":"State House District 158"}},{"type":"Feature","geometry":{"type":"Polygon","coordinates":[[[-76.466307,40.2284],[-76.43541,40.238221],[-76.407544,40.241928],[-76.399367,40.243212],[-76.368198,40.247416],[-76.360572,40.248192],[-76.347279,40.25009],[-76.336461,40.251284],[-76.307578,40.255066],[-76.261063,40.273346],[-76.241549,40.280846],[-76.238467,40.282118],[-76.211253,40.292723],[-76.209292,40.261794],[-76.211229,40.25995],[-76.216013,40.256932],[-76.216151,40.253509],[-76.215279,40.252589],[-76.21666,40.248504],[-76.213965,40.247182],[-76.213813,40.244782],[-76.211912,40.244025],[-76.209285,40.240918],[-76.205639,40.241803],[-76.203531,40.241219],[-76.200349,40.237777],[-76.202289,40.236215],[-76.200803,40.232916],[-76.201168,40.230964],[-76.200128,40.229649],[-76.197302,40.22825],[-76.194962,40.228538],[-76.193309,40.224167],[-76.192186,40.22371],[-76.190362,40.22078],[-76.186458,40.221039],[-76.185411,40.219957],[-76.186909,40.214486],[-76.184173,40.211006],[-76.183607,40.207416],[-76.195259,40.2051],[-76.209834,40.202042],[-76.211205,40.200314],[-76.225679,40.188525],[-76.24277,40.187477],[-76.255995,40.182358],[-76.260394,40.18224],[-76.260777,40.180784],[-76.258358,40.179527],[-76.259703,40.177657],[-76.258246,40.174948],[-76.253917,40.17438],[-76.253489,40.17343],[-76.255107,40.171053],[-76.250534,40.171021],[-76.248304,40.168375],[-76.243876,40.168851],[-76.243468,40.165917],[-76.239412,40.164604],[-76.235096,40.165255],[-76.234437,40.163767],[-76.235573,40.162123],[-76.234323,40.161417],[-76.229622,40.161457],[-76.226118,40.160732],[-76.223886,40.159419],[-76.227847,40.156144],[-76.228629,40.153733],[-76.226804,40.15117],[-76.221645,40.14842],[-76.218318,40.146287],[-76.215735,40.142035],[-76.219971,40.140849],[-76.221248,40.141231],[-76.222881,40.139118],[-76.225106,40.139505],[-76.229346,40.13666],[-76.231327,40.13413],[-76.23019,40.131976],[-76.237456,40.123567],[-76.237326,40.121415],[-76.231302,40.116707],[-76.226645,40.115111],[-76.240602,40.116802],[-76.247449,40.121144],[-76.258036,40.12614],[-76.263348,40.126428],[-76.279494,40.128596],[-76.280656,40.128944],[-76.283204,40.129491],[-76.288474,40.128354],[-76.30423,40.126256],[-76.316077,40.125926],[-76.324144,40.126645],[-76.336042,40.127123],[-76.340434,40.126729],[-76.363255,40.12716],[-76.366791,40.124331],[-76.374545,40.127955],[-76.374956,40.125134],[-76.38237,40.125808],[-76.383906,40.125545],[-76.38751,40.12297],[-76.398468,40.122358],[-76.404965,40.122192],[-76.405721,40.120771],[-76.406885,40.115915],[-76.409515,40.114974],[-76.411141,40.116202],[-76.413519,40.116292],[-76.41401,40.120273],[-76.416783,40.12194],[-76.416942,40.120202],[-76.418285,40.118604],[-76.420232,40.118948],[-76.420844,40.115745],[-76.425568,40.117263],[-76.424331,40.113688],[-76.424823,40.110855],[-76.427179,40.1117],[-76.431369,40.112459],[-76.431651,40.111056],[-76.430405,40.108402],[-76.432725,40.107799],[-76.434007,40.110258],[-76.438167,40.11302],[-76.438131,40.110054],[-76.439315,40.108236],[-76.440955,40.107585],[-76.445822,40.108678],[-76.446583,40.110306],[-76.448285,40.111336],[-76.449852,40.109281],[-76.452045,40.107649],[-76.451571,40.106042],[-76.447684,40.10607],[-76.445271,40.102476],[-76.449148,40.100672],[-76.453869,40.100588],[-76.455912,40.100099],[-76.45574,40.098664],[-76.457066,40.096355],[-76.454477,40.094782],[-76.458062,40.094159],[-76.458666,40.090184],[-76.457941,40.088767],[-76.460443,40.088268],[-76.463319,40.085153],[-76.461903,40.083597],[-76.461741,40.079732],[-76.465562,40.078641],[-76.463748,40.076886],[-76.465264,40.075477],[-76.467161,40.07585],[-76.468682,40.074986],[-76.469477,40.073128],[-76.471406,40.073607],[-76.476029,40.073372],[-76.476916,40.072145],[-76.474826,40.070247],[-76.476389,40.068617],[-76.476186,40.067435],[-76.478918,40.06577],[-76.482494,40.06489],[-76.485063,40.06555],[-76.488174,40.064743],[-76.491187,40.066897],[-76.495904,40.068881],[-76.499749,40.068608],[-76.501102,40.070378],[-76.503185,40.070016],[-76.504707,40.068037],[-76.501186,40.066032],[-76.502008,40.064909],[-76.504215,40.066297],[-76.50681,40.066025],[-76.510403,40.069499],[-76.512977,40.067604],[-76.511812,40.066605],[-76.512335,40.064847],[-76.515094,40.063759],[-76.518382,40.068698],[-76.518668,40.07211],[-76.51977,40.074018],[-76.52127,40.074638],[-76.52225,40.076509],[-76.520325,40.077745],[-76.519659,40.075896],[-76.516327,40.073646],[-76.514435,40.074579],[-76.510741,40.07478],[-76.513208,40.076935],[-76.508967,40.078201],[-76.506794,40.079616],[-76.503079,40.08031],[-76.501042,40.084027],[-76.503178,40.087714],[-76.505366,40.08822],[-76.504598,40.089971],[-76.501809,40.088564],[-76.500248,40.088672],[-76.500019,40.090378],[-76.501427,40.092696],[-76.497529,40.091488],[-76.496603,40.092629],[-76.498112,40.094356],[-76.501296,40.096236],[-76.500073,40.09715],[-76.497133,40.09634],[-76.496397,40.098438],[-76.493814,40.099219],[-76.491595,40.102079],[-76.492233,40.103629],[-76.490122,40.108072],[-76.486443,40.107973],[-76.458689,40.107994],[-76.461461,40.111015],[-76.468295,40.111187],[-76.468605,40.112793],[-76.475597,40.113777],[-76.477643,40.113066],[-76.477814,40.109974],[-76.484041,40.109398],[-76.483905,40.112077],[-76.485497,40.112837],[-76.488841,40.112465],[-76.490126,40.114319],[-76.492817,40.116474],[-76.495592,40.114199],[-76.497182,40.1145],[-76.498994,40.116077],[-76.502401,40.117542],[-76.499208,40.118878],[-76.500636,40.120629],[-76.501641,40.124222],[-76.499784,40.125723],[-76.501057,40.130694],[-76.497487,40.131663],[-76.496429,40.132904],[-76.498215,40.133985],[-76.499664,40.133493],[-76.504845,40.133618],[-76.50444,40.135579],[-76.504776,40.140411],[-76.503657,40.141399],[-76.501573,40.140291],[-76.499525,40.142611],[-76.499506,40.14397],[-76.497151,40.145893],[-76.498184,40.14815],[-76.498976,40.152699],[-76.49876,40.154988],[-76.500446,40.159113],[-76.507343,40.156682],[-76.510229,40.15806],[-76.51471,40.157483],[-76.516343,40.15806],[-76.515099,40.159579],[-76.515282,40.161157],[-76.517467,40.162212],[-76.518111,40.163509],[-76.517143,40.165658],[-76.517178,40.169352],[-76.521232,40.169675],[-76.520811,40.17432],[-76.518929,40.176883],[-76.519852,40.178682],[-76.51983,40.180849],[-76.515713,40.185827],[-76.514913,40.188526],[-76.513674,40.190319],[-76.514013,40.192519],[-76.513043,40.194643],[-76.510919,40.196854],[-76.509601,40.200295],[-76.506933,40.202266],[-76.507839,40.204125],[-76.505496,40.205064],[-76.50609,40.206089],[-76.504001,40.207529],[-76.501595,40.207166],[-76.499313,40.209377],[-76.495467,40.209143],[-76.488506,40.211879],[-76.486652,40.211169],[-76.482551,40.211184],[-76.477971,40.210357],[-76.472737,40.210801],[-76.470191,40.211355],[-76.466752,40.214203],[-76.465089,40.214585],[-76.46404,40.217217],[-76.465152,40.219575],[-76.464823,40.221527],[-76.465874,40.222162],[-76.468198,40.226445],[-76.469311,40.227409],[-76.466307,40.2284]]]},"properties":{"district":"037","name":"State House District 37"}},{"type":"Feature","geometry":{"type":"Polygon","coordinates":[[[-79.952955,40.410659],[-79.951621,40.405367],[-79.949915,40.402401],[-79.9455,40.398462],[-79.94259,40.397328],[-79.937277,40.396645],[-79.932971,40.397317],[-79.932357,40.391499],[-79.929619,40.389731],[-79.918244,40.399306],[-79.913306,40.396972],[-79.916912,40.393921],[-79.9149,40.39339],[-79.918466,40.388475],[-79.916084,40.382113],[-79.916241,40.380079],[-79.913979,40.380878],[-79.911689,40.380541],[-79.909336,40.376895],[-79.905715,40.375486],[-79.898201,40.375166],[-79.894496,40.376689],[-79.891307,40.376352],[-79.890952,40.379381],[-79.889376,40.380808],[-79.890914,40.382961],[-79.894597,40.384212],[-79.894567,40.389415],[-79.893567,40.3912],[-79.894322,40.393429],[-79.893513,40.395354],[-79.891401,40.396307],[-79.889391,40.395517],[-79.88455,40.397481],[-79.880692,40.39173],[-79.87714,40.387814],[-79.873731,40.387757],[-79.871032,40.383831],[-79.867962,40.383725],[-79.868856,40.381928],[-79.861674,40.376095],[-79.857288,40.370852],[-79.858247,40.367882],[-79.859515,40.36702],[-79.856795,40.365627],[-79.854323,40.361126],[-79.85331,40.361426],[-79.846969,40.360337],[-79.847944,40.356932],[-79.853111,40.356448],[-79.860618,40.356414],[-79.866627,40.355993],[-79.876551,40.354393],[-79.878293,40.353641],[-79.881408,40.351046],[-79.885612,40.345168],[-79.881796,40.343386],[-79.880966,40.341771],[-79.883482,40.339539],[-79.884714,40.336966],[-79.883106,40.3324],[-79.875434,40.329078],[-79.87231,40.326443],[-79.876294,40.320995],[-79.87411,40.320211],[-79.876219,40.316334],[-79.876176,40.314647],[-79.877823,40.313095],[-79.881828,40.314958],[-79.884177,40.311453],[-79.89139,40.314728],[-79.895009,40.317783],[-79.896675,40.319746],[-79.898627,40.319526],[-79.925802,40.325599],[-79.926238,40.324568],[-79.934153,40.32804],[-79.947328,40.335706],[-79.950691,40.337446],[-79.964,40.344991],[-79.966662,40.341518],[-79.974742,40.337308],[-79.975878,40.338053],[-79.981429,40.335755],[-79.986659,40.331191],[-79.996276,40.336948],[-79.998059,40.338248],[-80.005578,40.342965],[-80.011622,40.351993],[-80.017084,40.359027],[-80.012867,40.36196],[-80.011219,40.362034],[-80.009643,40.360267],[-80.004877,40.36479],[-80.007897,40.366614],[-80.00081,40.371036],[-80.001586,40.374841],[-79.999123,40.377344],[-79.998051,40.376472],[-79.994945,40.375666],[-79.99358,40.378321],[-79.991127,40.378924],[-79.986032,40.377822],[-79.985419,40.37673],[-79.98693,40.375081],[-79.984762,40.372116],[-79.986132,40.370309],[-79.985051,40.368162],[-79.98782,40.365551],[-79.98886,40.363945],[-79.987742,40.36199],[-79.983331,40.362571],[-79.982341,40.360872],[-79.974847,40.364294],[-79.971117,40.366747],[-79.962096,40.370691],[-79.961621,40.371529],[-79.965094,40.375664],[-79.962793,40.378794],[-79.966755,40.380589],[-79.969241,40.383376],[-79.969257,40.385796],[-79.974081,40.384792],[-79.975756,40.387212],[-79.975413,40.38828],[-79.973083,40.388717],[-79.973903,40.393433],[-79.975788,40.393122],[-79.979995,40.400214],[-79.979305,40.40194],[-79.974847,40.404633],[-79.969312,40.405479],[-79.966455,40.407015],[-79.96377,40.409502],[-79.958292,40.409969],[-79.957264,40.410556],[-79.952955,40.410659]]]},"properties":{"district":"038","name":"State House District 38"}},{"type":"Feature","geometry":{"type":"Polygon","coordinates":[[[-75.472445,39.826884],[-75.466754,39.828659],[-75.468003,39.831048],[-75.471196,39.830896],[-75.471512,39.835516],[-75.468071,39.838634],[-75.468678,39.843389],[-75.463319,39.843151],[-75.461962,39.845162],[-75.462376,39.848672],[-75.461576,39.850852],[-75.468796,39.85987],[-75.457435,39.864949],[-75.455443,39.866016],[-75.443167,39.858641],[-75.428876,39.851235],[-75.418298,39.856151],[-75.415798,39.853325],[-75.408102,39.843701],[-75.404444,39.843827],[-75.402156,39.842992],[-75.396648,39.844553],[-75.396143,39.843313],[-75.392794,39.840166],[-75.390124,39.839231],[-75.389557,39.84076],[-75.384894,39.843227],[-75.387496,39.846311],[-75.384723,39.847512],[-75.386377,39.85007],[-75.383572,39.850635],[-75.381047,39.850368],[-75.378331,39.854562],[-75.376028,39.855854],[-75.373271,39.854526],[-75.369964,39.852294],[-75.366081,39.854204],[-75.366075,39.856333],[-75.365179,39.857205],[-75.370426,39.857513],[-75.369564,39.859295],[-75.376253,39.861362],[-75.379645,39.86189],[-75.379141,39.864791],[-75.382167,39.865882],[-75.379398,39.870138],[-75.381353,39.870907],[-75.376738,39.873906],[-75.375805,39.875728],[-75.371569,39.87314],[-75.373118,39.872371],[-75.368692,39.870502],[-75.36639,39.870238],[-75.366203,39.873231],[-75.361922,39.872254],[-75.358773,39.872879],[-75.356789,39.873927],[-75.356102,39.869301],[-75.351367,39.868095],[-75.351658,39.866833],[-75.34884,39.864642],[-75.348601,39.86302],[-75.340692,39.866871],[-75.338348,39.865001],[-75.334542,39.864318],[-75.330205,39.865158],[-75.328947,39.865305],[-75.324218,39.863455],[-75.322055,39.859343],[-75.32065,39.857822],[-75.319519,39.852288],[-75.318531,39.849913],[-75.323231,39.849813],[-75.330432,39.849013],[-75.342422,39.845845],[-75.346315,39.844159],[-75.353532,39.839902],[-75.354401,39.839917],[-75.367866,39.830442],[-75.37173,39.827559],[-75.398417,39.810467],[-75.409053,39.80465],[-75.415062,39.801919],[-75.423104,39.806709],[-75.429641,39.81006],[-75.440507,39.815142],[-75.45349,39.820457],[-75.461293,39.823286],[-75.472445,39.826884]]]},"properties":{"district":"159","name":"State House District 159"}},{"type":"Feature","geometry":{"type":"Polygon","coordinates":[[[-79.898627,40.319526],[-79.900379,40.317408],[-79.898853,40.316569],[-79.8973,40.314253],[-79.899589,40.312099],[-79.900763,40.312059],[-79.894698,40.30558],[-79.896985,40.303279],[-79.899548,40.301929],[-79.895365,40.29889],[-79.889186,40.300709],[-79.883666,40.298136],[-79.887781,40.297432],[-79.896882,40.296957],[-79.90037,40.29563],[-79.899901,40.291813],[-79.900475,40.283211],[-79.897918,40.281],[-79.892702,40.28091],[-79.888347,40.283189],[-79.88356,40.28297],[-79.882034,40.283411],[-79.880129,40.285376],[-79.878312,40.285029],[-79.876178,40.283596],[-79.877761,40.28263],[-79.87451,40.279645],[-79.875348,40.278859],[-79.873096,40.276899],[-79.869601,40.276679],[-79.866966,40.278914],[-79.864933,40.278973],[-79.861875,40.277403],[-79.851501,40.279516],[-79.846277,40.284213],[-79.841262,40.285437],[-79.838394,40.289613],[-79.835678,40.29021],[-79.834151,40.291347],[-79.832269,40.293932],[-79.829975,40.296151],[-79.829311,40.298341],[-79.832311,40.299186],[-79.837886,40.301655],[-79.839537,40.302732],[-79.836889,40.30742],[-79.835635,40.308954],[-79.838406,40.314286],[-79.835881,40.312481],[-79.831517,40.312115],[-79.827068,40.313444],[-79.821069,40.317537],[-79.818472,40.318875],[-79.814419,40.319875],[-79.810506,40.320165],[-79.803281,40.319804],[-79.796318,40.318244],[-79.793311,40.317075],[-79.791055,40.315211],[-79.790278,40.313784],[-79.790226,40.310979],[-79.791763,40.309073],[-79.79483,40.307099],[-79.804622,40.304037],[-79.806767,40.302241],[-79.807193,40.299501],[-79.80645,40.297022],[-79.803032,40.293641],[-79.801054,40.292576],[-79.798759,40.292869],[-79.792896,40.297993],[-79.788648,40.297738],[-79.784566,40.296066],[-79.780995,40.293608],[-79.775963,40.28921],[-79.775027,40.287021],[-79.77643,40.284437],[-79.780117,40.282109],[-79.783629,40.281924],[-79.788927,40.282255],[-79.794715,40.281683],[-79.796516,40.279445],[-79.796131,40.275225],[-79.794502,40.271336],[-79.788779,40.265312],[-79.787502,40.263242],[-79.78924,40.259592],[-79.793955,40.255761],[-79.796653,40.252833],[-79.799109,40.246966],[-79.803364,40.241803],[-79.805507,40.241014],[-79.807431,40.236894],[-79.807112,40.23452],[-79.805603,40.232548],[-79.802964,40.231489],[-79.795338,40.229926],[-79.790305,40.229169],[-79.786944,40.227967],[-79.782588,40.227626],[-79.800608,40.221738],[-79.81442,40.21668],[-79.83925,40.208755],[-79.850066,40.204684],[-79.867067,40.198837],[-79.869129,40.197383],[-79.865817,40.197031],[-79.860537,40.194839],[-79.857705,40.193175],[-79.861051,40.191736],[-79.863126,40.193575],[-79.869705,40.194673],[-79.869561,40.189575],[-79.87382,40.18689],[-79.87892,40.186918],[-79.87882,40.180637],[-79.886772,40.18072],[-79.889418,40.181669],[-79.890692,40.183289],[-79.894132,40.180005],[-79.904489,40.179959],[-79.903277,40.182823],[-79.909657,40.184549],[-79.912913,40.18489],[-79.921243,40.184903],[-79.923995,40.188087],[-79.926203,40.188951],[-79.929373,40.188674],[-79.930476,40.19076],[-79.930382,40.192976],[-79.931475,40.19442],[-79.939355,40.196646],[-79.939355,40.194694],[-79.942276,40.196817],[-79.947414,40.194036],[-79.954229,40.191502],[-79.956132,40.191494],[-79.958528,40.185976],[-79.960085,40.184692],[-79.961796,40.18088],[-79.965982,40.182888],[-79.966372,40.184188],[-79.968968,40.183998],[-79.974194,40.185215],[-79.978368,40.184873],[-79.982813,40.182471],[-79.984087,40.183914],[-79.988336,40.186117],[-79.991359,40.190538],[-79.993205,40.192466],[-79.989477,40.196134],[-79.990171,40.197899],[-79.987488,40.202793],[-79.984734,40.206697],[-79.989256,40.209419],[-79.996325,40.209707],[-80.001195,40.212314],[-80.002457,40.212598],[-80.002832,40.217101],[-80.011905,40.223249],[-80.012355,40.226181],[-80.022379,40.226637],[-80.02056,40.228739],[-80.018364,40.233457],[-80.016245,40.249241],[-80.01859,40.257351],[-80.011043,40.258687],[-80.0135,40.263342],[-80.017317,40.265072],[-80.023285,40.262337],[-80.031282,40.273296],[-80.033283,40.27643],[-80.033699,40.287674],[-80.030472,40.29199],[-80.026827,40.294834],[-80.025542,40.297879],[-80.023834,40.298393],[-80.023354,40.300339],[-80.02099,40.302199],[-80.020925,40.304074],[-80.015386,40.311939],[-79.998059,40.338248],[-79.996276,40.336948],[-79.986659,40.331191],[-79.981429,40.335755],[-79.975878,40.338053],[-79.974742,40.337308],[-79.966662,40.341518],[-79.964,40.344991],[-79.950691,40.337446],[-79.947328,40.335706],[-79.934153,40.32804],[-79.926238,40.324568],[-79.925802,40.325599],[-79.898627,40.319526]]]},"properties":{"district":"039","name":"State House District 39"}},{"type":"Feature","geometry":{"type":"Polygon","coordinates":[[[-75.633391,39.914918],[-75.614641,39.92372],[-75.610076,39.929624],[-75.586256,39.940719],[-75.57223,39.947346],[-75.570502,39.947901],[-75.559647,39.95275],[-75.539443,39.96219],[-75.516347,39.972744],[-75.510673,39.965582],[-75.502135,39.954367],[-75.507874,39.951651],[-75.501605,39.943548],[-75.492969,39.932963],[-75.482874,39.937615],[-75.472889,39.924143],[-75.485358,39.918194],[-75.487046,39.916433],[-75.482767,39.915415],[-75.482544,39.912959],[-75.480462,39.912001],[-75.48073,39.908531],[-75.479846,39.907634],[-75.476865,39.907961],[-75.475274,39.906346],[-75.471694,39.904694],[-75.470679,39.90168],[-75.468982,39.901597],[-75.467184,39.903721],[-75.464776,39.902334],[-75.461846,39.901625],[-75.460258,39.90028],[-75.457869,39.901641],[-75.457563,39.89957],[-75.450272,39.893904],[-75.453744,39.892825],[-75.455625,39.890808],[-75.455913,39.889352],[-75.459333,39.887213],[-75.460799,39.884219],[-75.459125,39.882679],[-75.464495,39.879288],[-75.465209,39.876916],[-75.467795,39.87438],[-75.467959,39.87344],[-75.464822,39.86932],[-75.46226,39.870271],[-75.455443,39.866016],[-75.457435,39.864949],[-75.468796,39.85987],[-75.461576,39.850852],[-75.462376,39.848672],[-75.461962,39.845162],[-75.463319,39.843151],[-75.468678,39.843389],[-75.468071,39.838634],[-75.471512,39.835516],[-75.471196,39.830896],[-75.468003,39.831048],[-75.466754,39.828659],[-75.472445,39.826884],[-75.487655,39.831002],[-75.498345,39.83338],[-75.50823,39.835215],[-75.520306,39.837005],[-75.534977,39.838531],[-75.544646,39.83915],[-75.557403,39.839507],[-75.56358,39.839494],[-75.576868,39.839044],[-75.585185,39.838478],[-75.599017,39.837027],[-75.610364,39.83536],[-75.617948,39.834],[-75.626124,39.832308],[-75.634843,39.83025],[-75.637687,39.855421],[-75.638334,39.861746],[-75.639665,39.870329],[-75.653208,39.878192],[-75.664548,39.875883],[-75.664116,39.874568],[-75.668753,39.873664],[-75.668895,39.876195],[-75.667553,39.877879],[-75.666052,39.883174],[-75.666913,39.885585],[-75.652821,39.89049],[-75.632274,39.897316],[-75.630847,39.895765],[-75.627583,39.895982],[-75.625745,39.897084],[-75.622573,39.896834],[-75.6239,39.899462],[-75.623374,39.904371],[-75.625157,39.906057],[-75.626665,39.909822],[-75.626297,39.912824],[-75.633391,39.914918]]]},"properties":{"district":"160","name":"State House District 160"}},{"type":"Feature","geometry":{"type":"Polygon","coordinates":[[[-80.017084,40.359027],[-80.011622,40.351993],[-80.005578,40.342965],[-79.998059,40.338248],[-80.015386,40.311939],[-80.020925,40.304074],[-80.02099,40.302199],[-80.023354,40.300339],[-80.023834,40.298393],[-80.025542,40.297879],[-80.026827,40.294834],[-80.030472,40.29199],[-80.033699,40.287674],[-80.033283,40.27643],[-80.031282,40.273296],[-80.023285,40.262337],[-80.017317,40.265072],[-80.0135,40.263342],[-80.011043,40.258687],[-80.01859,40.257351],[-80.016245,40.249241],[-80.019025,40.246262],[-80.021591,40.24577],[-80.025791,40.246364],[-80.028973,40.245432],[-80.031409,40.245376],[-80.034348,40.24449],[-80.040468,40.245717],[-80.043027,40.246594],[-80.043736,40.24569],[-80.047607,40.243726],[-80.050502,40.243493],[-80.052444,40.244059],[-80.060449,40.243304],[-80.062614,40.242741],[-80.06667,40.245825],[-80.068974,40.248102],[-80.072866,40.248998],[-80.074659,40.249879],[-80.079285,40.248205],[-80.082122,40.248449],[-80.084564,40.249803],[-80.087231,40.253073],[-80.090462,40.253431],[-80.097343,40.255688],[-80.098835,40.256871],[-80.101107,40.257375],[-80.1032,40.256842],[-80.110856,40.256382],[-80.115747,40.254604],[-80.114996,40.253933],[-80.118857,40.250836],[-80.124988,40.253063],[-80.128819,40.255011],[-80.13209,40.257417],[-80.134098,40.259663],[-80.139634,40.260326],[-80.141277,40.261398],[-80.137985,40.262654],[-80.137248,40.263755],[-80.138107,40.265992],[-80.13627,40.266197],[-80.133956,40.264883],[-80.132134,40.265247],[-80.131205,40.266827],[-80.131685,40.270447],[-80.13705,40.273024],[-80.138866,40.274805],[-80.13783,40.277777],[-80.138256,40.279312],[-80.139952,40.280358],[-80.139564,40.281953],[-80.136738,40.282571],[-80.13515,40.284049],[-80.129036,40.286466],[-80.129334,40.288966],[-80.13043,40.290515],[-80.130546,40.292443],[-80.129113,40.293839],[-80.128747,40.29584],[-80.136303,40.300217],[-80.135747,40.302762],[-80.133396,40.303421],[-80.128385,40.300629],[-80.127182,40.299351],[-80.124418,40.301915],[-80.122532,40.302942],[-80.119795,40.301842],[-80.117952,40.299797],[-80.115486,40.29918],[-80.111986,40.302607],[-80.112592,40.303947],[-80.116341,40.306929],[-80.11716,40.309317],[-80.116126,40.312478],[-80.116295,40.315196],[-80.117877,40.316089],[-80.117865,40.317482],[-80.115961,40.319133],[-80.115785,40.322627],[-80.111801,40.324548],[-80.110364,40.323925],[-80.103399,40.325221],[-80.100697,40.328154],[-80.102013,40.332739],[-80.104966,40.332509],[-80.108704,40.33147],[-80.113471,40.331546],[-80.111441,40.335977],[-80.110201,40.337079],[-80.106548,40.335752],[-80.104234,40.338162],[-80.100554,40.337245],[-80.099266,40.338064],[-80.095657,40.337297],[-80.095502,40.333518],[-80.094212,40.330025],[-80.090188,40.329107],[-80.080826,40.329175],[-80.079393,40.328273],[-80.081642,40.324875],[-80.072734,40.328535],[-80.070415,40.330831],[-80.066794,40.337822],[-80.065999,40.338786],[-80.057961,40.345335],[-80.054273,40.34741],[-80.052877,40.350735],[-80.041927,40.352867],[-80.039688,40.351783],[-80.037838,40.353625],[-80.03377,40.354447],[-80.033428,40.355139],[-80.028218,40.355858],[-80.028482,40.357064],[-80.022673,40.35745],[-80.022301,40.359284],[-80.017084,40.359027]]]},"properties":{"district":"040","name":"State House District 40"}},{"type":"Feature","geometry":{"type":"Polygon","coordinates":[[[-75.330205,39.865158],[-75.334542,39.864318],[-75.338348,39.865001],[-75.340692,39.866871],[-75.348601,39.86302],[-75.34884,39.864642],[-75.351658,39.866833],[-75.351367,39.868095],[-75.356102,39.869301],[-75.356789,39.873927],[-75.358773,39.872879],[-75.361922,39.872254],[-75.366203,39.873231],[-75.36639,39.870238],[-75.368692,39.870502],[-75.373118,39.872371],[-75.371569,39.87314],[-75.375805,39.875728],[-75.376738,39.873906],[-75.381353,39.870907],[-75.379398,39.870138],[-75.382167,39.865882],[-75.379141,39.864791],[-75.379645,39.86189],[-75.376253,39.861362],[-75.369564,39.859295],[-75.370426,39.857513],[-75.365179,39.857205],[-75.366075,39.856333],[-75.366081,39.854204],[-75.369964,39.852294],[-75.373271,39.854526],[-75.376028,39.855854],[-75.378331,39.854562],[-75.381047,39.850368],[-75.383572,39.850635],[-75.386377,39.85007],[-75.384723,39.847512],[-75.387496,39.846311],[-75.384894,39.843227],[-75.389557,39.84076],[-75.390124,39.839231],[-75.392794,39.840166],[-75.396143,39.843313],[-75.396648,39.844553],[-75.402156,39.842992],[-75.404444,39.843827],[-75.408102,39.843701],[-75.415798,39.853325],[-75.418298,39.856151],[-75.428876,39.851235],[-75.443167,39.858641],[-75.455443,39.866016],[-75.46226,39.870271],[-75.464822,39.86932],[-75.467959,39.87344],[-75.467795,39.87438],[-75.465209,39.876916],[-75.464495,39.879288],[-75.459125,39.882679],[-75.460799,39.884219],[-75.459333,39.887213],[-75.455913,39.889352],[-75.455625,39.890808],[-75.453744,39.892825],[-75.450272,39.893904],[-75.4505,39.892886],[-75.442242,39.892344],[-75.440118,39.893452],[-75.437227,39.891296],[-75.434127,39.89118],[-75.432521,39.89403],[-75.431306,39.892149],[-75.425735,39.890069],[-75.422259,39.892592],[-75.42171,39.893721],[-75.423421,39.8956],[-75.423285,39.896665],[-75.425197,39.898265],[-75.423505,39.900485],[-75.423736,39.902698],[-75.42054,39.904262],[-75.414283,39.905844],[-75.410228,39.908621],[-75.40596,39.913013],[-75.402366,39.914743],[-75.399146,39.912612],[-75.397316,39.909839],[-75.397874,39.906541],[-75.393835,39.904715],[-75.391775,39.90238],[-75.388655,39.906995],[-75.384634,39.913523],[-75.383231,39.911963],[-75.379844,39.912909],[-75.378087,39.912663],[-75.380936,39.919011],[-75.367719,39.928411],[-75.364835,39.930211],[-75.366822,39.926054],[-75.364046,39.924562],[-75.364258,39.922738],[-75.360814,39.924151],[-75.360441,39.922053],[-75.363856,39.919651],[-75.359868,39.918582],[-75.359901,39.915446],[-75.358288,39.913195],[-75.360023,39.912278],[-75.357775,39.910172],[-75.359698,39.908679],[-75.357642,39.907018],[-75.358214,39.904539],[-75.361307,39.903268],[-75.360595,39.901378],[-75.357144,39.901344],[-75.356898,39.899002],[-75.355315,39.898286],[-75.356177,39.89531],[-75.358856,39.893049],[-75.356327,39.890444],[-75.357774,39.887421],[-75.356119,39.88669],[-75.350289,39.890771],[-75.348575,39.889414],[-75.340961,39.894401],[-75.340725,39.895698],[-75.338106,39.896612],[-75.338498,39.893968],[-75.33788,39.891621],[-75.335532,39.886854],[-75.335389,39.885772],[-75.331666,39.885954],[-75.339361,39.88114],[-75.335418,39.877836],[-75.337026,39.873979],[-75.333894,39.870079],[-75.332312,39.867078],[-75.330205,39.865158]]]},"properties":{"district":"161","name":"State House District 161"}},{"type":"Feature","geometry":{"type":"Polygon","coordinates":[[[-75.318531,39.849913],[-75.319519,39.852288],[-75.32065,39.857822],[-75.322055,39.859343],[-75.324218,39.863455],[-75.328947,39.865305],[-75.330205,39.865158],[-75.332312,39.867078],[-75.333894,39.870079],[-75.337026,39.873979],[-75.335418,39.877836],[-75.339361,39.88114],[-75.331666,39.885954],[-75.335389,39.885772],[-75.335532,39.886854],[-75.33788,39.891621],[-75.338498,39.893968],[-75.338106,39.896612],[-75.337666,39.899285],[-75.329329,39.905114],[-75.326571,39.906685],[-75.319234,39.911796],[-75.313843,39.916911],[-75.311034,39.915373],[-75.305222,39.910035],[-75.305406,39.907706],[-75.302703,39.905954],[-75.299291,39.904941],[-75.2945,39.907038],[-75.292948,39.905709],[-75.288257,39.907881],[-75.286565,39.907621],[-75.285069,39.905804],[-75.274292,39.910672],[-75.265012,39.914276],[-75.264884,39.914798],[-75.260043,39.913519],[-75.259841,39.909578],[-75.255322,39.909654],[-75.254689,39.908463],[-75.255559,39.906524],[-75.251288,39.904403],[-75.255597,39.899596],[-75.255095,39.898666],[-75.257389,39.895704],[-75.256662,39.894848],[-75.259112,39.892436],[-75.261743,39.891774],[-75.262692,39.888343],[-75.264276,39.888401],[-75.264602,39.884737],[-75.262387,39.883446],[-75.267702,39.879715],[-75.269685,39.879155],[-75.272485,39.876715],[-75.274795,39.877413],[-75.276398,39.880686],[-75.279951,39.880848],[-75.28196,39.881573],[-75.287947,39.880454],[-75.288386,39.880858],[-75.293459,39.877466],[-75.295483,39.875314],[-75.297313,39.875204],[-75.298319,39.876792],[-75.301152,39.877359],[-75.304976,39.876229],[-75.30706,39.873887],[-75.313796,39.869641],[-75.314266,39.868323],[-75.31318,39.86493],[-75.314732,39.857212],[-75.316531,39.850012],[-75.318531,39.849913]]]},"properties":{"district":"162","name":"State House District 162"}},{"type":"Feature","geometry":{"type":"MultiPolygon","coordinates":[[[[-76.515094,40.063759],[-76.512335,40.064847],[-76.511812,40.066605],[-76.512977,40.067604],[-76.510403,40.069499],[-76.50681,40.066025],[-76.504215,40.066297],[-76.502008,40.064909],[-76.501186,40.066032],[-76.504707,40.068037],[-76.503185,40.070016],[-76.501102,40.070378],[-76.499749,40.068608],[-76.495904,40.068881],[-76.491187,40.066897],[-76.488174,40.064743],[-76.485063,40.06555],[-76.482494,40.06489],[-76.478918,40.06577],[-76.476186,40.067435],[-76.476389,40.068617],[-76.474826,40.070247],[-76.476916,40.072145],[-76.476029,40.073372],[-76.471406,40.073607],[-76.469477,40.073128],[-76.468682,40.074986],[-76.467161,40.07585],[-76.465264,40.075477],[-76.463748,40.076886],[-76.465562,40.078641],[-76.461741,40.079732],[-76.461903,40.083597],[-76.463319,40.085153],[-76.460443,40.088268],[-76.457941,40.088767],[-76.458666,40.090184],[-76.458062,40.094159],[-76.454477,40.094782],[-76.457066,40.096355],[-76.45574,40.098664],[-76.455912,40.100099],[-76.453869,40.100588],[-76.449148,40.100672],[-76.445271,40.102476],[-76.447684,40.10607],[-76.451571,40.106042],[-76.452045,40.107649],[-76.449852,40.109281],[-76.448285,40.111336],[-76.446583,40.110306],[-76.445822,40.108678],[-76.440955,40.107585],[-76.439315,40.108236],[-76.438131,40.110054],[-76.438167,40.11302],[-76.434007,40.110258],[-76.432725,40.107799],[-76.430405,40.108402],[-76.431651,40.111056],[-76.431369,40.112459],[-76.427179,40.1117],[-76.424823,40.110855],[-76.424331,40.113688],[-76.425568,40.117263],[-76.420844,40.115745],[-76.420232,40.118948],[-76.418285,40.118604],[-76.416942,40.120202],[-76.416783,40.12194],[-76.41401,40.120273],[-76.413519,40.116292],[-76.411141,40.116202],[-76.409515,40.114974],[-76.406885,40.115915],[-76.405721,40.120771],[-76.404965,40.122192],[-76.398468,40.122358],[-76.38751,40.12297],[-76.383906,40.125545],[-76.38237,40.125808],[-76.374956,40.125134],[-76.374545,40.127955],[-76.366791,40.124331],[-76.364573,40.12452],[-76.362507,40.123431],[-76.358529,40.122453],[-76.356799,40.120644],[-76.355936,40.118672],[-76.353639,40.118191],[-76.352509,40.115891],[-76.353122,40.113474],[-76.350639,40.112951],[-76.34709,40.110329],[-76.351285,40.108116],[-76.355869,40.106545],[-76.360207,40.107254],[-76.360662,40.108367],[-76.367045,40.108849],[-76.365043,40.106066],[-76.363606,40.103095],[-76.359722,40.093595],[-76.355611,40.09456],[-76.350901,40.094004],[-76.347458,40.091433],[-76.346294,40.089628],[-76.345565,40.086427],[-76.344494,40.085072],[-76.346162,40.082161],[-76.34959,40.082272],[-76.351673,40.08006],[-76.350224,40.077067],[-76.348725,40.076099],[-76.347168,40.073613],[-76.34481,40.071459],[-76.345596,40.069852],[-76.344788,40.0679],[-76.347278,40.06426],[-76.345923,40.063132],[-76.343861,40.064502],[-76.34258,40.063117],[-76.345024,40.06047],[-76.345474,40.058502],[-76.342321,40.057236],[-76.343035,40.055749],[-76.342078,40.053146],[-76.341414,40.051301],[-76.343531,40.048105],[-76.343566,40.046813],[-76.345319,40.044059],[-76.343251,40.041787],[-76.342608,40.039771],[-76.34356,40.036948],[-76.342891,40.035759],[-76.342361,40.031982],[-76.343761,40.030378],[-76.343867,40.026647],[-76.346506,40.025473],[-76.350444,40.024809],[-76.354266,40.025884],[-76.35301,40.023393],[-76.353629,40.022216],[-76.352163,40.014918],[-76.355827,40.015189],[-76.357693,40.012523],[-76.364063,40.008946],[-76.363,40.006904],[-76.367487,40.00584],[-76.375537,40.006254],[-76.377115,40.006598],[-76.377318,40.009467],[-76.375091,40.010445],[-76.375095,40.012756],[-76.382028,40.015626],[-76.383908,40.020499],[-76.378615,40.021776],[-76.379731,40.025055],[-76.382697,40.028123],[-76.383359,40.03576],[-76.376531,40.035196],[-76.375621,40.040106],[-76.381965,40.041077],[-76.388285,40.041364],[-76.394566,40.040358],[-76.405419,40.037731],[-76.409884,40.037168],[-76.418705,40.037338],[-76.418589,40.035486],[-76.422111,40.035668],[-76.43335,40.032595],[-76.451582,40.024854],[-76.456497,40.020728],[-76.471415,40.021678],[-76.477086,40.021644],[-76.476773,40.020169],[-76.485427,40.019568],[-76.488421,40.018951],[-76.490728,40.019967],[-76.512236,40.013442],[-76.513638,40.015623],[-76.520327,40.020022],[-76.525745,40.025012],[-76.527868,40.02799],[-76.528585,40.030322],[-76.529813,40.031102],[-76.52978,40.03284],[-76.532168,40.038232],[-76.531552,40.046157],[-76.53257,40.049283],[-76.533874,40.050818],[-76.531422,40.052713],[-76.526955,40.055262],[-76.522361,40.054455],[-76.520337,40.05469],[-76.517179,40.056646],[-76.518655,40.058351],[-76.518131,40.060554],[-76.515094,40.063759]]],[[[-76.344686,40.108284],[-76.340647,40.108613],[-76.338189,40.107593],[-76.342304,40.106695],[-76.344686,40.108284]]],[[[-76.347219,40.099909],[-76.346907,40.10027],[-76.335797,40.104383],[-76.335311,40.102805],[-76.335967,40.100653],[-76.335144,40.098513],[-76.336156,40.095312],[-76.339179,40.093164],[-76.33945,40.095673],[-76.345977,40.094286],[-76.344517,40.098409],[-76.346997,40.098361],[-76.347219,40.099909]]]]},"properties":{"district":"041","name":"State House District 41"}},{"type":"Feature","geometry":{"type":"Polygon","coordinates":[[[-80.095184,40.363368],[-80.093033,40.362073],[-80.089467,40.361821],[-80.085684,40.36304],[-80.081825,40.363059],[-80.081414,40.36428],[-80.072816,40.363434],[-80.073591,40.365497],[-80.077865,40.3695],[-80.079467,40.372802],[-80.084111,40.377106],[-80.079034,40.376392],[-80.075281,40.377406],[-80.069566,40.378235],[-80.067215,40.379826],[-80.0676,40.38138],[-80.069414,40.3833],[-80.069078,40.386789],[-80.071555,40.385451],[-80.073985,40.388176],[-80.0689,40.38889],[-80.06876,40.39195],[-80.064301,40.393243],[-80.059344,40.390975],[-80.056983,40.392372],[-80.054211,40.392922],[-80.056237,40.395597],[-80.054119,40.39649],[-80.054892,40.400954],[-80.051202,40.401943],[-80.045051,40.399041],[-80.042078,40.399746],[-80.036416,40.404277],[-80.035622,40.401698],[-80.032482,40.401729],[-80.031757,40.400089],[-80.02939,40.397205],[-80.031144,40.396613],[-80.030767,40.395007],[-80.028678,40.391263],[-80.027827,40.391598],[-80.018159,40.38645],[-80.016418,40.385129],[-80.014158,40.385765],[-80.012579,40.380889],[-80.010382,40.380442],[-80.007158,40.381531],[-80.007676,40.383012],[-80.005121,40.383883],[-80.003335,40.38117],[-80.001728,40.379699],[-80.005361,40.377133],[-80.00625,40.375306],[-80.004144,40.373982],[-80.001586,40.374841],[-80.00081,40.371036],[-80.007897,40.366614],[-80.004877,40.36479],[-80.009643,40.360267],[-80.011219,40.362034],[-80.012867,40.36196],[-80.017084,40.359027],[-80.022301,40.359284],[-80.022673,40.35745],[-80.028482,40.357064],[-80.028218,40.355858],[-80.033428,40.355139],[-80.03377,40.354447],[-80.037838,40.353625],[-80.039688,40.351783],[-80.041927,40.352867],[-80.052877,40.350735],[-80.054273,40.34741],[-80.057961,40.345335],[-80.065999,40.338786],[-80.066794,40.337822],[-80.070415,40.330831],[-80.072734,40.328535],[-80.081642,40.324875],[-80.079393,40.328273],[-80.080826,40.329175],[-80.090188,40.329107],[-80.094212,40.330025],[-80.095502,40.333518],[-80.095657,40.337297],[-80.099266,40.338064],[-80.100554,40.337245],[-80.104234,40.338162],[-80.106548,40.335752],[-80.110201,40.337079],[-80.111441,40.335977],[-80.113471,40.331546],[-80.115415,40.33372],[-80.107996,40.346867],[-80.107593,40.348089],[-80.110101,40.348924],[-80.110129,40.351565],[-80.108027,40.351418],[-80.106079,40.348846],[-80.100037,40.349336],[-80.098071,40.350006],[-80.095619,40.353265],[-80.092062,40.351754],[-80.090229,40.350431],[-80.087691,40.352387],[-80.095248,40.35539],[-80.097762,40.357526],[-80.095389,40.362092],[-80.095184,40.363368]]]},"properties":{"district":"042","name":"State House District 42"}},{"type":"Feature","geometry":{"type":"Polygon","coordinates":[[[-75.264884,39.914798],[-75.265012,39.914276],[-75.274292,39.910672],[-75.285069,39.905804],[-75.286565,39.907621],[-75.288257,39.907881],[-75.292948,39.905709],[-75.2945,39.907038],[-75.299291,39.904941],[-75.302703,39.905954],[-75.305406,39.907706],[-75.305222,39.910035],[-75.311034,39.915373],[-75.313843,39.916911],[-75.310297,39.918894],[-75.311355,39.920314],[-75.310401,39.933744],[-75.308239,39.936153],[-75.307724,39.937925],[-75.308225,39.940529],[-75.314114,39.944311],[-75.316508,39.943133],[-75.31996,39.942944],[-75.322308,39.944424],[-75.327109,39.944726],[-75.328521,39.946253],[-75.328183,39.948912],[-75.331053,39.949474],[-75.331717,39.952228],[-75.320234,39.956993],[-75.302404,39.964885],[-75.29996,39.961609],[-75.296899,39.962894],[-75.294729,39.962152],[-75.297552,39.959703],[-75.294961,39.956667],[-75.288178,39.959185],[-75.284556,39.960142],[-75.279498,39.954961],[-75.276882,39.953894],[-75.282057,39.951509],[-75.278453,39.948017],[-75.289743,39.94311],[-75.286618,39.937634],[-75.286027,39.93545],[-75.284283,39.934973],[-75.283097,39.931192],[-75.281281,39.930701],[-75.279476,39.933048],[-75.276616,39.934812],[-75.27326,39.931534],[-75.271791,39.928201],[-75.272253,39.926758],[-75.270738,39.925164],[-75.275311,39.923225],[-75.268223,39.918798],[-75.264039,39.918313],[-75.264884,39.914798]]]},"properties":{"district":"163","name":"State House District 163"}},{"type":"Feature","geometry":{"type":"Polygon","coordinates":[[[-75.27326,39.931534],[-75.276616,39.934812],[-75.279476,39.933048],[-75.281281,39.930701],[-75.283097,39.931192],[-75.284283,39.934973],[-75.286027,39.93545],[-75.286618,39.937634],[-75.289743,39.94311],[-75.278453,39.948017],[-75.282057,39.951509],[-75.276882,39.953894],[-75.279498,39.954961],[-75.284556,39.960142],[-75.288178,39.959185],[-75.294961,39.956667],[-75.297552,39.959703],[-75.294729,39.962152],[-75.296899,39.962894],[-75.29996,39.961609],[-75.302404,39.964885],[-75.280266,39.974964],[-75.278609,39.972263],[-75.275606,39.970211],[-75.270422,39.968479],[-75.270002,39.967479],[-75.265448,39.965257],[-75.260491,39.966313],[-75.258797,39.965571],[-75.257994,39.963677],[-75.256686,39.963719],[-75.25414,39.965404],[-75.251603,39.965356],[-75.248056,39.964074],[-75.247688,39.962817],[-75.248546,39.960269],[-75.25085,39.959099],[-75.249006,39.956907],[-75.249234,39.955429],[-75.251643,39.951954],[-75.251376,39.949065],[-75.250118,39.94697],[-75.247208,39.943904],[-75.255151,39.939896],[-75.27326,39.931534]]]},"properties":{"district":"164","name":"State House District 164"}},{"type":"Feature","geometry":{"type":"Polygon","coordinates":[[[-76.226645,40.115111],[-76.231302,40.116707],[-76.237326,40.121415],[-76.237456,40.123567],[-76.23019,40.131976],[-76.231327,40.13413],[-76.229346,40.13666],[-76.225106,40.139505],[-76.222881,40.139118],[-76.221248,40.141231],[-76.219971,40.140849],[-76.215735,40.142035],[-76.218318,40.146287],[-76.221645,40.14842],[-76.226804,40.15117],[-76.228629,40.153733],[-76.227847,40.156144],[-76.223886,40.159419],[-76.226118,40.160732],[-76.229622,40.161457],[-76.234323,40.161417],[-76.235573,40.162123],[-76.234437,40.163767],[-76.235096,40.165255],[-76.239412,40.164604],[-76.243468,40.165917],[-76.243876,40.168851],[-76.248304,40.168375],[-76.250534,40.171021],[-76.255107,40.171053],[-76.253489,40.17343],[-76.253917,40.17438],[-76.258246,40.174948],[-76.259703,40.177657],[-76.258358,40.179527],[-76.260777,40.180784],[-76.260394,40.18224],[-76.255995,40.182358],[-76.24277,40.187477],[-76.225679,40.188525],[-76.211205,40.200314],[-76.209834,40.202042],[-76.195259,40.2051],[-76.183607,40.207416],[-76.166134,40.211504],[-76.16292,40.209535],[-76.151067,40.195772],[-76.14695,40.195429],[-76.145592,40.19475],[-76.142272,40.191431],[-76.135961,40.191065],[-76.134064,40.189649],[-76.133118,40.187812],[-76.127749,40.185541],[-76.123833,40.182918],[-76.122792,40.180717],[-76.120818,40.180048],[-76.117306,40.177273],[-76.114372,40.176666],[-76.110824,40.175173],[-76.109318,40.173911],[-76.108032,40.171592],[-76.10673,40.170727],[-76.104852,40.172282],[-76.094008,40.166343],[-76.086955,40.177113],[-76.084787,40.176998],[-76.082518,40.175995],[-76.0809,40.174226],[-76.074958,40.152931],[-76.067143,40.12617],[-76.064305,40.115532],[-76.061938,40.107851],[-76.057863,40.092727],[-76.04658,40.053235],[-76.050508,40.044348],[-76.05697,40.027505],[-76.05935,40.021605],[-76.059236,40.020322],[-76.061165,40.017264],[-76.062239,40.016756],[-76.065343,40.017088],[-76.06765,40.019568],[-76.069736,40.017928],[-76.073539,40.016428],[-76.074427,40.015522],[-76.078598,40.017125],[-76.079031,40.015638],[-76.080712,40.014455],[-76.081191,40.018217],[-76.082355,40.019035],[-76.087445,40.019652],[-76.089575,40.015388],[-76.091754,40.014838],[-76.096302,40.014893],[-76.096327,40.01242],[-76.099512,40.011009],[-76.101011,40.009697],[-76.103457,40.010068],[-76.105151,40.01194],[-76.108328,40.012319],[-76.111363,40.010952],[-76.114872,40.011381],[-76.117776,40.009487],[-76.11951,40.010577],[-76.121512,40.014924],[-76.123194,40.015513],[-76.126037,40.011592],[-76.127987,40.011488],[-76.12991,40.014433],[-76.131491,40.014752],[-76.132101,40.012817],[-76.136015,40.010056],[-76.142213,40.014282],[-76.163593,40.028245],[-76.184788,40.043469],[-76.215975,40.065298],[-76.23232,40.076281],[-76.239231,40.081336],[-76.24809,40.086621],[-76.247663,40.087411],[-76.250218,40.092079],[-76.251893,40.094029],[-76.252214,40.095635],[-76.250274,40.096587],[-76.246597,40.09535],[-76.244613,40.096674],[-76.247222,40.101565],[-76.248478,40.104934],[-76.247349,40.106792],[-76.244073,40.10738],[-76.240434,40.102795],[-76.237913,40.102725],[-76.237421,40.10402],[-76.238477,40.107191],[-76.237968,40.108725],[-76.235538,40.110591],[-76.233063,40.109928],[-76.230512,40.106967],[-76.228226,40.106357],[-76.226186,40.10799],[-76.228495,40.110355],[-76.228768,40.111902],[-76.226645,40.115111]]]},"properties":{"district":"043","name":"State House District 43"}},{"type":"Feature","geometry":{"type":"Polygon","coordinates":[[[-80.158691,40.609232],[-80.158645,40.605241],[-80.133763,40.588242],[-80.124085,40.582201],[-80.113907,40.57546],[-80.113884,40.570515],[-80.116675,40.570457],[-80.113951,40.566789],[-80.113522,40.562274],[-80.113852,40.558766],[-80.115671,40.552859],[-80.119901,40.551148],[-80.122459,40.548848],[-80.121797,40.541399],[-80.121493,40.53322],[-80.120838,40.526567],[-80.120288,40.51314],[-80.128859,40.514808],[-80.13418,40.515342],[-80.137723,40.516329],[-80.143468,40.519068],[-80.147264,40.520404],[-80.157037,40.522563],[-80.16148,40.523803],[-80.171257,40.527397],[-80.178128,40.517856],[-80.176293,40.517603],[-80.173444,40.511915],[-80.172183,40.51086],[-80.161124,40.506225],[-80.150301,40.503551],[-80.146286,40.506889],[-80.144247,40.503839],[-80.141603,40.50285],[-80.141279,40.499793],[-80.142288,40.499145],[-80.144525,40.50068],[-80.146684,40.49967],[-80.148505,40.500132],[-80.152708,40.499422],[-80.155104,40.49702],[-80.154633,40.49544],[-80.152843,40.495481],[-80.149704,40.493313],[-80.149196,40.491438],[-80.152718,40.490718],[-80.152537,40.486566],[-80.154682,40.479053],[-80.156685,40.475573],[-80.155623,40.474221],[-80.152267,40.473611],[-80.156673,40.470783],[-80.155647,40.466724],[-80.160048,40.466585],[-80.16234,40.464004],[-80.159531,40.460575],[-80.161104,40.458547],[-80.162241,40.46154],[-80.164504,40.461386],[-80.16757,40.462397],[-80.169068,40.461567],[-80.167499,40.460293],[-80.168695,40.45895],[-80.172263,40.458257],[-80.172026,40.444007],[-80.171058,40.439926],[-80.171511,40.43659],[-80.17273,40.435522],[-80.170552,40.432474],[-80.169815,40.42912],[-80.168614,40.427664],[-80.168086,40.42282],[-80.168197,40.420146],[-80.167361,40.418202],[-80.168723,40.401803],[-80.16959,40.398937],[-80.172147,40.398266],[-80.172507,40.40092],[-80.175533,40.400883],[-80.177673,40.399572],[-80.182085,40.403155],[-80.184636,40.406435],[-80.188939,40.403105],[-80.193439,40.406347],[-80.197749,40.404729],[-80.193754,40.402042],[-80.192517,40.399524],[-80.18907,40.397214],[-80.189535,40.396048],[-80.193493,40.393789],[-80.196016,40.391097],[-80.198256,40.389638],[-80.201836,40.389152],[-80.207552,40.385027],[-80.209781,40.384718],[-80.213137,40.381124],[-80.214767,40.380697],[-80.216162,40.377195],[-80.215367,40.376171],[-80.217153,40.37409],[-80.218944,40.373129],[-80.228129,40.372466],[-80.229839,40.374135],[-80.23065,40.376588],[-80.234254,40.3775],[-80.234673,40.375468],[-80.296194,40.425476],[-80.312845,40.439363],[-80.329767,40.452735],[-80.337622,40.459327],[-80.360902,40.477668],[-80.324264,40.503826],[-80.31315,40.511613],[-80.278026,40.536736],[-80.271646,40.541463],[-80.25142,40.556023],[-80.232014,40.570593],[-80.227089,40.574154],[-80.224051,40.575268],[-80.224006,40.577329],[-80.222267,40.577971],[-80.220686,40.579834],[-80.218667,40.579742],[-80.21791,40.581874],[-80.214549,40.580819],[-80.211309,40.583143],[-80.211167,40.584979],[-80.206786,40.588153],[-80.204163,40.588568],[-80.202121,40.590936],[-80.198464,40.592655],[-80.195345,40.59585],[-80.193281,40.596933],[-80.190228,40.596182],[-80.186519,40.596126],[-80.184323,40.59692],[-80.185188,40.598118],[-80.188002,40.599181],[-80.18848,40.600046],[-80.184044,40.601132],[-80.184753,40.603585],[-80.180563,40.607344],[-80.180135,40.609476],[-80.177766,40.609193],[-80.176025,40.608113],[-80.169972,40.607723],[-80.169376,40.606618],[-80.164844,40.606957],[-80.160825,40.609491],[-80.158691,40.609232]]]},"properties":{"district":"044","name":"State House District 44"}},{"type":"Feature","geometry":{"type":"Polygon","coordinates":[[[-75.338106,39.896612],[-75.340725,39.895698],[-75.340961,39.894401],[-75.348575,39.889414],[-75.350289,39.890771],[-75.356119,39.88669],[-75.357774,39.887421],[-75.356327,39.890444],[-75.358856,39.893049],[-75.356177,39.89531],[-75.355315,39.898286],[-75.356898,39.899002],[-75.357144,39.901344],[-75.360595,39.901378],[-75.361307,39.903268],[-75.358214,39.904539],[-75.357642,39.907018],[-75.359698,39.908679],[-75.357775,39.910172],[-75.360023,39.912278],[-75.358288,39.913195],[-75.359901,39.915446],[-75.359868,39.918582],[-75.363856,39.919651],[-75.360441,39.922053],[-75.360814,39.924151],[-75.364258,39.922738],[-75.364046,39.924562],[-75.366822,39.926054],[-75.364835,39.930211],[-75.367719,39.928411],[-75.380936,39.919011],[-75.378087,39.912663],[-75.379844,39.912909],[-75.383231,39.911963],[-75.384634,39.913523],[-75.388655,39.906995],[-75.391775,39.90238],[-75.393835,39.904715],[-75.397874,39.906541],[-75.397316,39.909839],[-75.399146,39.912612],[-75.402366,39.914743],[-75.405738,39.91927],[-75.408899,39.919619],[-75.409394,39.924123],[-75.408289,39.925118],[-75.409117,39.926691],[-75.411827,39.9297],[-75.411441,39.933576],[-75.415024,39.935815],[-75.416212,39.938739],[-75.418621,39.940217],[-75.417286,39.942069],[-75.417471,39.9436],[-75.419759,39.944403],[-75.421407,39.945973],[-75.424848,39.947092],[-75.428108,39.947185],[-75.430609,39.950009],[-75.431835,39.950509],[-75.423949,39.962515],[-75.42111,39.961311],[-75.418674,39.963217],[-75.414139,39.95891],[-75.410111,39.961564],[-75.40487,39.965442],[-75.398057,39.969943],[-75.377968,39.984092],[-75.374067,39.983765],[-75.373837,39.98292],[-75.363433,39.974197],[-75.361248,39.97556],[-75.358468,39.972091],[-75.355633,39.970355],[-75.351318,39.966381],[-75.355404,39.963525],[-75.353948,39.962004],[-75.352126,39.962563],[-75.348239,39.95959],[-75.346306,39.961845],[-75.342662,39.962199],[-75.340982,39.964515],[-75.339546,39.962655],[-75.34172,39.960097],[-75.339867,39.95805],[-75.341054,39.956335],[-75.340087,39.955357],[-75.335132,39.954973],[-75.331717,39.952228],[-75.331053,39.949474],[-75.328183,39.948912],[-75.328521,39.946253],[-75.327109,39.944726],[-75.322308,39.944424],[-75.31996,39.942944],[-75.316508,39.943133],[-75.314114,39.944311],[-75.308225,39.940529],[-75.307724,39.937925],[-75.308239,39.936153],[-75.310401,39.933744],[-75.311355,39.920314],[-75.310297,39.918894],[-75.313843,39.916911],[-75.319234,39.911796],[-75.326571,39.906685],[-75.329329,39.905114],[-75.337666,39.899285],[-75.338106,39.896612]]]},"properties":{"district":"165","name":"State House District 165"}},{"type":"Feature","geometry":{"type":"Polygon","coordinates":[[[-80.053179,40.48217],[-80.051722,40.481287],[-80.048476,40.4773],[-80.047126,40.474031],[-80.047097,40.471687],[-80.050265,40.469281],[-80.051178,40.465599],[-80.058485,40.463447],[-80.060835,40.464184],[-80.063398,40.462816],[-80.068551,40.460787],[-80.072334,40.461374],[-80.074234,40.463127],[-80.076498,40.464657],[-80.078059,40.464684],[-80.079934,40.463366],[-80.08089,40.461237],[-80.083702,40.459439],[-80.086782,40.459856],[-80.094611,40.459716],[-80.095328,40.457495],[-80.0945,40.451331],[-80.093599,40.450747],[-80.090713,40.451421],[-80.089534,40.449836],[-80.091024,40.44905],[-80.090108,40.446579],[-80.090165,40.444162],[-80.089237,40.443333],[-80.084068,40.441929],[-80.082883,40.440437],[-80.085025,40.439643],[-80.086935,40.437761],[-80.089565,40.436278],[-80.091229,40.437088],[-80.092724,40.432345],[-80.090384,40.430924],[-80.092338,40.428465],[-80.095276,40.429989],[-80.096479,40.421262],[-80.09943,40.421273],[-80.09883,40.418162],[-80.091803,40.420088],[-80.089346,40.418438],[-80.088463,40.418885],[-80.085948,40.41695],[-80.084422,40.417505],[-80.079472,40.41482],[-80.079305,40.413347],[-80.080984,40.412796],[-80.073282,40.407789],[-80.070257,40.406397],[-80.067424,40.400977],[-80.069667,40.398562],[-80.079652,40.399862],[-80.079913,40.399218],[-80.08668,40.398683],[-80.0874,40.402666],[-80.090714,40.401418],[-80.092315,40.401358],[-80.09854,40.399976],[-80.100167,40.397838],[-80.10027,40.394375],[-80.099103,40.393891],[-80.097455,40.387861],[-80.099852,40.385176],[-80.099211,40.384304],[-80.096229,40.385136],[-80.092147,40.384536],[-80.093079,40.38314],[-80.093413,40.380287],[-80.094372,40.37808],[-80.097651,40.374982],[-80.098214,40.373429],[-80.09509,40.369608],[-80.094296,40.365549],[-80.095184,40.363368],[-80.095389,40.362092],[-80.097762,40.357526],[-80.095248,40.35539],[-80.087691,40.352387],[-80.090229,40.350431],[-80.092062,40.351754],[-80.095619,40.353265],[-80.098071,40.350006],[-80.100037,40.349336],[-80.106079,40.348846],[-80.108027,40.351418],[-80.110129,40.351565],[-80.110063,40.352347],[-80.115392,40.355771],[-80.117613,40.357903],[-80.120603,40.359183],[-80.119752,40.363802],[-80.119978,40.367935],[-80.12159,40.369164],[-80.122054,40.370739],[-80.120921,40.372284],[-80.12429,40.37305],[-80.129265,40.371999],[-80.132112,40.37285],[-80.138737,40.376779],[-80.143752,40.377761],[-80.150394,40.379616],[-80.157222,40.380271],[-80.168675,40.383763],[-80.170105,40.390726],[-80.169809,40.395094],[-80.168723,40.401803],[-80.167361,40.418202],[-80.168197,40.420146],[-80.168086,40.42282],[-80.168614,40.427664],[-80.169815,40.42912],[-80.170552,40.432474],[-80.17273,40.435522],[-80.171511,40.43659],[-80.171058,40.439926],[-80.172026,40.444007],[-80.172263,40.458257],[-80.168695,40.45895],[-80.167499,40.460293],[-80.169068,40.461567],[-80.16757,40.462397],[-80.164504,40.461386],[-80.162241,40.46154],[-80.161104,40.458547],[-80.159531,40.460575],[-80.16234,40.464004],[-80.160048,40.466585],[-80.155647,40.466724],[-80.156673,40.470783],[-80.152267,40.473611],[-80.155623,40.474221],[-80.156685,40.475573],[-80.154682,40.479053],[-80.152537,40.486566],[-80.152718,40.490718],[-80.149196,40.491438],[-80.149704,40.493313],[-80.152843,40.495481],[-80.154633,40.49544],[-80.155104,40.49702],[-80.152708,40.499422],[-80.148505,40.500132],[-80.146684,40.49967],[-80.144525,40.50068],[-80.142288,40.499145],[-80.141279,40.499793],[-80.141603,40.50285],[-80.144247,40.503839],[-80.146286,40.506889],[-80.150301,40.503551],[-80.161124,40.506225],[-80.172183,40.51086],[-80.173444,40.511915],[-80.176293,40.517603],[-80.178128,40.517856],[-80.171257,40.527397],[-80.16148,40.523803],[-80.157037,40.522563],[-80.147264,40.520404],[-80.143468,40.519068],[-80.137723,40.516329],[-80.13418,40.515342],[-80.128859,40.514808],[-80.120288,40.51314],[-80.112504,40.511842],[-80.107474,40.51022],[-80.098576,40.506969],[-80.092901,40.50432],[-80.087668,40.502611],[-80.081451,40.501439],[-80.077795,40.500184],[-80.075005,40.498395],[-80.068862,40.493697],[-80.066067,40.490799],[-80.061515,40.487486],[-80.053179,40.48217]]]},"properties":{"district":"045","name":"State House District 45"}},{"type":"Feature","geometry":{"type":"Polygon","coordinates":[[[-75.286766,39.989956],[-75.283928,39.987217],[-75.276482,39.976959],[-75.280266,39.974964],[-75.302404,39.964885],[-75.320234,39.956993],[-75.331717,39.952228],[-75.335132,39.954973],[-75.340087,39.955357],[-75.341054,39.956335],[-75.339867,39.95805],[-75.34172,39.960097],[-75.339546,39.962655],[-75.340982,39.964515],[-75.342662,39.962199],[-75.346306,39.961845],[-75.348239,39.95959],[-75.352126,39.962563],[-75.353948,39.962004],[-75.355404,39.963525],[-75.351318,39.966381],[-75.355633,39.970355],[-75.358468,39.972091],[-75.361248,39.97556],[-75.363433,39.974197],[-75.373837,39.98292],[-75.374067,39.983765],[-75.377968,39.984092],[-75.372338,39.987972],[-75.37409,39.990181],[-75.370688,39.994073],[-75.369254,39.995101],[-75.362937,39.998018],[-75.356594,40.000611],[-75.351503,40.003081],[-75.350498,40.001741],[-75.343076,40.004994],[-75.341222,40.004468],[-75.335871,40.006577],[-75.327499,40.010299],[-75.329067,40.012455],[-75.320699,40.016216],[-75.315697,40.018433],[-75.311432,40.01981],[-75.309433,40.016762],[-75.30633,40.012911],[-75.302534,40.009015],[-75.292825,39.996878],[-75.286766,39.989956]]]},"properties":{"district":"166","name":"State House District 166"}},{"type":"Feature","geometry":{"type":"Polygon","coordinates":[[[-80.113471,40.331546],[-80.108704,40.33147],[-80.104966,40.332509],[-80.102013,40.332739],[-80.100697,40.328154],[-80.103399,40.325221],[-80.110364,40.323925],[-80.111801,40.324548],[-80.115785,40.322627],[-80.115961,40.319133],[-80.117865,40.317482],[-80.117877,40.316089],[-80.116295,40.315196],[-80.116126,40.312478],[-80.11716,40.309317],[-80.116341,40.306929],[-80.112592,40.303947],[-80.111986,40.302607],[-80.115486,40.29918],[-80.117952,40.299797],[-80.119795,40.301842],[-80.122532,40.302942],[-80.124418,40.301915],[-80.127182,40.299351],[-80.128385,40.300629],[-80.133396,40.303421],[-80.135747,40.302762],[-80.136303,40.300217],[-80.128747,40.29584],[-80.129113,40.293839],[-80.130546,40.292443],[-80.13043,40.290515],[-80.129334,40.288966],[-80.129036,40.286466],[-80.13515,40.284049],[-80.136738,40.282571],[-80.139564,40.281953],[-80.139952,40.280358],[-80.138256,40.279312],[-80.13783,40.277777],[-80.138866,40.274805],[-80.13705,40.273024],[-80.131685,40.270447],[-80.131205,40.266827],[-80.132134,40.265247],[-80.133956,40.264883],[-80.13627,40.266197],[-80.138107,40.265992],[-80.137248,40.263755],[-80.137985,40.262654],[-80.141277,40.261398],[-80.139634,40.260326],[-80.147452,40.256959],[-80.156834,40.254784],[-80.160129,40.254615],[-80.164974,40.255304],[-80.168219,40.254601],[-80.169694,40.253475],[-80.172638,40.249868],[-80.175225,40.244883],[-80.178713,40.240461],[-80.181033,40.242439],[-80.18692,40.242051],[-80.193563,40.242424],[-80.200524,40.245068],[-80.202988,40.243548],[-80.202996,40.239847],[-80.205056,40.23919],[-80.206544,40.240568],[-80.208572,40.240857],[-80.208746,40.238303],[-80.213728,40.238172],[-80.214735,40.237105],[-80.211083,40.233856],[-80.214642,40.224567],[-80.214597,40.223258],[-80.216192,40.218898],[-80.220024,40.215508],[-80.224884,40.211813],[-80.232156,40.211536],[-80.236867,40.211782],[-80.243068,40.210233],[-80.245688,40.208608],[-80.247161,40.208903],[-80.248514,40.207638],[-80.252665,40.205275],[-80.254052,40.205739],[-80.260887,40.205912],[-80.263497,40.206711],[-80.265649,40.205244],[-80.265546,40.201716],[-80.266277,40.201445],[-80.273884,40.203291],[-80.27923,40.203826],[-80.281979,40.205385],[-80.28384,40.208482],[-80.285759,40.209976],[-80.286838,40.215573],[-80.285977,40.219172],[-80.286636,40.221032],[-80.286328,40.223358],[-80.286899,40.225141],[-80.288383,40.226091],[-80.291139,40.230569],[-80.292272,40.230791],[-80.294958,40.233961],[-80.299715,40.236828],[-80.300252,40.239345],[-80.301556,40.24124],[-80.301849,40.243178],[-80.303624,40.246247],[-80.307568,40.247164],[-80.311287,40.249987],[-80.312279,40.249238],[-80.3322,40.238166],[-80.343381,40.242602],[-80.344865,40.245625],[-80.347438,40.248352],[-80.358431,40.253133],[-80.365151,40.257841],[-80.36155,40.262015],[-80.357765,40.293725],[-80.35649,40.308594],[-80.350881,40.317197],[-80.335922,40.338601],[-80.330915,40.345313],[-80.328327,40.34961],[-80.296208,40.360257],[-80.280352,40.363992],[-80.27676,40.362073],[-80.267515,40.358199],[-80.261722,40.358982],[-80.257528,40.360451],[-80.253485,40.360894],[-80.249975,40.362222],[-80.247859,40.364042],[-80.244206,40.365149],[-80.242203,40.364582],[-80.239901,40.365322],[-80.243426,40.369908],[-80.23437,40.373589],[-80.234673,40.375468],[-80.234254,40.3775],[-80.23065,40.376588],[-80.229839,40.374135],[-80.228129,40.372466],[-80.218944,40.373129],[-80.217153,40.37409],[-80.215367,40.376171],[-80.216162,40.377195],[-80.214767,40.380697],[-80.213137,40.381124],[-80.209781,40.384718],[-80.207552,40.385027],[-80.201836,40.389152],[-80.198256,40.389638],[-80.196016,40.391097],[-80.193493,40.393789],[-80.189535,40.396048],[-80.18907,40.397214],[-80.192517,40.399524],[-80.193754,40.402042],[-80.197749,40.404729],[-80.193439,40.406347],[-80.188939,40.403105],[-80.184636,40.406435],[-80.182085,40.403155],[-80.177673,40.399572],[-80.175533,40.400883],[-80.172507,40.40092],[-80.172147,40.398266],[-80.16959,40.398937],[-80.168723,40.401803],[-80.169809,40.395094],[-80.170105,40.390726],[-80.168675,40.383763],[-80.157222,40.380271],[-80.150394,40.379616],[-80.143752,40.377761],[-80.138737,40.376779],[-80.132112,40.37285],[-80.129265,40.371999],[-80.12429,40.37305],[-80.120921,40.372284],[-80.122054,40.370739],[-80.12159,40.369164],[-80.119978,40.367935],[-80.119752,40.363802],[-80.120603,40.359183],[-80.117613,40.357903],[-80.115392,40.355771],[-80.110063,40.352347],[-80.110129,40.351565],[-80.110101,40.348924],[-80.107593,40.348089],[-80.107996,40.346867],[-80.115415,40.33372],[-80.113471,40.331546]]]},"properties":{"district":"046","name":"State House District 46"}},{"type":"Feature","geometry":{"type":"Polygon","coordinates":[[[-75.709451,40.115304],[-75.700476,40.124021],[-75.690828,40.134223],[-75.674178,40.150449],[-75.667657,40.150736],[-75.666217,40.149299],[-75.659723,40.151936],[-75.659867,40.154246],[-75.658713,40.156315],[-75.656688,40.155759],[-75.652834,40.158369],[-75.650928,40.157785],[-75.649814,40.155512],[-75.646597,40.15504],[-75.642126,40.155746],[-75.63343,40.153315],[-75.632003,40.153889],[-75.628794,40.151184],[-75.626276,40.150849],[-75.622789,40.151199],[-75.620927,40.152244],[-75.620035,40.150575],[-75.620801,40.148646],[-75.618617,40.144779],[-75.614994,40.142946],[-75.612939,40.143226],[-75.610309,40.144756],[-75.608354,40.145106],[-75.605679,40.14732],[-75.603638,40.150727],[-75.59972,40.152893],[-75.59696,40.151618],[-75.594523,40.151126],[-75.595333,40.147327],[-75.592982,40.143258],[-75.590549,40.142589],[-75.586502,40.142379],[-75.584507,40.139677],[-75.580789,40.137872],[-75.577188,40.137863],[-75.606336,40.108208],[-75.597137,40.102927],[-75.588009,40.09806],[-75.581244,40.094002],[-75.564764,40.110902],[-75.553956,40.121792],[-75.545191,40.116177],[-75.544429,40.116862],[-75.53785,40.112842],[-75.538448,40.112308],[-75.525535,40.104407],[-75.515343,40.094656],[-75.510268,40.091614],[-75.508198,40.089742],[-75.505457,40.088235],[-75.502511,40.085277],[-75.496405,40.083588],[-75.518555,40.077579],[-75.530434,40.074906],[-75.528978,40.073487],[-75.523609,40.066266],[-75.506964,40.045444],[-75.513278,40.042809],[-75.512528,40.041739],[-75.510294,40.042813],[-75.507849,40.037886],[-75.502524,40.036746],[-75.500496,40.034011],[-75.504362,40.032841],[-75.500786,40.02783],[-75.505533,40.025924],[-75.507731,40.025494],[-75.514976,40.022695],[-75.519577,40.029086],[-75.524473,40.026999],[-75.530586,40.035229],[-75.543978,40.029406],[-75.539804,40.022129],[-75.53957,40.018869],[-75.537863,40.01567],[-75.537115,40.013077],[-75.541503,40.012284],[-75.542572,40.014003],[-75.545127,40.013039],[-75.547383,40.013478],[-75.548134,40.01602],[-75.553307,40.014433],[-75.557565,40.012536],[-75.556445,40.010799],[-75.557596,40.009332],[-75.556226,40.006371],[-75.556415,40.002957],[-75.557328,40.002009],[-75.555792,40.000234],[-75.558262,39.999057],[-75.558788,39.998007],[-75.562726,39.996078],[-75.566548,39.997492],[-75.570829,39.998238],[-75.577954,40.002772],[-75.584251,40.012649],[-75.620659,39.997756],[-75.631039,39.993364],[-75.641761,39.989133],[-75.648576,39.998295],[-75.65626,40.008096],[-75.663764,40.005355],[-75.663142,40.001773],[-75.675083,40.000395],[-75.684057,39.99964],[-75.683575,39.996794],[-75.695289,39.994627],[-75.702848,39.9952],[-75.706843,39.996187],[-75.708953,39.997259],[-75.704439,40.000787],[-75.700165,40.001135],[-75.700354,40.002602],[-75.69406,40.003054],[-75.693907,40.001628],[-75.690906,40.002075],[-75.6827,40.004245],[-75.675758,40.005376],[-75.6761,40.007283],[-75.680605,40.006892],[-75.681198,40.011431],[-75.682201,40.011383],[-75.68422,40.01644],[-75.690019,40.013955],[-75.691865,40.016135],[-75.692126,40.019148],[-75.694452,40.018964],[-75.694801,40.021323],[-75.705542,40.020341],[-75.704521,40.017233],[-75.701235,40.017803],[-75.700057,40.013812],[-75.705834,40.013371],[-75.704112,40.015848],[-75.706926,40.017751],[-75.707117,40.019022],[-75.706011,40.021548],[-75.706242,40.024737],[-75.707318,40.025707],[-75.707805,40.028346],[-75.701945,40.029132],[-75.673653,40.031918],[-75.66086,40.035969],[-75.654505,40.038151],[-75.639776,40.042161],[-75.61333,40.050536],[-75.616324,40.054757],[-75.656215,40.078038],[-75.672375,40.087174],[-75.685713,40.095015],[-75.67779,40.102174],[-75.675739,40.100859],[-75.668457,40.103613],[-75.673162,40.112335],[-75.683642,40.108292],[-75.68324,40.107694],[-75.693778,40.103632],[-75.697354,40.101642],[-75.706433,40.107103],[-75.704397,40.111909],[-75.709451,40.115304]]]},"properties":{"district":"167","name":"State House District 167"}},{"type":"Feature","geometry":{"type":"Polygon","coordinates":[[[-75.361066,40.065543],[-75.360069,40.066196],[-75.356534,40.062787],[-75.349457,40.052905],[-75.339396,40.040323],[-75.329546,40.027635],[-75.32177,40.017403],[-75.320699,40.016216],[-75.329067,40.012455],[-75.327499,40.010299],[-75.335871,40.006577],[-75.341222,40.004468],[-75.343076,40.004994],[-75.350498,40.001741],[-75.351503,40.003081],[-75.356594,40.000611],[-75.362937,39.998018],[-75.369254,39.995101],[-75.370688,39.994073],[-75.37409,39.990181],[-75.372338,39.987972],[-75.377968,39.984092],[-75.398057,39.969943],[-75.40487,39.965442],[-75.410111,39.961564],[-75.414139,39.95891],[-75.418674,39.963217],[-75.42111,39.961311],[-75.423949,39.962515],[-75.431835,39.950509],[-75.430609,39.950009],[-75.428108,39.947185],[-75.424848,39.947092],[-75.421407,39.945973],[-75.419759,39.944403],[-75.417471,39.9436],[-75.417286,39.942069],[-75.418621,39.940217],[-75.416212,39.938739],[-75.415024,39.935815],[-75.411441,39.933576],[-75.411827,39.9297],[-75.409117,39.926691],[-75.408289,39.925118],[-75.409394,39.924123],[-75.408899,39.919619],[-75.405738,39.91927],[-75.402366,39.914743],[-75.40596,39.913013],[-75.410228,39.908621],[-75.414283,39.905844],[-75.42054,39.904262],[-75.423736,39.902698],[-75.423505,39.900485],[-75.425197,39.898265],[-75.423285,39.896665],[-75.423421,39.8956],[-75.42171,39.893721],[-75.422259,39.892592],[-75.425735,39.890069],[-75.431306,39.892149],[-75.432521,39.89403],[-75.434127,39.89118],[-75.437227,39.891296],[-75.440118,39.893452],[-75.442242,39.892344],[-75.4505,39.892886],[-75.450272,39.893904],[-75.457563,39.89957],[-75.457869,39.901641],[-75.460258,39.90028],[-75.461846,39.901625],[-75.464776,39.902334],[-75.467184,39.903721],[-75.468982,39.901597],[-75.470679,39.90168],[-75.471694,39.904694],[-75.475274,39.906346],[-75.476865,39.907961],[-75.479846,39.907634],[-75.48073,39.908531],[-75.480462,39.912001],[-75.482544,39.912959],[-75.482767,39.915415],[-75.487046,39.916433],[-75.485358,39.918194],[-75.472889,39.924143],[-75.482874,39.937615],[-75.492969,39.932963],[-75.501605,39.943548],[-75.507874,39.951651],[-75.502135,39.954367],[-75.461954,39.972811],[-75.452431,39.977342],[-75.435816,39.985059],[-75.436193,39.986929],[-75.43563,39.98883],[-75.438219,39.990714],[-75.437692,39.993894],[-75.441731,39.992125],[-75.4431,39.993708],[-75.449952,39.993899],[-75.453771,39.993589],[-75.4226,40.014703],[-75.404394,40.027434],[-75.414991,40.041787],[-75.402672,40.047217],[-75.390838,40.052272],[-75.362333,40.064898],[-75.361066,40.065543]]]},"properties":{"district":"168","name":"State House District 168"}},{"type":"Feature","geometry":{"type":"Polygon","coordinates":[[[-76.533874,40.050818],[-76.53257,40.049283],[-76.531552,40.046157],[-76.532168,40.038232],[-76.52978,40.03284],[-76.529813,40.031102],[-76.528585,40.030322],[-76.527868,40.02799],[-76.525745,40.025012],[-76.520327,40.020022],[-76.513638,40.015623],[-76.512236,40.013442],[-76.512005,40.012489],[-76.519749,40.010339],[-76.527059,40.007626],[-76.535206,40.001917],[-76.537559,40.001197],[-76.541224,40.00146],[-76.542689,39.999819],[-76.548263,39.996985],[-76.550829,39.996542],[-76.553034,39.995051],[-76.556078,39.994343],[-76.559575,39.991511],[-76.564383,39.990536],[-76.571946,39.987276],[-76.575052,39.986465],[-76.583333,39.983564],[-76.588981,39.983298],[-76.60225,39.977272],[-76.616092,39.973442],[-76.621602,39.980044],[-76.629816,39.977848],[-76.636822,39.978948],[-76.64225,39.979041],[-76.647148,39.98305],[-76.647984,39.984149],[-76.653648,39.981736],[-76.654286,39.983347],[-76.663885,39.982344],[-76.667164,39.985718],[-76.668722,39.987954],[-76.673643,39.987802],[-76.681078,39.985441],[-76.683905,39.985692],[-76.687978,39.984172],[-76.687588,39.983152],[-76.692355,39.982094],[-76.69471,39.982821],[-76.694724,39.977313],[-76.693091,39.973052],[-76.69457,39.972893],[-76.697296,39.977925],[-76.700679,39.978018],[-76.709373,39.979037],[-76.717231,39.97853],[-76.720137,39.981846],[-76.723665,39.982736],[-76.72447,39.980971],[-76.728443,39.981875],[-76.731476,39.981304],[-76.732114,39.982846],[-76.735811,39.982576],[-76.738067,39.981891],[-76.738026,39.979751],[-76.734999,39.979246],[-76.734019,39.975657],[-76.732604,39.975877],[-76.731935,39.972678],[-76.735278,39.971563],[-76.743117,39.973047],[-76.74488,39.981822],[-76.745177,39.9847],[-76.742294,39.986213],[-76.746686,39.992584],[-76.749487,39.990156],[-76.750756,39.988184],[-76.755844,39.989433],[-76.759356,39.985487],[-76.759675,39.981776],[-76.76107,39.980961],[-76.762816,39.982068],[-76.76569,39.982628],[-76.767582,39.984903],[-76.770576,39.986123],[-76.77884,39.986844],[-76.782538,39.986819],[-76.786767,39.988016],[-76.790084,39.99072],[-76.79252,39.992072],[-76.793805,39.99443],[-76.797428,39.999508],[-76.802569,40.004051],[-76.803601,40.006845],[-76.806892,40.011421],[-76.810739,40.014418],[-76.813574,40.016055],[-76.815733,40.01913],[-76.819053,40.020966],[-76.822025,40.021875],[-76.825802,40.02441],[-76.827501,40.026942],[-76.828179,40.02992],[-76.827944,40.032137],[-76.831749,40.035915],[-76.833681,40.040325],[-76.834379,40.044857],[-76.835016,40.046124],[-76.838827,40.048489],[-76.837071,40.05303],[-76.838655,40.056616],[-76.840951,40.058281],[-76.841814,40.060663],[-76.844652,40.063449],[-76.844515,40.065355],[-76.842388,40.067655],[-76.84082,40.073572],[-76.842175,40.075888],[-76.842349,40.078428],[-76.84416,40.079986],[-76.846924,40.084118],[-76.845062,40.086519],[-76.844587,40.089589],[-76.845769,40.092406],[-76.847673,40.093784],[-76.845757,40.098597],[-76.842317,40.099068],[-76.840334,40.095613],[-76.840179,40.093908],[-76.840879,40.090313],[-76.840474,40.087223],[-76.83849,40.083462],[-76.834623,40.081995],[-76.832399,40.083547],[-76.832255,40.087386],[-76.830015,40.089418],[-76.832271,40.093515],[-76.833007,40.096475],[-76.831648,40.097233],[-76.827758,40.096747],[-76.825453,40.095756],[-76.823181,40.095884],[-76.818045,40.098412],[-76.814124,40.094062],[-76.812987,40.094054],[-76.810092,40.09979],[-76.808449,40.100089],[-76.806268,40.098158],[-76.804556,40.097678],[-76.80256,40.098623],[-76.80062,40.101694],[-76.798076,40.103358],[-76.794706,40.104498],[-76.794699,40.107262],[-76.797677,40.108509],[-76.796599,40.110565],[-76.793176,40.109806],[-76.791046,40.106528],[-76.788708,40.104737],[-76.788225,40.10077],[-76.786288,40.099714],[-76.782678,40.099353],[-76.779302,40.100802],[-76.777581,40.104051],[-76.774687,40.104386],[-76.772705,40.103201],[-76.767604,40.101648],[-76.762806,40.099774],[-76.758533,40.098667],[-76.749721,40.097691],[-76.745681,40.101718],[-76.745589,40.104098],[-76.744758,40.105388],[-76.740264,40.10667],[-76.737466,40.105559],[-76.733738,40.100613],[-76.731244,40.097984],[-76.729361,40.094988],[-76.727841,40.091264],[-76.726307,40.089088],[-76.724228,40.083101],[-76.72332,40.082588],[-76.717507,40.081446],[-76.712573,40.082601],[-76.708431,40.082952],[-76.707807,40.084055],[-76.708633,40.086387],[-76.712805,40.088761],[-76.713108,40.090948],[-76.709123,40.095204],[-76.705106,40.100507],[-76.705593,40.101934],[-76.707753,40.104558],[-76.709495,40.107814],[-76.707881,40.110626],[-76.702285,40.106542],[-76.697187,40.102492],[-76.693163,40.098762],[-76.687529,40.092303],[-76.683489,40.08631],[-76.680428,40.083192],[-76.677477,40.077474],[-76.676042,40.075987],[-76.675504,40.073596],[-76.671267,40.069028],[-76.663825,40.063227],[-76.660653,40.06246],[-76.653722,40.059813],[-76.644508,40.058069],[-76.643618,40.059619],[-76.63581,40.058364],[-76.630745,40.056657],[-76.620598,40.054729],[-76.613366,40.054477],[-76.603811,40.052474],[-76.597588,40.051867],[-76.592897,40.050831],[-76.588482,40.049313],[-76.581546,40.048113],[-76.576411,40.046397],[-76.571217,40.045669],[-76.563854,40.045816],[-76.561872,40.046183],[-76.555823,40.046373],[-76.553895,40.046725],[-76.541455,40.051037],[-76.538768,40.051462],[-76.534524,40.051348],[-76.533874,40.050818]]]},"properties":{"district":"047","name":"State House District 47"}},{"type":"Feature","geometry":{"type":"Polygon","coordinates":[[[-80.016245,40.249241],[-80.018364,40.233457],[-80.02056,40.228739],[-80.022379,40.226637],[-80.012355,40.226181],[-80.011905,40.223249],[-80.002832,40.217101],[-80.002457,40.212598],[-80.001195,40.212314],[-79.996325,40.209707],[-79.989256,40.209419],[-79.984734,40.206697],[-79.987488,40.202793],[-79.990171,40.197899],[-79.989477,40.196134],[-79.993205,40.192466],[-79.991359,40.190538],[-79.988336,40.186117],[-79.984087,40.183914],[-79.982813,40.182471],[-79.978368,40.184873],[-79.974194,40.185215],[-79.968968,40.183998],[-79.966372,40.184188],[-79.965982,40.182888],[-79.961796,40.18088],[-79.960085,40.184692],[-79.958528,40.185976],[-79.956132,40.191494],[-79.954229,40.191502],[-79.947414,40.194036],[-79.942276,40.196817],[-79.939355,40.194694],[-79.939355,40.196646],[-79.931475,40.19442],[-79.930382,40.192976],[-79.930476,40.19076],[-79.929373,40.188674],[-79.926203,40.188951],[-79.923995,40.188087],[-79.921243,40.184903],[-79.912913,40.18489],[-79.909657,40.184549],[-79.903277,40.182823],[-79.904489,40.179959],[-79.894132,40.180005],[-79.890692,40.183289],[-79.889418,40.181669],[-79.886772,40.18072],[-79.87882,40.180637],[-79.87892,40.186918],[-79.87382,40.18689],[-79.869561,40.189575],[-79.869705,40.194673],[-79.863126,40.193575],[-79.861051,40.191736],[-79.857705,40.193175],[-79.854456,40.191255],[-79.853271,40.189223],[-79.851367,40.183012],[-79.850376,40.177303],[-79.851352,40.172151],[-79.853048,40.169127],[-79.856008,40.165799],[-79.859464,40.163143],[-79.864153,40.161815],[-79.870425,40.162087],[-79.876025,40.163159],[-79.887337,40.164983],[-79.893306,40.164983],[-79.897226,40.163991],[-79.901994,40.161367],[-79.904778,40.157255],[-79.904874,40.154807],[-79.90953,40.154999],[-79.913564,40.153257],[-79.912681,40.15079],[-79.912122,40.144359],[-79.906476,40.137966],[-79.904083,40.129228],[-79.90305,40.118039],[-79.901402,40.102984],[-79.90137,40.101608],[-79.91711,40.102895],[-79.947114,40.105745],[-79.9531,40.107416],[-79.976854,40.113675],[-79.980674,40.112876],[-79.989141,40.112068],[-79.984413,40.115384],[-79.984445,40.118184],[-79.98678,40.12116],[-79.988668,40.120664],[-79.995068,40.126151],[-79.992091,40.131247],[-79.995851,40.137188],[-79.993579,40.137412],[-79.990009,40.138901],[-79.991194,40.141552],[-79.995116,40.141126],[-80.00439,40.132748],[-80.00686,40.133539],[-80.007694,40.131463],[-80.015614,40.131927],[-80.019326,40.12748],[-80.022083,40.128004],[-80.026361,40.127855],[-80.026363,40.123503],[-80.021852,40.117756],[-80.023358,40.115432],[-80.025022,40.11548],[-80.027311,40.117383],[-80.028655,40.116647],[-80.026655,40.1138],[-80.029023,40.113368],[-80.029263,40.109768],[-80.027967,40.109032],[-80.02828,40.105925],[-80.025455,40.102279],[-80.021006,40.097336],[-80.021588,40.093964],[-80.026653,40.090648],[-80.030515,40.09005],[-80.037242,40.073951],[-80.039888,40.072898],[-80.059392,40.097816],[-80.058156,40.100185],[-80.057792,40.102312],[-80.062384,40.10356],[-80.06729,40.108209],[-80.077344,40.118215],[-80.077938,40.118544],[-80.094081,40.134407],[-80.1061,40.137722],[-80.112149,40.145682],[-80.116677,40.144052],[-80.118179,40.14519],[-80.119941,40.144408],[-80.129434,40.149498],[-80.130902,40.149328],[-80.13125,40.145678],[-80.132095,40.143865],[-80.131983,40.138266],[-80.133306,40.135322],[-80.132811,40.132552],[-80.133876,40.13067],[-80.13827,40.125894],[-80.138268,40.124272],[-80.140127,40.12159],[-80.142478,40.119274],[-80.143603,40.117298],[-80.145596,40.115969],[-80.147245,40.112936],[-80.150751,40.110557],[-80.152651,40.107482],[-80.152472,40.106768],[-80.155596,40.103624],[-80.156625,40.101536],[-80.1566,40.099444],[-80.158414,40.098212],[-80.158978,40.095887],[-80.160613,40.093505],[-80.161926,40.092717],[-80.165,40.088911],[-80.166478,40.08632],[-80.166942,40.083337],[-80.170118,40.079082],[-80.171725,40.072473],[-80.168632,40.070102],[-80.168247,40.067958],[-80.162344,40.064404],[-80.161392,40.063392],[-80.155896,40.060977],[-80.155032,40.06028],[-80.150728,40.059644],[-80.149564,40.058937],[-80.145801,40.059012],[-80.143752,40.057748],[-80.146419,40.055905],[-80.146497,40.054914],[-80.141835,40.052408],[-80.145151,40.049447],[-80.144107,40.047438],[-80.143931,40.041924],[-80.139586,40.037844],[-80.137803,40.034651],[-80.13907,40.033424],[-80.139679,40.030399],[-80.137648,40.026815],[-80.133105,40.024437],[-80.131126,40.022112],[-80.12586,40.019946],[-80.129604,40.017437],[-80.128354,40.016337],[-80.125205,40.015002],[-80.126262,40.013061],[-80.129697,40.011488],[-80.133686,40.012564],[-80.135679,40.011835],[-80.139539,40.011347],[-80.143033,40.011856],[-80.144944,40.011],[-80.146824,40.008221],[-80.147501,40.005987],[-80.151975,40.003225],[-80.152983,40.001463],[-80.157339,39.999581],[-80.160456,40.003339],[-80.164764,40.004285],[-80.169822,40.006226],[-80.172055,40.005536],[-80.175921,40.008138],[-80.181263,40.006592],[-80.182414,40.003231],[-80.186485,40.00266],[-80.187751,40.003302],[-80.191233,40.001931],[-80.192213,40.003783],[-80.19389,40.004913],[-80.197132,40.004802],[-80.19944,40.003196],[-80.204809,40.003451],[-80.208209,40.005112],[-80.212657,40.002907],[-80.214792,40.002804],[-80.22281,40.004662],[-80.22564,40.007526],[-80.231666,40.007663],[-80.23389,40.008524],[-80.236762,40.008597],[-80.240138,40.009476],[-80.2421,40.009167],[-80.2443,40.007045],[-80.251755,40.007783],[-80.252936,40.005184],[-80.256647,40.003086],[-80.258805,40.004125],[-80.262601,40.003192],[-80.263703,40.0019],[-80.266592,40.00169],[-80.269261,40.002849],[-80.271974,40.003111],[-80.273355,40.002376],[-80.275033,40.003553],[-80.276075,40.005519],[-80.274964,40.006558],[-80.271966,40.007729],[-80.273255,40.01328],[-80.278988,40.012724],[-80.281139,40.013447],[-80.284845,40.012629],[-80.285651,40.013698],[-80.28562,40.016002],[-80.287421,40.019206],[-80.292077,40.02059],[-80.29441,40.018547],[-80.298624,40.020254],[-80.301396,40.020559],[-80.304813,40.019566],[-80.306245,40.018126],[-80.310213,40.017654],[-80.310654,40.013089],[-80.309,40.012183],[-80.309899,40.009084],[-80.308831,40.007036],[-80.309114,40.00585],[-80.312568,40.003293],[-80.315229,40.003744],[-80.317484,40.003304],[-80.321055,40.00562],[-80.328356,40.004704],[-80.329808,40.005457],[-80.333041,40.00364],[-80.342332,40.001725],[-80.344834,40.000443],[-80.348248,40.001053],[-80.351766,40.000147],[-80.354324,39.997294],[-80.36084,39.997337],[-80.364001,39.996525],[-80.369073,39.997189],[-80.372275,39.996572],[-80.374634,39.995168],[-80.379505,39.994125],[-80.380821,39.992693],[-80.383302,39.991772],[-80.387396,39.989239],[-80.390603,39.988364],[-80.39336,39.985381],[-80.395778,39.983517],[-80.395758,39.979243],[-80.396475,39.97789],[-80.400047,39.977927],[-80.401687,39.978675],[-80.406713,39.976756],[-80.412921,39.976955],[-80.41749,39.975237],[-80.419952,39.975416],[-80.422894,39.972167],[-80.425379,39.97188],[-80.42976,39.975837],[-80.432107,39.977003],[-80.434787,39.977505],[-80.438519,39.977143],[-80.440649,39.975485],[-80.443,39.976068],[-80.445132,39.975758],[-80.443871,39.974111],[-80.444124,39.972598],[-80.446975,39.971152],[-80.447878,39.967165],[-80.449841,39.966826],[-80.451178,39.968497],[-80.450996,39.970853],[-80.452777,39.973419],[-80.453908,39.973101],[-80.456381,39.969397],[-80.461294,39.967381],[-80.461053,39.965845],[-80.458697,39.964081],[-80.460246,39.962314],[-80.4636,39.960905],[-80.4697,39.961766],[-80.470304,39.960456],[-80.466115,39.956803],[-80.466874,39.954642],[-80.471893,39.954554],[-80.475277,39.952065],[-80.480116,39.952716],[-80.482854,39.953868],[-80.486792,39.954759],[-80.489245,39.954127],[-80.490737,39.955313],[-80.490149,39.957474],[-80.487952,39.958668],[-80.48662,39.960222],[-80.488899,39.961604],[-80.490466,39.960986],[-80.493003,39.958755],[-80.496492,39.958588],[-80.499767,39.957598],[-80.501425,39.95607],[-80.502149,39.954161],[-80.504198,39.955617],[-80.508251,39.95737],[-80.509882,39.959299],[-80.514242,39.960124],[-80.518002,39.963515],[-80.519091,39.9622],[-80.519131,39.970029],[-80.519056,40.000074],[-80.51912,40.01641],[-80.51928,40.02577],[-80.518992,40.036169],[-80.519264,40.045402],[-80.518976,40.073929],[-80.499791,40.077627],[-80.478095,40.080141],[-80.470976,40.081686],[-80.448343,40.086845],[-80.435574,40.089137],[-80.435944,40.091636],[-80.412475,40.096308],[-80.390176,40.120506],[-80.374735,40.116199],[-80.371052,40.115295],[-80.3466,40.108683],[-80.344405,40.109937],[-80.343697,40.113099],[-80.332655,40.113707],[-80.331915,40.1147],[-80.326967,40.117052],[-80.324737,40.117258],[-80.322191,40.119076],[-80.319262,40.118834],[-80.316096,40.117873],[-80.312635,40.119075],[-80.312705,40.121513],[-80.311282,40.123137],[-80.308794,40.124442],[-80.310629,40.129046],[-80.310568,40.132727],[-80.309721,40.137511],[-80.310537,40.141513],[-80.310293,40.142535],[-80.307608,40.145576],[-80.308547,40.146589],[-80.309915,40.1507],[-80.309871,40.152567],[-80.303716,40.153029],[-80.30166,40.154587],[-80.296872,40.154742],[-80.290341,40.157564],[-80.285355,40.161586],[-80.27969,40.16276],[-80.275165,40.16402],[-80.268912,40.166558],[-80.269848,40.168535],[-80.267815,40.168743],[-80.266753,40.172567],[-80.257923,40.175943],[-80.268436,40.184599],[-80.269832,40.187334],[-80.269428,40.189749],[-80.267811,40.194437],[-80.265071,40.196504],[-80.260479,40.197136],[-80.261959,40.19935],[-80.265546,40.201716],[-80.265649,40.205244],[-80.263497,40.206711],[-80.260887,40.205912],[-80.254052,40.205739],[-80.252665,40.205275],[-80.248514,40.207638],[-80.247161,40.208903],[-80.245688,40.208608],[-80.243068,40.210233],[-80.236867,40.211782],[-80.232156,40.211536],[-80.224884,40.211813],[-80.220024,40.215508],[-80.216192,40.218898],[-80.214597,40.223258],[-80.214642,40.224567],[-80.211083,40.233856],[-80.214735,40.237105],[-80.213728,40.238172],[-80.208746,40.238303],[-80.208572,40.240857],[-80.206544,40.240568],[-80.205056,40.23919],[-80.202996,40.239847],[-80.202988,40.243548],[-80.200524,40.245068],[-80.193563,40.242424],[-80.18692,40.242051],[-80.181033,40.242439],[-80.178713,40.240461],[-80.175225,40.244883],[-80.172638,40.249868],[-80.169694,40.253475],[-80.168219,40.254601],[-80.164974,40.255304],[-80.160129,40.254615],[-80.156834,40.254784],[-80.147452,40.256959],[-80.139634,40.260326],[-80.134098,40.259663],[-80.13209,40.257417],[-80.128819,40.255011],[-80.124988,40.253063],[-80.118857,40.250836],[-80.114996,40.253933],[-80.115747,40.254604],[-80.110856,40.256382],[-80.1032,40.256842],[-80.101107,40.257375],[-80.098835,40.256871],[-80.097343,40.255688],[-80.090462,40.253431],[-80.087231,40.253073],[-80.084564,40.249803],[-80.082122,40.248449],[-80.079285,40.248205],[-80.074659,40.249879],[-80.072866,40.248998],[-80.068974,40.248102],[-80.06667,40.245825],[-80.062614,40.242741],[-80.060449,40.243304],[-80.052444,40.244059],[-80.050502,40.243493],[-80.047607,40.243726],[-80.043736,40.24569],[-80.043027,40.246594],[-80.040468,40.245717],[-80.034348,40.24449],[-80.031409,40.245376],[-80.028973,40.245432],[-80.025791,40.246364],[-80.021591,40.24577],[-80.019025,40.246262],[-80.016245,40.249241]]]},"properties":{"district":"048","name":"State House District 48"}},{"type":"Feature","geometry":{"type":"Polygon","coordinates":[[[-76.998583,39.831385],[-76.997296,39.831586],[-76.990663,39.834348],[-76.983043,39.841353],[-76.978543,39.847727],[-76.974083,39.84966],[-76.96484,39.850772],[-76.957175,39.855741],[-76.955503,39.828687],[-76.949408,39.818706],[-76.948792,39.816439],[-76.944992,39.811062],[-76.936096,39.804286],[-76.914956,39.789023],[-76.912132,39.792078],[-76.908998,39.792855],[-76.908964,39.793754],[-76.905338,39.794214],[-76.904274,39.796846],[-76.898188,39.800338],[-76.897398,39.802498],[-76.895087,39.804684],[-76.892958,39.805714],[-76.889395,39.805979],[-76.888223,39.804947],[-76.883357,39.806285],[-76.881141,39.810171],[-76.880819,39.811873],[-76.878682,39.813409],[-76.87634,39.813622],[-76.873491,39.811458],[-76.873091,39.810517],[-76.847181,39.820081],[-76.847058,39.820997],[-76.844534,39.822042],[-76.843691,39.821315],[-76.811053,39.832132],[-76.78635,39.838128],[-76.772226,39.841663],[-76.772393,39.840271],[-76.771062,39.839062],[-76.762773,39.835896],[-76.760254,39.832535],[-76.759372,39.830602],[-76.764309,39.828166],[-76.763721,39.825513],[-76.764847,39.822483],[-76.763311,39.820302],[-76.761495,39.820439],[-76.759203,39.818626],[-76.757167,39.818422],[-76.754242,39.815982],[-76.75226,39.810216],[-76.746896,39.806134],[-76.74439,39.805207],[-76.740914,39.802946],[-76.64639,39.82416],[-76.645996,39.820223],[-76.649294,39.819856],[-76.650106,39.818682],[-76.64785,39.815902],[-76.649682,39.813382],[-76.651213,39.812537],[-76.65288,39.809918],[-76.653515,39.807733],[-76.654932,39.806773],[-76.658087,39.806087],[-76.65922,39.803775],[-76.661797,39.802145],[-76.667281,39.797418],[-76.668826,39.795744],[-76.669111,39.794228],[-76.667405,39.791194],[-76.671382,39.783635],[-76.670172,39.777287],[-76.673653,39.782899],[-76.674975,39.78939],[-76.676889,39.790149],[-76.683964,39.789307],[-76.682304,39.786549],[-76.686243,39.78442],[-76.685992,39.780902],[-76.684384,39.779685],[-76.687964,39.777829],[-76.692142,39.774604],[-76.692677,39.775121],[-76.696051,39.771835],[-76.69041,39.7693],[-76.686489,39.76861],[-76.68409,39.765547],[-76.68236,39.758628],[-76.68072,39.750735],[-76.677148,39.750942],[-76.676382,39.746168],[-76.674458,39.747284],[-76.672233,39.746451],[-76.6732,39.752749],[-76.672585,39.753595],[-76.673738,39.757847],[-76.676155,39.76212],[-76.677838,39.769134],[-76.671866,39.771026],[-76.663709,39.771356],[-76.659668,39.769373],[-76.653271,39.767927],[-76.651458,39.764934],[-76.650064,39.763698],[-76.650357,39.762325],[-76.647961,39.759013],[-76.648573,39.757816],[-76.646048,39.756904],[-76.644264,39.75401],[-76.640744,39.751488],[-76.636311,39.749548],[-76.634924,39.748109],[-76.63467,39.746154],[-76.637253,39.7442],[-76.637816,39.742124],[-76.633697,39.742617],[-76.631467,39.739085],[-76.628046,39.738864],[-76.626219,39.737177],[-76.622338,39.738169],[-76.614903,39.735548],[-76.614438,39.732704],[-76.612049,39.733331],[-76.61141,39.734814],[-76.608864,39.73498],[-76.609453,39.733047],[-76.607734,39.726018],[-76.612283,39.723051],[-76.609425,39.721297],[-76.615191,39.721202],[-76.644595,39.7211],[-76.70448,39.721111],[-76.717005,39.721002],[-76.734795,39.721002],[-76.771455,39.720803],[-76.788399,39.720802],[-76.794989,39.720601],[-76.807919,39.720674],[-76.838012,39.720502],[-76.852715,39.720547],[-76.857475,39.720401],[-76.87294,39.72051],[-76.891046,39.72039],[-76.910587,39.720596],[-76.936519,39.720706],[-76.942453,39.720503],[-76.957818,39.720401],[-76.990903,39.719799],[-76.999318,39.720106],[-76.999413,39.750099],[-76.99965,39.819634],[-77.000312,39.831219],[-76.998583,39.831385]]]},"properties":{"district":"169","name":"State House District 169"}},{"type":"Feature","geometry":{"type":"Polygon","coordinates":[[[-76.363,40.006904],[-76.364063,40.008946],[-76.357693,40.012523],[-76.355827,40.015189],[-76.352163,40.014918],[-76.353629,40.022216],[-76.35301,40.023393],[-76.354266,40.025884],[-76.350444,40.024809],[-76.346506,40.025473],[-76.343867,40.026647],[-76.343761,40.030378],[-76.342361,40.031982],[-76.342891,40.035759],[-76.34356,40.036948],[-76.342608,40.039771],[-76.343251,40.041787],[-76.345319,40.044059],[-76.343566,40.046813],[-76.343531,40.048105],[-76.341414,40.051301],[-76.342078,40.053146],[-76.328848,40.050512],[-76.326925,40.050264],[-76.325274,40.040842],[-76.326138,40.038537],[-76.318495,40.037831],[-76.315199,40.036942],[-76.297137,40.038886],[-76.297703,40.042011],[-76.293779,40.042419],[-76.294282,40.045274],[-76.285852,40.04626],[-76.279196,40.047583],[-76.27796,40.048448],[-76.27529,40.045804],[-76.273983,40.043264],[-76.274155,40.040444],[-76.273507,40.03782],[-76.2733,40.03178],[-76.274436,40.028939],[-76.271249,40.02915],[-76.271063,40.027939],[-76.267172,40.027882],[-76.263737,40.029581],[-76.266321,40.032767],[-76.265866,40.036029],[-76.261288,40.037005],[-76.25815,40.036509],[-76.260669,40.033803],[-76.258106,40.028823],[-76.271573,40.02567],[-76.275042,40.026572],[-76.276704,40.024359],[-76.279565,40.024047],[-76.278442,40.020628],[-76.283952,40.019453],[-76.281592,40.015318],[-76.280515,40.012022],[-76.278857,40.01064],[-76.277773,40.008448],[-76.279131,40.0074],[-76.282379,40.006767],[-76.283208,40.013448],[-76.284562,40.015499],[-76.286729,40.016295],[-76.286814,40.018024],[-76.289113,40.017927],[-76.290397,40.019264],[-76.290242,40.021158],[-76.28802,40.022514],[-76.292207,40.024465],[-76.298941,40.024037],[-76.295572,40.022065],[-76.294335,40.019331],[-76.295073,40.015693],[-76.296533,40.015286],[-76.299562,40.016986],[-76.302566,40.021099],[-76.30449,40.021492],[-76.30551,40.01966],[-76.30545,40.015612],[-76.302622,40.008835],[-76.302747,40.005989],[-76.303589,40.005309],[-76.305817,39.998256],[-76.307932,39.995989],[-76.310294,39.996179],[-76.312409,39.998637],[-76.313057,40.003649],[-76.314751,40.005985],[-76.317672,40.006888],[-76.321074,40.005247],[-76.320427,40.001243],[-76.322451,39.999696],[-76.323876,40.000784],[-76.324904,40.003435],[-76.325656,40.007708],[-76.327158,40.01054],[-76.329152,40.012008],[-76.331407,40.011234],[-76.331893,40.009288],[-76.328046,40.000689],[-76.328854,39.997601],[-76.327649,39.9926],[-76.32638,39.989709],[-76.32782,39.988046],[-76.329757,39.987811],[-76.332803,39.989912],[-76.335671,39.993825],[-76.33885,39.996592],[-76.342228,39.998711],[-76.344581,39.997849],[-76.345452,39.995174],[-76.355033,39.993156],[-76.35233,39.986985],[-76.354109,39.984896],[-76.356513,39.98546],[-76.357494,39.987286],[-76.360117,39.989884],[-76.361789,39.992967],[-76.362936,39.992611],[-76.365599,39.998773],[-76.36217,39.999343],[-76.363534,40.002472],[-76.362027,40.003634],[-76.363,40.006904]]]},"properties":{"district":"049","name":"State House District 49"}},{"type":"Feature","geometry":{"type":"Polygon","coordinates":[[[-74.993595,40.132266],[-74.992324,40.130879],[-74.993973,40.127045],[-74.99242,40.126194],[-74.988713,40.125685],[-74.98725,40.123302],[-74.985076,40.123874],[-74.982958,40.123353],[-74.981947,40.120245],[-74.978813,40.119603],[-74.97618,40.120209],[-74.973219,40.119891],[-74.970119,40.117201],[-74.968574,40.117251],[-74.964991,40.118635],[-74.96391,40.117653],[-74.963129,40.114978],[-74.96363,40.113369],[-74.963714,40.109458],[-74.965359,40.108024],[-74.960886,40.103104],[-74.961858,40.099693],[-74.961342,40.097496],[-74.958488,40.09681],[-74.955763,40.094982],[-74.956447,40.092757],[-74.957899,40.090571],[-74.958156,40.08425],[-74.958841,40.082503],[-74.961615,40.079756],[-74.963145,40.077326],[-74.965924,40.077281],[-74.966882,40.076439],[-74.969855,40.076383],[-74.971355,40.075541],[-74.971063,40.073966],[-74.973777,40.074714],[-74.974092,40.077195],[-74.97725,40.080506],[-74.980732,40.082105],[-74.983904,40.08233],[-74.984384,40.078869],[-74.987568,40.075825],[-74.994348,40.081681],[-74.997233,40.080023],[-75.010089,40.090559],[-75.015367,40.094734],[-75.017383,40.092651],[-75.024996,40.09093],[-75.027406,40.090983],[-75.026801,40.093048],[-75.027681,40.095046],[-75.025183,40.095838],[-75.027032,40.09834],[-75.023927,40.100702],[-75.028883,40.102543],[-75.026305,40.108324],[-75.023041,40.112998],[-75.02692,40.115273],[-75.030394,40.112512],[-75.03077,40.110416],[-75.033693,40.110839],[-75.042308,40.115781],[-75.044263,40.115713],[-75.020571,40.132274],[-75.015066,40.137992],[-75.00853,40.133992],[-74.997885,40.127816],[-74.993595,40.132266]]]},"properties":{"district":"170","name":"State House District 170"}},{"type":"Feature","geometry":{"type":"Polygon","coordinates":[[[-77.698955,40.720704],[-77.69987,40.721602],[-77.703157,40.730068],[-77.703468,40.738978],[-77.704648,40.741419],[-77.708743,40.74446],[-77.70814,40.748589],[-77.710632,40.749328],[-77.71906,40.771021],[-77.725749,40.784757],[-77.751413,40.823248],[-77.738631,40.829027],[-77.729115,40.833807],[-77.753929,40.865957],[-77.756884,40.864581],[-77.75767,40.867278],[-77.755608,40.868131],[-77.759613,40.873363],[-77.764706,40.87774],[-77.765093,40.877416],[-77.77801,40.88936],[-77.793302,40.902528],[-77.812716,40.918995],[-77.805301,40.921176],[-77.796782,40.925925],[-77.763655,40.935859],[-77.749616,40.942314],[-77.74623,40.941652],[-77.733848,40.947464],[-77.73019,40.949828],[-77.710547,40.928954],[-77.69182,40.939056],[-77.670263,40.950405],[-77.662562,40.952589],[-77.65684,40.955572],[-77.652736,40.956594],[-77.648593,40.958911],[-77.641114,40.962468],[-77.637575,40.963213],[-77.63679,40.964678],[-77.633445,40.966037],[-77.63019,40.968863],[-77.626911,40.970933],[-77.624666,40.971785],[-77.621232,40.975016],[-77.617692,40.976386],[-77.608812,40.984141],[-77.604202,40.99069],[-77.603297,40.992479],[-77.600259,40.993969],[-77.59494,40.995352],[-77.591144,40.997458],[-77.583946,41.002166],[-77.580269,41.005504],[-77.577293,41.007698],[-77.573628,41.008366],[-77.569655,41.011173],[-77.568663,41.013897],[-77.5623,41.020321],[-77.559094,41.021818],[-77.508596,40.962938],[-77.440274,40.974448],[-77.393907,40.978285],[-77.339925,40.987167],[-77.278357,41.005193],[-77.228887,41.019648],[-77.14416,41.044338],[-77.143804,41.042801],[-77.15765,41.031257],[-77.204027,40.99271],[-77.24508,40.947403],[-77.279236,40.90971],[-77.315887,40.88267],[-77.332782,40.870609],[-77.36418,40.846937],[-77.36231,40.846728],[-77.357113,40.844484],[-77.35694,40.824043],[-77.356628,40.807334],[-77.356303,40.792147],[-77.355327,40.759414],[-77.366647,40.754551],[-77.36848,40.753292],[-77.37921,40.74823],[-77.384414,40.74622],[-77.38652,40.74494],[-77.401703,40.738427],[-77.406641,40.735971],[-77.411827,40.733949],[-77.42171,40.729696],[-77.425801,40.727],[-77.431338,40.725368],[-77.444851,40.720085],[-77.457259,40.714502],[-77.467851,40.71079],[-77.479049,40.705817],[-77.482733,40.703797],[-77.488559,40.701623],[-77.49348,40.698143],[-77.512632,40.690157],[-77.525991,40.684723],[-77.535619,40.680213],[-77.541118,40.677875],[-77.547233,40.674859],[-77.549578,40.674009],[-77.552207,40.672166],[-77.561988,40.667728],[-77.572163,40.662701],[-77.578765,40.658776],[-77.582166,40.655159],[-77.588533,40.65107],[-77.594206,40.649891],[-77.603393,40.645769],[-77.612549,40.640288],[-77.61654,40.637675],[-77.578742,40.601572],[-77.57682,40.602771],[-77.577982,40.604299],[-77.576014,40.605329],[-77.570515,40.60959],[-77.569593,40.611728],[-77.56993,40.612965],[-77.562741,40.612372],[-77.558949,40.61008],[-77.56073,40.608782],[-77.559866,40.607861],[-77.564785,40.605601],[-77.561886,40.6008],[-77.563071,40.59701],[-77.559035,40.594533],[-77.560655,40.592681],[-77.551771,40.589702],[-77.552214,40.587699],[-77.556163,40.584756],[-77.558944,40.583492],[-77.555051,40.57721],[-77.551572,40.575414],[-77.548746,40.575774],[-77.546461,40.577011],[-77.543614,40.577758],[-77.53834,40.578332],[-77.536064,40.579153],[-77.533088,40.582281],[-77.527712,40.583452],[-77.519917,40.5863],[-77.51734,40.589006],[-77.497649,40.596907],[-77.497506,40.58174],[-77.502139,40.57887],[-77.50628,40.576929],[-77.510384,40.574133],[-77.512735,40.573063],[-77.51563,40.569569],[-77.521964,40.566227],[-77.526312,40.563005],[-77.528227,40.562287],[-77.532456,40.559476],[-77.536565,40.557228],[-77.548136,40.551358],[-77.548837,40.550651],[-77.559613,40.545018],[-77.566648,40.541805],[-77.574046,40.537794],[-77.5797,40.534253],[-77.588621,40.529264],[-77.612509,40.514187],[-77.612459,40.490919],[-77.625958,40.482956],[-77.634174,40.477346],[-77.645997,40.468381],[-77.661977,40.455541],[-77.667338,40.450842],[-77.677011,40.443168],[-77.680117,40.440887],[-77.690213,40.432495],[-77.696169,40.428022],[-77.702495,40.423766],[-77.706236,40.420733],[-77.710745,40.417593],[-77.711896,40.41626],[-77.71657,40.412733],[-77.72119,40.40881],[-77.723465,40.407289],[-77.726814,40.403975],[-77.738201,40.39331],[-77.740216,40.390742],[-77.74365,40.387814],[-77.750679,40.380372],[-77.75212,40.378545],[-77.756359,40.374592],[-77.756631,40.373809],[-77.76174,40.36873],[-77.810393,40.368591],[-77.810402,40.368075],[-77.814698,40.362489],[-77.818636,40.360542],[-77.823729,40.361438],[-77.829837,40.363895],[-77.83378,40.366891],[-77.838343,40.36903],[-77.845221,40.368766],[-77.850048,40.365751],[-77.852906,40.36479],[-77.856914,40.365228],[-77.859329,40.36676],[-77.861203,40.369842],[-77.865195,40.37153],[-77.867582,40.374078],[-77.872558,40.381196],[-77.872533,40.38557],[-77.87003,40.39018],[-77.870289,40.392261],[-77.873095,40.393216],[-77.877701,40.39355],[-77.887717,40.391358],[-77.889107,40.392185],[-77.889116,40.398965],[-77.913844,40.398679],[-77.913929,40.400115],[-77.9126,40.404754],[-77.912416,40.408176],[-77.90805,40.414018],[-77.905776,40.414386],[-77.896369,40.417778],[-77.892904,40.422559],[-77.890893,40.426204],[-77.888746,40.42866],[-77.885411,40.430822],[-77.880034,40.436506],[-77.87587,40.439999],[-77.874719,40.441529],[-77.870182,40.445244],[-77.864839,40.451184],[-77.860918,40.455171],[-77.859146,40.457675],[-77.855255,40.461089],[-77.848675,40.468897],[-77.844137,40.473447],[-77.835874,40.484232],[-77.832329,40.487013],[-77.828245,40.491558],[-77.821763,40.495699],[-77.816513,40.500074],[-77.841827,40.550035],[-77.832545,40.562534],[-77.830114,40.566902],[-77.823758,40.575482],[-77.822157,40.576973],[-77.8216,40.578931],[-77.81944,40.580084],[-77.814911,40.58508],[-77.811561,40.589182],[-77.809675,40.59089],[-77.801329,40.599569],[-77.799127,40.602283],[-77.795922,40.604451],[-77.792116,40.608392],[-77.787931,40.611856],[-77.779853,40.619655],[-77.777057,40.621677],[-77.77248,40.625932],[-77.758907,40.629589],[-77.75162,40.6323],[-77.743681,40.638599],[-77.735142,40.644741],[-77.731454,40.646519],[-77.728193,40.648573],[-77.720434,40.654575],[-77.720737,40.657968],[-77.715353,40.659926],[-77.710846,40.662003],[-77.698644,40.669677],[-77.690614,40.675036],[-77.68708,40.67675],[-77.682708,40.682717],[-77.682275,40.685122],[-77.685346,40.684904],[-77.689778,40.683754],[-77.694451,40.682025],[-77.699629,40.681097],[-77.703787,40.679936],[-77.708356,40.690488],[-77.707837,40.691451],[-77.703066,40.69268],[-77.700474,40.694852],[-77.700629,40.696641],[-77.699239,40.698065],[-77.70117,40.704982],[-77.686926,40.711738],[-77.682476,40.713259],[-77.676611,40.716452],[-77.681334,40.729758],[-77.683848,40.72872],[-77.698955,40.720704]]]},"properties":{"district":"171","name":"State House District 171"}},{"type":"Feature","geometry":{"type":"Polygon","coordinates":[[[-80.519091,39.9622],[-80.518002,39.963515],[-80.514242,39.960124],[-80.509882,39.959299],[-80.508251,39.95737],[-80.504198,39.955617],[-80.502149,39.954161],[-80.501425,39.95607],[-80.499767,39.957598],[-80.496492,39.958588],[-80.493003,39.958755],[-80.490466,39.960986],[-80.488899,39.961604],[-80.48662,39.960222],[-80.487952,39.958668],[-80.490149,39.957474],[-80.490737,39.955313],[-80.489245,39.954127],[-80.486792,39.954759],[-80.482854,39.953868],[-80.480116,39.952716],[-80.475277,39.952065],[-80.471893,39.954554],[-80.466874,39.954642],[-80.466115,39.956803],[-80.470304,39.960456],[-80.4697,39.961766],[-80.4636,39.960905],[-80.460246,39.962314],[-80.458697,39.964081],[-80.461053,39.965845],[-80.461294,39.967381],[-80.456381,39.969397],[-80.453908,39.973101],[-80.452777,39.973419],[-80.450996,39.970853],[-80.451178,39.968497],[-80.449841,39.966826],[-80.447878,39.967165],[-80.446975,39.971152],[-80.444124,39.972598],[-80.443871,39.974111],[-80.445132,39.975758],[-80.443,39.976068],[-80.440649,39.975485],[-80.438519,39.977143],[-80.434787,39.977505],[-80.432107,39.977003],[-80.42976,39.975837],[-80.425379,39.97188],[-80.422894,39.972167],[-80.419952,39.975416],[-80.41749,39.975237],[-80.412921,39.976955],[-80.406713,39.976756],[-80.401687,39.978675],[-80.400047,39.977927],[-80.396475,39.97789],[-80.395758,39.979243],[-80.395778,39.983517],[-80.39336,39.985381],[-80.390603,39.988364],[-80.387396,39.989239],[-80.383302,39.991772],[-80.380821,39.992693],[-80.379505,39.994125],[-80.374634,39.995168],[-80.372275,39.996572],[-80.369073,39.997189],[-80.364001,39.996525],[-80.36084,39.997337],[-80.354324,39.997294],[-80.351766,40.000147],[-80.348248,40.001053],[-80.344834,40.000443],[-80.342332,40.001725],[-80.333041,40.00364],[-80.329808,40.005457],[-80.328356,40.004704],[-80.321055,40.00562],[-80.317484,40.003304],[-80.315229,40.003744],[-80.312568,40.003293],[-80.309114,40.00585],[-80.308831,40.007036],[-80.309899,40.009084],[-80.309,40.012183],[-80.310654,40.013089],[-80.310213,40.017654],[-80.306245,40.018126],[-80.304813,40.019566],[-80.301396,40.020559],[-80.298624,40.020254],[-80.29441,40.018547],[-80.292077,40.02059],[-80.287421,40.019206],[-80.28562,40.016002],[-80.285651,40.013698],[-80.284845,40.012629],[-80.281139,40.013447],[-80.278988,40.012724],[-80.273255,40.01328],[-80.271966,40.007729],[-80.274964,40.006558],[-80.276075,40.005519],[-80.275033,40.003553],[-80.273355,40.002376],[-80.271974,40.003111],[-80.269261,40.002849],[-80.266592,40.00169],[-80.263703,40.0019],[-80.262601,40.003192],[-80.258805,40.004125],[-80.256647,40.003086],[-80.252936,40.005184],[-80.251755,40.007783],[-80.2443,40.007045],[-80.2421,40.009167],[-80.240138,40.009476],[-80.236762,40.008597],[-80.23389,40.008524],[-80.231666,40.007663],[-80.22564,40.007526],[-80.22281,40.004662],[-80.214792,40.002804],[-80.212657,40.002907],[-80.208209,40.005112],[-80.204809,40.003451],[-80.19944,40.003196],[-80.197132,40.004802],[-80.19389,40.004913],[-80.192213,40.003783],[-80.191233,40.001931],[-80.187751,40.003302],[-80.186485,40.00266],[-80.182414,40.003231],[-80.181263,40.006592],[-80.175921,40.008138],[-80.172055,40.005536],[-80.169822,40.006226],[-80.164764,40.004285],[-80.160456,40.003339],[-80.157339,39.999581],[-80.152983,40.001463],[-80.151975,40.003225],[-80.147501,40.005987],[-80.146824,40.008221],[-80.144944,40.011],[-80.143033,40.011856],[-80.139539,40.011347],[-80.135679,40.011835],[-80.133686,40.012564],[-80.129697,40.011488],[-80.126262,40.013061],[-80.125205,40.015002],[-80.128354,40.016337],[-80.129604,40.017437],[-80.12586,40.019946],[-80.131126,40.022112],[-80.133105,40.024437],[-80.137648,40.026815],[-80.139679,40.030399],[-80.13907,40.033424],[-80.137803,40.034651],[-80.139586,40.037844],[-80.143931,40.041924],[-80.144107,40.047438],[-80.145151,40.049447],[-80.141835,40.052408],[-80.146497,40.054914],[-80.146419,40.055905],[-80.143752,40.057748],[-80.145801,40.059012],[-80.149564,40.058937],[-80.150728,40.059644],[-80.155032,40.06028],[-80.155896,40.060977],[-80.161392,40.063392],[-80.162344,40.064404],[-80.168247,40.067958],[-80.168632,40.070102],[-80.171725,40.072473],[-80.170118,40.079082],[-80.166942,40.083337],[-80.166478,40.08632],[-80.165,40.088911],[-80.161926,40.092717],[-80.160613,40.093505],[-80.158978,40.095887],[-80.158414,40.098212],[-80.1566,40.099444],[-80.156625,40.101536],[-80.155596,40.103624],[-80.152472,40.106768],[-80.152651,40.107482],[-80.150751,40.110557],[-80.147245,40.112936],[-80.145596,40.115969],[-80.143603,40.117298],[-80.142478,40.119274],[-80.140127,40.12159],[-80.138268,40.124272],[-80.13827,40.125894],[-80.133876,40.13067],[-80.132811,40.132552],[-80.133306,40.135322],[-80.131983,40.138266],[-80.132095,40.143865],[-80.13125,40.145678],[-80.130902,40.149328],[-80.129434,40.149498],[-80.119941,40.144408],[-80.118179,40.14519],[-80.116677,40.144052],[-80.112149,40.145682],[-80.1061,40.137722],[-80.094081,40.134407],[-80.077938,40.118544],[-80.077344,40.118215],[-80.06729,40.108209],[-80.062384,40.10356],[-80.057792,40.102312],[-80.058156,40.100185],[-80.059392,40.097816],[-80.039888,40.072898],[-80.037242,40.073951],[-80.030515,40.09005],[-80.026653,40.090648],[-80.021588,40.093964],[-80.021006,40.097336],[-80.025455,40.102279],[-80.02828,40.105925],[-80.027967,40.109032],[-80.029263,40.109768],[-80.029023,40.113368],[-80.026655,40.1138],[-80.028655,40.116647],[-80.027311,40.117383],[-80.025022,40.11548],[-80.023358,40.115432],[-80.021852,40.117756],[-80.026363,40.123503],[-80.026361,40.127855],[-80.022083,40.128004],[-80.019326,40.12748],[-80.015614,40.131927],[-80.007694,40.131463],[-80.00686,40.133539],[-80.00439,40.132748],[-79.995116,40.141126],[-79.991194,40.141552],[-79.990009,40.138901],[-79.993579,40.137412],[-79.995851,40.137188],[-79.992091,40.131247],[-79.995068,40.126151],[-79.988668,40.120664],[-79.98678,40.12116],[-79.984445,40.118184],[-79.984413,40.115384],[-79.989141,40.112068],[-79.980674,40.112876],[-79.976854,40.113675],[-79.9531,40.107416],[-79.947114,40.105745],[-79.91711,40.102895],[-79.90137,40.101608],[-79.901402,40.102984],[-79.90305,40.118039],[-79.904083,40.129228],[-79.906476,40.137966],[-79.912122,40.144359],[-79.912681,40.15079],[-79.913564,40.153257],[-79.90953,40.154999],[-79.904874,40.154807],[-79.904138,40.151863],[-79.902074,40.148647],[-79.899034,40.145527],[-79.893241,40.140776],[-79.891193,40.138184],[-79.888777,40.132648],[-79.885497,40.129496],[-79.877864,40.126959],[-79.874009,40.12572],[-79.860056,40.11884],[-79.852536,40.116104],[-79.849128,40.112616],[-79.843383,40.099689],[-79.839271,40.092473],[-79.838999,40.090601],[-79.839863,40.087865],[-79.842615,40.083785],[-79.845911,40.081225],[-79.849367,40.079545],[-79.853816,40.078089],[-79.862456,40.075657],[-79.866296,40.075097],[-79.87156,40.075449],[-79.879737,40.078697],[-79.884649,40.079705],[-79.889177,40.080201],[-79.894393,40.080265],[-79.899545,40.078441],[-79.901786,40.076009],[-79.90153,40.073593],[-79.898489,40.071273],[-79.896153,40.070473],[-79.889609,40.069721],[-79.885113,40.068553],[-79.880633,40.066025],[-79.878937,40.063033],[-79.879081,40.060841],[-79.881097,40.057801],[-79.884665,40.055097],[-79.889465,40.052009],[-79.891609,40.049417],[-79.891785,40.047417],[-79.890457,40.045353],[-79.888057,40.043241],[-79.884889,40.041241],[-79.87868,40.038218],[-79.877048,40.036826],[-79.876216,40.033754],[-79.877166,40.031708],[-79.879992,40.028282],[-79.885246,40.024635],[-79.889954,40.022462],[-79.895469,40.022056],[-79.904323,40.022533],[-79.909962,40.022026],[-79.91432,40.021037],[-79.924844,40.016124],[-79.929786,40.011745],[-79.931816,40.005921],[-79.934523,39.999626],[-79.938331,39.997178],[-79.943419,39.995066],[-79.946732,39.99425],[-79.951004,39.994154],[-79.95462,39.995274],[-79.95686,39.997162],[-79.95902,40.000026],[-79.963198,40.007967],[-79.966457,40.011256],[-79.96935,40.013117],[-79.971407,40.01381],[-79.974622,40.01386],[-79.985167,40.013101],[-79.988232,40.011906],[-79.993566,40.009129],[-79.994974,40.007369],[-79.995726,40.005097],[-79.994302,39.997209],[-79.991422,39.990666],[-79.990894,39.986554],[-79.993374,39.983978],[-80.000047,39.98281],[-80.005855,39.980202],[-80.009135,39.977146],[-80.010463,39.973962],[-80.010735,39.971146],[-80.010368,39.962282],[-80.009344,39.958794],[-80.007584,39.956666],[-80.00528,39.954922],[-79.998816,39.95089],[-79.993711,39.949386],[-79.990687,39.94977],[-79.986975,39.950922],[-79.980095,39.953626],[-79.974238,39.955114],[-79.970286,39.955466],[-79.965134,39.955146],[-79.96091,39.954362],[-79.957246,39.953274],[-79.953646,39.95153],[-79.947661,39.947339],[-79.942717,39.942971],[-79.939581,39.938859],[-79.935053,39.933595],[-79.930637,39.929035],[-79.925597,39.924795],[-79.923325,39.921547],[-79.923325,39.917739],[-79.925614,39.914763],[-79.927374,39.912459],[-79.929598,39.907739],[-79.92843,39.902283],[-79.92523,39.897291],[-79.923358,39.893275],[-79.920398,39.888492],[-79.917086,39.88486],[-79.915278,39.8803],[-79.916847,39.876604],[-79.919619,39.875076],[-79.924775,39.873376],[-79.927675,39.871976],[-79.929775,39.869976],[-79.930676,39.868076],[-79.929276,39.864576],[-79.926178,39.860982],[-79.924777,39.858783],[-79.92465,39.855056],[-79.930376,39.850976],[-79.936108,39.848136],[-79.937977,39.846676],[-79.938477,39.843976],[-79.936477,39.841676],[-79.933277,39.840476],[-79.930477,39.840276],[-79.926176,39.839276],[-79.924376,39.838176],[-79.922432,39.833906],[-79.921716,39.831324],[-79.921577,39.820977],[-79.921177,39.815677],[-79.920168,39.812278],[-79.916777,39.807977],[-79.913577,39.804877],[-79.910177,39.799577],[-79.908577,39.793477],[-79.909478,39.791077],[-79.913978,39.787977],[-79.917778,39.786974],[-79.922183,39.786479],[-79.929291,39.786278],[-79.932475,39.784881],[-79.934411,39.781277],[-79.934074,39.774971],[-79.932979,39.771477],[-79.93468,39.764677],[-79.93358,39.761977],[-79.93008,39.757078],[-79.92638,39.754878],[-79.92248,39.753477],[-79.914379,39.752177],[-79.911779,39.750877],[-79.907179,39.747478],[-79.903679,39.743478],[-79.903179,39.742078],[-79.903506,39.739259],[-79.906174,39.733394],[-79.908345,39.730952],[-79.91199,39.725484],[-79.91628,39.720777],[-79.940671,39.720671],[-79.984305,39.720977],[-80.000008,39.721164],[-80.030189,39.721272],[-80.075947,39.72135],[-80.083685,39.72122],[-80.126906,39.721057],[-80.149167,39.721222],[-80.177494,39.721143],[-80.187505,39.721219],[-80.200953,39.721144],[-80.223919,39.72121],[-80.244239,39.721114],[-80.249514,39.721002],[-80.276764,39.721094],[-80.309478,39.721273],[-80.372276,39.721428],[-80.375048,39.721345],[-80.410098,39.72117],[-80.458259,39.721272],[-80.495481,39.721216],[-80.519342,39.721403],[-80.519311,39.737084],[-80.519494,39.744104],[-80.519289,39.765037],[-80.519444,39.767348],[-80.519308,39.780268],[-80.519307,39.797567],[-80.519423,39.806181],[-80.519211,39.821104],[-80.519222,39.835308],[-80.519013,39.844722],[-80.518955,39.865824],[-80.519142,39.875368],[-80.518891,39.890964],[-80.519129,39.908452],[-80.519097,39.915958],[-80.519339,39.934701],[-80.518977,39.939656],[-80.519181,39.947605],[-80.519091,39.9622]]]},"properties":{"district":"050","name":"State House District 50"}},{"type":"Feature","geometry":{"type":"Polygon","coordinates":[[[-79.91628,39.720777],[-79.91199,39.725484],[-79.908345,39.730952],[-79.906174,39.733394],[-79.903506,39.739259],[-79.903179,39.742078],[-79.903679,39.743478],[-79.907179,39.747478],[-79.911779,39.750877],[-79.914379,39.752177],[-79.92248,39.753477],[-79.92638,39.754878],[-79.93008,39.757078],[-79.93358,39.761977],[-79.93468,39.764677],[-79.932979,39.771477],[-79.934074,39.774971],[-79.934411,39.781277],[-79.932475,39.784881],[-79.929291,39.786278],[-79.922183,39.786479],[-79.917778,39.786974],[-79.913978,39.787977],[-79.909478,39.791077],[-79.908577,39.793477],[-79.910177,39.799577],[-79.913577,39.804877],[-79.916777,39.807977],[-79.920168,39.812278],[-79.921177,39.815677],[-79.921577,39.820977],[-79.921716,39.831324],[-79.922432,39.833906],[-79.924376,39.838176],[-79.926176,39.839276],[-79.930477,39.840276],[-79.933277,39.840476],[-79.936477,39.841676],[-79.938477,39.843976],[-79.937977,39.846676],[-79.936108,39.848136],[-79.930376,39.850976],[-79.92465,39.855056],[-79.924777,39.858783],[-79.926178,39.860982],[-79.929276,39.864576],[-79.930676,39.868076],[-79.929775,39.869976],[-79.927675,39.871976],[-79.924775,39.873376],[-79.919619,39.875076],[-79.916847,39.876604],[-79.915278,39.8803],[-79.917086,39.88486],[-79.920398,39.888492],[-79.923358,39.893275],[-79.92523,39.897291],[-79.92843,39.902283],[-79.929598,39.907739],[-79.927374,39.912459],[-79.925614,39.914763],[-79.92181,39.913347],[-79.918987,39.91322],[-79.917174,39.913783],[-79.914284,39.916482],[-79.904226,39.917755],[-79.893574,39.929716],[-79.882369,39.929301],[-79.851382,39.933414],[-79.850221,39.934918],[-79.849655,39.937485],[-79.848571,39.938727],[-79.844074,39.940444],[-79.839324,39.941175],[-79.83118,39.942966],[-79.828786,39.942936],[-79.825941,39.942039],[-79.820597,39.956779],[-79.819605,39.960633],[-79.816178,39.962833],[-79.810751,39.965337],[-79.802471,39.982018],[-79.799942,39.987656],[-79.793758,39.990594],[-79.791839,39.99202],[-79.788244,39.997969],[-79.784303,39.997428],[-79.781495,39.99848],[-79.7802,39.991905],[-79.777271,39.990187],[-79.77524,39.990241],[-79.774133,39.992816],[-79.771041,39.992334],[-79.765845,39.992803],[-79.766135,39.989561],[-79.767333,39.987937],[-79.766389,39.983561],[-79.764334,39.980699],[-79.764338,39.978164],[-79.765795,39.976091],[-79.762433,39.97383],[-79.755833,39.975057],[-79.752779,39.973976],[-79.752793,39.972656],[-79.755509,39.969973],[-79.754904,39.968911],[-79.750031,39.968832],[-79.747032,39.969247],[-79.745744,39.967757],[-79.74501,39.963977],[-79.746742,39.962013],[-79.750302,39.961573],[-79.748712,39.958882],[-79.74656,39.957326],[-79.743501,39.956649],[-79.74358,39.955368],[-79.746203,39.954221],[-79.743393,39.952814],[-79.740212,39.953292],[-79.736201,39.952808],[-79.730768,39.951344],[-79.724148,39.955548],[-79.718881,39.958442],[-79.71498,39.960132],[-79.71046,39.962566],[-79.703098,39.958574],[-79.681382,39.958231],[-79.678993,39.958907],[-79.673982,39.961819],[-79.66523,39.95989],[-79.652799,39.953053],[-79.642267,39.948598],[-79.634232,39.944594],[-79.631889,39.941009],[-79.628475,39.937223],[-79.628022,39.935575],[-79.629936,39.933088],[-79.63061,39.92979],[-79.62804,39.93062],[-79.62589,39.92961],[-79.62327,39.92225],[-79.62582,39.91958],[-79.62758,39.91904],[-79.62969,39.91388],[-79.63403,39.91011],[-79.63446,39.90788],[-79.63629,39.90564],[-79.63533,39.9023],[-79.633695,39.900305],[-79.612979,39.900792],[-79.595773,39.900665],[-79.585185,39.887352],[-79.579181,39.879986],[-79.566775,39.863064],[-79.556717,39.850534],[-79.552689,39.844195],[-79.53923,39.82697],[-79.538047,39.82587],[-79.535535,39.825683],[-79.533654,39.82476],[-79.527279,39.825899],[-79.524303,39.827923],[-79.522627,39.828259],[-79.519891,39.830631],[-79.517458,39.830979],[-79.513484,39.832715],[-79.510157,39.832258],[-79.509492,39.833143],[-79.504948,39.831327],[-79.497507,39.827864],[-79.486812,39.822593],[-79.462964,39.823641],[-79.4571,39.823617],[-79.441791,39.824244],[-79.43967,39.82652],[-79.42854,39.840536],[-79.417285,39.854451],[-79.415758,39.852576],[-79.413258,39.851676],[-79.409782,39.849298],[-79.403458,39.847476],[-79.400944,39.846094],[-79.393658,39.843476],[-79.391266,39.840657],[-79.389589,39.839636],[-79.385198,39.838377],[-79.381956,39.836861],[-79.381138,39.835589],[-79.381507,39.833589],[-79.38305,39.830027],[-79.383035,39.828216],[-79.381233,39.826876],[-79.375163,39.827976],[-79.371601,39.827076],[-79.36678,39.82225],[-79.365695,39.820546],[-79.365125,39.815329],[-79.365505,39.813753],[-79.363957,39.806777],[-79.366188,39.803692],[-79.368849,39.801458],[-79.368949,39.798266],[-79.368257,39.795877],[-79.365257,39.790077],[-79.362557,39.788477],[-79.358257,39.788077],[-79.354357,39.788477],[-79.351557,39.787677],[-79.351257,39.786577],[-79.352357,39.784477],[-79.354457,39.782477],[-79.356757,39.781477],[-79.359857,39.781877],[-79.361657,39.783677],[-79.370157,39.785777],[-79.376157,39.789177],[-79.380058,39.790077],[-79.381058,39.788477],[-79.382058,39.783477],[-79.384558,39.782277],[-79.389258,39.784077],[-79.392958,39.784277],[-79.395358,39.782477],[-79.391658,39.777977],[-79.380258,39.773177],[-79.379358,39.772177],[-79.378658,39.768877],[-79.380458,39.766177],[-79.384258,39.763977],[-79.386258,39.761877],[-79.388958,39.761377],[-79.398358,39.758477],[-79.399858,39.755577],[-79.399658,39.754377],[-79.397758,39.751777],[-79.395958,39.750377],[-79.393658,39.745677],[-79.394058,39.743277],[-79.398259,39.742577],[-79.404359,39.742977],[-79.407959,39.741977],[-79.408859,39.741077],[-79.409959,39.734978],[-79.406159,39.733578],[-79.401959,39.734178],[-79.397659,39.733378],[-79.395459,39.733878],[-79.392659,39.732678],[-79.390559,39.729878],[-79.389459,39.727078],[-79.390359,39.723778],[-79.392459,39.721578],[-79.41546,39.721578],[-79.444861,39.721378],[-79.476662,39.721078],[-79.499762,39.721028],[-79.548465,39.720778],[-79.583866,39.721277],[-79.598563,39.721066],[-79.610623,39.721245],[-79.622401,39.720948],[-79.643876,39.720859],[-79.648397,39.721018],[-79.657537,39.720811],[-79.66737,39.720777],[-79.691671,39.720977],[-79.719878,39.720977],[-79.749725,39.720777],[-79.816122,39.720775],[-79.874779,39.720678],[-79.91628,39.720777]]]},"properties":{"district":"051","name":"State House District 51"}},{"type":"Feature","geometry":{"type":"Polygon","coordinates":[[[-75.058342,40.105892],[-75.044263,40.115713],[-75.042308,40.115781],[-75.033693,40.110839],[-75.03077,40.110416],[-75.030394,40.112512],[-75.02692,40.115273],[-75.023041,40.112998],[-75.026305,40.108324],[-75.028883,40.102543],[-75.023927,40.100702],[-75.027032,40.09834],[-75.025183,40.095838],[-75.027681,40.095046],[-75.026801,40.093048],[-75.027406,40.090983],[-75.024996,40.09093],[-75.017383,40.092651],[-75.028774,40.080864],[-75.037498,40.085459],[-75.0384,40.084472],[-75.041488,40.087338],[-75.060499,40.072879],[-75.06513,40.070162],[-75.067838,40.068959],[-75.06304,40.066143],[-75.064491,40.064588],[-75.048291,40.055538],[-75.047749,40.055363],[-75.049936,40.053195],[-75.050833,40.051506],[-75.051682,40.046963],[-75.054287,40.044448],[-75.066045,40.051181],[-75.087425,40.063599],[-75.096733,40.068989],[-75.093124,40.072334],[-75.081189,40.084116],[-75.077805,40.08577],[-75.058342,40.105892]]]},"properties":{"district":"172","name":"State House District 172"}},{"type":"Feature","geometry":{"type":"Polygon","coordinates":[[[-79.925614,39.914763],[-79.923325,39.917739],[-79.923325,39.921547],[-79.925597,39.924795],[-79.930637,39.929035],[-79.935053,39.933595],[-79.939581,39.938859],[-79.942717,39.942971],[-79.947661,39.947339],[-79.953646,39.95153],[-79.957246,39.953274],[-79.96091,39.954362],[-79.965134,39.955146],[-79.970286,39.955466],[-79.974238,39.955114],[-79.980095,39.953626],[-79.986975,39.950922],[-79.990687,39.94977],[-79.993711,39.949386],[-79.998816,39.95089],[-80.00528,39.954922],[-80.007584,39.956666],[-80.009344,39.958794],[-80.010368,39.962282],[-80.010735,39.971146],[-80.010463,39.973962],[-80.009135,39.977146],[-80.005855,39.980202],[-80.000047,39.98281],[-79.993374,39.983978],[-79.990894,39.986554],[-79.991422,39.990666],[-79.994302,39.997209],[-79.995726,40.005097],[-79.994974,40.007369],[-79.993566,40.009129],[-79.988232,40.011906],[-79.985167,40.013101],[-79.974622,40.01386],[-79.971407,40.01381],[-79.96935,40.013117],[-79.966457,40.011256],[-79.963198,40.007967],[-79.95902,40.000026],[-79.95686,39.997162],[-79.95462,39.995274],[-79.951004,39.994154],[-79.946732,39.99425],[-79.943419,39.995066],[-79.938331,39.997178],[-79.934523,39.999626],[-79.931816,40.005921],[-79.929786,40.011745],[-79.924844,40.016124],[-79.91432,40.021037],[-79.909962,40.022026],[-79.904323,40.022533],[-79.895469,40.022056],[-79.889954,40.022462],[-79.885246,40.024635],[-79.879992,40.028282],[-79.877166,40.031708],[-79.876216,40.033754],[-79.877048,40.036826],[-79.87868,40.038218],[-79.884889,40.041241],[-79.888057,40.043241],[-79.890457,40.045353],[-79.891785,40.047417],[-79.891609,40.049417],[-79.889465,40.052009],[-79.884665,40.055097],[-79.881097,40.057801],[-79.879081,40.060841],[-79.878937,40.063033],[-79.880633,40.066025],[-79.885113,40.068553],[-79.889609,40.069721],[-79.896153,40.070473],[-79.898489,40.071273],[-79.90153,40.073593],[-79.901786,40.076009],[-79.899545,40.078441],[-79.894393,40.080265],[-79.889177,40.080201],[-79.884649,40.079705],[-79.879737,40.078697],[-79.87156,40.075449],[-79.866296,40.075097],[-79.862456,40.075657],[-79.853816,40.078089],[-79.849367,40.079545],[-79.845911,40.081225],[-79.842615,40.083785],[-79.839863,40.087865],[-79.838999,40.090601],[-79.839271,40.092473],[-79.843383,40.099689],[-79.849128,40.112616],[-79.852536,40.116104],[-79.860056,40.11884],[-79.874009,40.12572],[-79.877864,40.126959],[-79.875296,40.12953],[-79.86992,40.12894],[-79.86901,40.12801],[-79.85791,40.12814],[-79.856544,40.128523],[-79.853603,40.127531],[-79.84975,40.128613],[-79.847831,40.127976],[-79.842184,40.128432],[-79.839409,40.128251],[-79.816113,40.128375],[-79.815774,40.129649],[-79.816594,40.132791],[-79.81004,40.13248],[-79.806743,40.131184],[-79.805804,40.127528],[-79.803817,40.128761],[-79.788821,40.128609],[-79.7822,40.12842],[-79.746056,40.128457],[-79.741174,40.126271],[-79.734851,40.121046],[-79.730567,40.120451],[-79.7276,40.120608],[-79.725291,40.123133],[-79.723359,40.122338],[-79.719976,40.11907],[-79.718499,40.116921],[-79.721805,40.115287],[-79.723235,40.113662],[-79.72237,40.112825],[-79.718948,40.113501],[-79.717302,40.112924],[-79.715465,40.11109],[-79.712366,40.11036],[-79.711267,40.108658],[-79.708123,40.107704],[-79.705399,40.107638],[-79.702095,40.110414],[-79.69865,40.109619],[-79.694168,40.111353],[-79.691655,40.11309],[-79.689,40.113141],[-79.686137,40.11389],[-79.684634,40.113114],[-79.683794,40.10862],[-79.679091,40.107103],[-79.677068,40.106943],[-79.674178,40.105514],[-79.671751,40.106247],[-79.667579,40.104542],[-79.666187,40.102656],[-79.666667,40.100364],[-79.668602,40.098847],[-79.668495,40.097308],[-79.666256,40.097593],[-79.663866,40.096732],[-79.663347,40.094637],[-79.661656,40.094483],[-79.659636,40.097338],[-79.657254,40.096595],[-79.654285,40.093633],[-79.654793,40.090801],[-79.654083,40.089294],[-79.648122,40.087643],[-79.644784,40.089416],[-79.641098,40.088317],[-79.641175,40.086732],[-79.643591,40.085419],[-79.642371,40.083628],[-79.638994,40.082859],[-79.635697,40.085905],[-79.632933,40.086986],[-79.630465,40.086794],[-79.626998,40.088424],[-79.625605,40.090089],[-79.625853,40.091933],[-79.621958,40.094533],[-79.620727,40.09271],[-79.614664,40.091283],[-79.613096,40.093438],[-79.610054,40.092393],[-79.607974,40.092304],[-79.603674,40.090839],[-79.60233,40.087563],[-79.603092,40.086033],[-79.600442,40.084308],[-79.601772,40.082744],[-79.597944,40.082679],[-79.593021,40.082055],[-79.591944,40.085789],[-79.593314,40.09093],[-79.592026,40.09346],[-79.584576,40.097834],[-79.584331,40.0993],[-79.585377,40.102125],[-79.57892,40.105226],[-79.578507,40.104364],[-79.574933,40.103438],[-79.571722,40.105304],[-79.567296,40.105583],[-79.566229,40.106064],[-79.562857,40.105014],[-79.560968,40.106608],[-79.559278,40.109492],[-79.559117,40.111157],[-79.556756,40.112785],[-79.55315,40.112578],[-79.548519,40.110322],[-79.546623,40.111992],[-79.541284,40.112745],[-79.540366,40.115188],[-79.541533,40.117806],[-79.541071,40.120814],[-79.538052,40.124528],[-79.535602,40.12584],[-79.535472,40.127667],[-79.533991,40.128617],[-79.530865,40.128208],[-79.52975,40.127171],[-79.527613,40.122935],[-79.526977,40.123237],[-79.517864,40.131378],[-79.517786,40.133268],[-79.51473,40.134389],[-79.51347,40.135797],[-79.511245,40.13598],[-79.510178,40.137097],[-79.506929,40.138636],[-79.505188,40.140568],[-79.50297,40.141142],[-79.500595,40.140973],[-79.496673,40.14176],[-79.494205,40.140926],[-79.48852,40.14122],[-79.48524,40.14244],[-79.483136,40.144043],[-79.480122,40.144306],[-79.473736,40.143928],[-79.473183,40.145652],[-79.471093,40.145342],[-79.471419,40.143987],[-79.461522,40.144098],[-79.461225,40.141349],[-79.452247,40.135688],[-79.447478,40.133233],[-79.44772,40.12677],[-79.44628,40.12442],[-79.4449,40.1234],[-79.44213,40.11957],[-79.43756,40.11586],[-79.429398,40.113474],[-79.423474,40.111156],[-79.42071,40.1091],[-79.41685,40.10542],[-79.41539,40.1046],[-79.40492,40.10228],[-79.40274,40.10283],[-79.40131,40.10223],[-79.39737,40.09513],[-79.393712,40.090897],[-79.38218,40.0855],[-79.37959,40.08476],[-79.37252,40.08137],[-79.367463,40.080198],[-79.36357,40.078378],[-79.361081,40.076351],[-79.355627,40.074359],[-79.351241,40.067869],[-79.34445,40.05089],[-79.34268,40.04417],[-79.34177,40.04317],[-79.33864,40.04215],[-79.33291,40.04169],[-79.33,40.04079],[-79.32368,40.04078],[-79.31609,40.04384],[-79.312674,40.044382],[-79.309791,40.04355],[-79.293644,40.040793],[-79.293884,40.040446],[-79.296316,40.036514],[-79.302801,40.0285],[-79.309927,40.019229],[-79.322786,40.003496],[-79.330768,39.992946],[-79.338466,39.982014],[-79.342585,39.982056],[-79.342538,39.976303],[-79.346969,39.970112],[-79.35416,39.960673],[-79.35412,39.958064],[-79.356005,39.958164],[-79.372884,39.936522],[-79.378303,39.936651],[-79.378258,39.933135],[-79.383282,39.92756],[-79.382249,39.926846],[-79.383957,39.924494],[-79.391562,39.919504],[-79.387624,39.915696],[-79.398718,39.900628],[-79.409125,39.874659],[-79.417285,39.854451],[-79.42854,39.840536],[-79.43967,39.82652],[-79.441791,39.824244],[-79.4571,39.823617],[-79.462964,39.823641],[-79.486812,39.822593],[-79.497507,39.827864],[-79.504948,39.831327],[-79.509492,39.833143],[-79.510157,39.832258],[-79.513484,39.832715],[-79.517458,39.830979],[-79.519891,39.830631],[-79.522627,39.828259],[-79.524303,39.827923],[-79.527279,39.825899],[-79.533654,39.82476],[-79.535535,39.825683],[-79.538047,39.82587],[-79.53923,39.82697],[-79.552689,39.844195],[-79.556717,39.850534],[-79.566775,39.863064],[-79.579181,39.879986],[-79.585185,39.887352],[-79.595773,39.900665],[-79.612979,39.900792],[-79.633695,39.900305],[-79.63533,39.9023],[-79.63629,39.90564],[-79.63446,39.90788],[-79.63403,39.91011],[-79.62969,39.91388],[-79.62758,39.91904],[-79.62582,39.91958],[-79.62327,39.92225],[-79.62589,39.92961],[-79.62804,39.93062],[-79.63061,39.92979],[-79.629936,39.933088],[-79.628022,39.935575],[-79.628475,39.937223],[-79.631889,39.941009],[-79.634232,39.944594],[-79.642267,39.948598],[-79.652799,39.953053],[-79.66523,39.95989],[-79.673982,39.961819],[-79.678993,39.958907],[-79.681382,39.958231],[-79.703098,39.958574],[-79.71046,39.962566],[-79.71498,39.960132],[-79.718881,39.958442],[-79.724148,39.955548],[-79.730768,39.951344],[-79.736201,39.952808],[-79.740212,39.953292],[-79.743393,39.952814],[-79.746203,39.954221],[-79.74358,39.955368],[-79.743501,39.956649],[-79.74656,39.957326],[-79.748712,39.958882],[-79.750302,39.961573],[-79.746742,39.962013],[-79.74501,39.963977],[-79.745744,39.967757],[-79.747032,39.969247],[-79.750031,39.968832],[-79.754904,39.968911],[-79.755509,39.969973],[-79.752793,39.972656],[-79.752779,39.973976],[-79.755833,39.975057],[-79.762433,39.97383],[-79.765795,39.976091],[-79.764338,39.978164],[-79.764334,39.980699],[-79.766389,39.983561],[-79.767333,39.987937],[-79.766135,39.989561],[-79.765845,39.992803],[-79.771041,39.992334],[-79.774133,39.992816],[-79.77524,39.990241],[-79.777271,39.990187],[-79.7802,39.991905],[-79.781495,39.99848],[-79.784303,39.997428],[-79.788244,39.997969],[-79.791839,39.99202],[-79.793758,39.990594],[-79.799942,39.987656],[-79.802471,39.982018],[-79.810751,39.965337],[-79.816178,39.962833],[-79.819605,39.960633],[-79.820597,39.956779],[-79.825941,39.942039],[-79.828786,39.942936],[-79.83118,39.942966],[-79.839324,39.941175],[-79.844074,39.940444],[-79.848571,39.938727],[-79.849655,39.937485],[-79.850221,39.934918],[-79.851382,39.933414],[-79.882369,39.929301],[-79.893574,39.929716],[-79.904226,39.917755],[-79.914284,39.916482],[-79.917174,39.913783],[-79.918987,39.91322],[-79.92181,39.913347],[-79.925614,39.914763]]]},"properties":{"district":"052","name":"State House District 52"}},{"type":"Feature","geometry":{"type":"Polygon","coordinates":[[[-74.981023,40.064939],[-74.980378,40.060349],[-74.984893,40.057287],[-74.983487,40.054448],[-74.980028,40.053637],[-74.973981,40.048595],[-74.977846,40.045372],[-74.980779,40.043543],[-74.983185,40.041404],[-75.000617,40.0287],[-75.003853,40.026996],[-75.013237,40.020303],[-75.019645,40.018436],[-75.0275,40.017079],[-75.035207,40.01488],[-75.042462,40.024901],[-75.044721,40.025179],[-75.043685,40.026514],[-75.043815,40.028691],[-75.040741,40.030276],[-75.044671,40.034771],[-75.04086,40.036757],[-75.054287,40.044448],[-75.051682,40.046963],[-75.050833,40.051506],[-75.049936,40.053195],[-75.047749,40.055363],[-75.04413,40.059346],[-75.041202,40.06585],[-75.039794,40.065321],[-75.036783,40.062915],[-75.035918,40.060972],[-75.036368,40.057865],[-75.034427,40.057016],[-75.035226,40.05588],[-75.031164,40.054189],[-75.028001,40.054534],[-75.028291,40.056363],[-75.012589,40.056404],[-75.008639,40.057773],[-75.006705,40.059231],[-75.00217,40.060762],[-74.995269,40.062344],[-74.990432,40.060396],[-74.983733,40.064259],[-74.981023,40.064939]]]},"properties":{"district":"173","name":"State House District 173"}},{"type":"Feature","geometry":{"type":"Polygon","coordinates":[[[-75.317177,40.318489],[-75.302606,40.309595],[-75.294304,40.304359],[-75.266809,40.288335],[-75.25354,40.280334],[-75.228425,40.265816],[-75.233158,40.261233],[-75.235919,40.258067],[-75.238471,40.252957],[-75.243827,40.247388],[-75.242592,40.239099],[-75.24007,40.235128],[-75.248198,40.22676],[-75.249201,40.224678],[-75.247977,40.220176],[-75.267427,40.231854],[-75.269478,40.230538],[-75.27151,40.230557],[-75.277991,40.223454],[-75.279633,40.223004],[-75.280618,40.226505],[-75.291932,40.233233],[-75.290074,40.235167],[-75.303445,40.243623],[-75.297319,40.24965],[-75.304021,40.253619],[-75.322256,40.264861],[-75.335986,40.273066],[-75.327535,40.28131],[-75.317678,40.290292],[-75.327092,40.294702],[-75.334544,40.297643],[-75.338234,40.299902],[-75.343422,40.303694],[-75.333784,40.313284],[-75.333856,40.315327],[-75.340014,40.31455],[-75.342951,40.31878],[-75.343957,40.321035],[-75.356978,40.329117],[-75.35918,40.332776],[-75.358758,40.334678],[-75.357451,40.335689],[-75.357394,40.337572],[-75.353219,40.340182],[-75.335762,40.329472],[-75.32534,40.323425],[-75.317177,40.318489]]]},"properties":{"district":"053","name":"State House District 53"}},{"type":"Feature","geometry":{"type":"Polygon","coordinates":[[[-74.971063,40.073966],[-74.972445,40.072235],[-74.976699,40.069144],[-74.977634,40.067589],[-74.980878,40.066028],[-74.981023,40.064939],[-74.983733,40.064259],[-74.990432,40.060396],[-74.995269,40.062344],[-75.00217,40.060762],[-75.006705,40.059231],[-75.008639,40.057773],[-75.012589,40.056404],[-75.028291,40.056363],[-75.028001,40.054534],[-75.031164,40.054189],[-75.035226,40.05588],[-75.034427,40.057016],[-75.036368,40.057865],[-75.035918,40.060972],[-75.036783,40.062915],[-75.039794,40.065321],[-75.041202,40.06585],[-75.04413,40.059346],[-75.047749,40.055363],[-75.048291,40.055538],[-75.064491,40.064588],[-75.06304,40.066143],[-75.067838,40.068959],[-75.06513,40.070162],[-75.060499,40.072879],[-75.041488,40.087338],[-75.0384,40.084472],[-75.037498,40.085459],[-75.028774,40.080864],[-75.017383,40.092651],[-75.015367,40.094734],[-75.010089,40.090559],[-74.997233,40.080023],[-74.994348,40.081681],[-74.987568,40.075825],[-74.984384,40.078869],[-74.983904,40.08233],[-74.980732,40.082105],[-74.97725,40.080506],[-74.974092,40.077195],[-74.973777,40.074714],[-74.971063,40.073966]]]},"properties":{"district":"174","name":"State House District 174"}},{"type":"Feature","geometry":{"type":"Polygon","coordinates":[[[-75.260409,40.122002],[-75.263205,40.118862],[-75.270184,40.111694],[-75.291669,40.088797],[-75.297373,40.082903],[-75.289979,40.078574],[-75.298624,40.069502],[-75.301036,40.069041],[-75.305614,40.068965],[-75.309584,40.070442],[-75.315655,40.074623],[-75.320128,40.081709],[-75.321089,40.090698],[-75.321392,40.097839],[-75.322308,40.100014],[-75.326924,40.105214],[-75.32842,40.105795],[-75.335048,40.107145],[-75.340184,40.109336],[-75.346892,40.111097],[-75.349342,40.112536],[-75.355662,40.115172],[-75.360455,40.116169],[-75.365479,40.116401],[-75.362251,40.119223],[-75.365128,40.120954],[-75.344533,40.141754],[-75.329801,40.132669],[-75.316659,40.124794],[-75.298153,40.143159],[-75.287294,40.136982],[-75.260409,40.122002]]]},"properties":{"district":"054","name":"State House District 54"}},{"type":"Feature","geometry":{"type":"Polygon","coordinates":[[[-75.163093,39.9544],[-75.161376,39.962225],[-75.157706,39.961869],[-75.148181,39.961418],[-75.146543,39.97038],[-75.141518,39.969758],[-75.139715,39.974897],[-75.133428,39.974116],[-75.131811,39.976804],[-75.130448,39.978589],[-75.130186,39.980388],[-75.128553,39.98248],[-75.127385,39.981422],[-75.125062,39.982373],[-75.118743,39.975212],[-75.118618,39.973953],[-75.122211,39.970172],[-75.118958,39.965535],[-75.125701,39.961823],[-75.130591,39.958608],[-75.133698,39.95462],[-75.135239,39.950677],[-75.136268,39.943282],[-75.136071,39.932487],[-75.137318,39.932808],[-75.145702,39.933438],[-75.14617,39.931321],[-75.152893,39.932208],[-75.151495,39.938514],[-75.153065,39.938763],[-75.152546,39.941148],[-75.153916,39.942205],[-75.157058,39.942596],[-75.15607,39.947148],[-75.157641,39.947348],[-75.156735,39.95153],[-75.162594,39.952242],[-75.163093,39.9544]]]},"properties":{"district":"175","name":"State House District 175"}},{"type":"Feature","geometry":{"type":"Polygon","coordinates":[[[-75.217003,40.928397],[-75.21819,40.927875],[-75.221821,40.919581],[-75.24113,40.909438],[-75.232502,40.899759],[-75.244655,40.893984],[-75.267224,40.882473],[-75.27353,40.87315],[-75.284039,40.86604],[-75.293978,40.862564],[-75.300594,40.859563],[-75.320931,40.855657],[-75.338417,40.846736],[-75.341752,40.845317],[-75.374603,40.833962],[-75.383266,40.831037],[-75.416759,40.826102],[-75.42049,40.823451],[-75.44245,40.818367],[-75.443267,40.818276],[-75.471481,40.815125],[-75.474193,40.814746],[-75.482577,40.829931],[-75.487657,40.838035],[-75.493581,40.846442],[-75.499195,40.853547],[-75.500987,40.856193],[-75.510487,40.868642],[-75.513434,40.872717],[-75.517822,40.878012],[-75.526413,40.889836],[-75.560727,40.934249],[-75.572698,40.94918],[-75.57459,40.951323],[-75.546245,40.964603],[-75.519339,40.976849],[-75.514609,40.978784],[-75.49599,40.987181],[-75.508497,40.998177],[-75.51279,41.002617],[-75.533234,41.021872],[-75.561947,41.049523],[-75.563757,41.049156],[-75.569574,41.049963],[-75.570445,41.051429],[-75.570003,41.054839],[-75.568487,41.055515],[-75.571512,41.057991],[-75.571186,41.059304],[-75.574887,41.062691],[-75.576484,41.067573],[-75.57894,41.068752],[-75.580511,41.067764],[-75.583269,41.070636],[-75.582965,41.072635],[-75.585476,41.073765],[-75.587937,41.076424],[-75.591805,41.078255],[-75.594415,41.080866],[-75.59602,41.080677],[-75.600817,41.084481],[-75.604387,41.084282],[-75.606066,41.085624],[-75.605146,41.089142],[-75.60505,41.09171],[-75.603985,41.092436],[-75.604894,41.094143],[-75.607458,41.094535],[-75.612694,41.094237],[-75.61426,41.096165],[-75.613995,41.09968],[-75.615629,41.102554],[-75.615948,41.104759],[-75.620611,41.106716],[-75.620037,41.108971],[-75.623151,41.110845],[-75.62613,41.110597],[-75.62709,41.107989],[-75.628242,41.106901],[-75.631218,41.107509],[-75.632978,41.108534],[-75.634322,41.11215],[-75.637587,41.113398],[-75.640401,41.113557],[-75.643969,41.112773],[-75.645873,41.112949],[-75.646705,41.114197],[-75.645745,41.118134],[-75.647697,41.121782],[-75.649412,41.122304],[-75.648634,41.125427],[-75.643123,41.126717],[-75.640265,41.126823],[-75.638184,41.125997],[-75.635027,41.123111],[-75.634162,41.123246],[-75.63283,41.127945],[-75.628068,41.128287],[-75.625449,41.131864],[-75.627941,41.132624],[-75.628633,41.134437],[-75.628385,41.136846],[-75.624894,41.137954],[-75.621401,41.141088],[-75.616274,41.143021],[-75.614173,41.145168],[-75.614104,41.146493],[-75.615577,41.150705],[-75.613543,41.151273],[-75.609312,41.150052],[-75.607153,41.150261],[-75.603089,41.152149],[-75.603153,41.153876],[-75.6045,41.15611],[-75.60084,41.159991],[-75.600736,41.161497],[-75.598634,41.163062],[-75.598064,41.163095],[-75.501416,41.140419],[-75.449985,41.128353],[-75.378453,41.111571],[-75.381583,41.103928],[-75.390846,41.082171],[-75.393588,41.075355],[-75.326777,41.028887],[-75.284486,40.999475],[-75.27512,41.006851],[-75.249631,40.973778],[-75.234955,40.954735],[-75.217003,40.928397]]]},"properties":{"district":"176","name":"State House District 176"}},{"type":"Feature","geometry":{"type":"Polygon","coordinates":[[[-79.722187,40.409077],[-79.722593,40.40995],[-79.727655,40.412987],[-79.726826,40.414473],[-79.722338,40.414919],[-79.720423,40.413982],[-79.717489,40.413671],[-79.716157,40.415728],[-79.716028,40.417413],[-79.712545,40.418647],[-79.711833,40.419684],[-79.706939,40.422319],[-79.706978,40.424016],[-79.704783,40.426324],[-79.704377,40.436578],[-79.703992,40.441348],[-79.703718,40.449197],[-79.703393,40.451461],[-79.703042,40.464505],[-79.702485,40.477326],[-79.702142,40.489523],[-79.7022,40.503331],[-79.702087,40.521763],[-79.701624,40.525449],[-79.705101,40.527111],[-79.707902,40.530663],[-79.711966,40.532986],[-79.714373,40.532878],[-79.718403,40.536602],[-79.721128,40.541162],[-79.722379,40.542227],[-79.724608,40.542191],[-79.728666,40.543435],[-79.731934,40.545066],[-79.732582,40.546561],[-79.736649,40.549315],[-79.741419,40.549371],[-79.742656,40.548523],[-79.748493,40.551264],[-79.751701,40.551823],[-79.754254,40.550431],[-79.757132,40.550124],[-79.760069,40.551064],[-79.76509,40.549238],[-79.768543,40.554996],[-79.77249,40.563933],[-79.774131,40.568376],[-79.774802,40.572804],[-79.774493,40.576738],[-79.773361,40.582087],[-79.771623,40.585629],[-79.76807,40.589544],[-79.76319,40.593619],[-79.757014,40.59649],[-79.749192,40.598919],[-79.749625,40.595341],[-79.74782,40.58967],[-79.74414,40.58361],[-79.739693,40.585438],[-79.737389,40.582253],[-79.74172,40.580573],[-79.735774,40.577203],[-79.71976,40.57981],[-79.71361,40.5799],[-79.71182,40.58023],[-79.70732,40.573516],[-79.706553,40.571347],[-79.70468,40.570845],[-79.70373,40.56876],[-79.70137,40.566711],[-79.700568,40.564654],[-79.698742,40.563523],[-79.671155,40.588541],[-79.662373,40.582651],[-79.647659,40.571642],[-79.649481,40.570062],[-79.6476,40.56922],[-79.644976,40.56961],[-79.64203,40.566794],[-79.63459,40.561405],[-79.621561,40.551262],[-79.603929,40.564016],[-79.598727,40.568015],[-79.59436,40.572406],[-79.585142,40.578945],[-79.584955,40.580913],[-79.580867,40.581215],[-79.580227,40.582488],[-79.567423,40.592327],[-79.567222,40.591169],[-79.570662,40.583745],[-79.569413,40.580881],[-79.568101,40.57965],[-79.566326,40.574257],[-79.562966,40.568993],[-79.56111,40.564113],[-79.557286,40.560961],[-79.546709,40.555329],[-79.536213,40.550333],[-79.530519,40.546502],[-79.526249,40.542364],[-79.520992,40.541305],[-79.514273,40.542661],[-79.511912,40.542683],[-79.510446,40.54161],[-79.508283,40.538473],[-79.50538,40.535937],[-79.498925,40.532152],[-79.497296,40.529077],[-79.49795,40.526533],[-79.497092,40.525338],[-79.49461,40.52488],[-79.488697,40.526073],[-79.485706,40.528376],[-79.484876,40.530608],[-79.484729,40.534198],[-79.483329,40.536208],[-79.479337,40.537038],[-79.476918,40.535779],[-79.476802,40.533981],[-79.477877,40.531528],[-79.477264,40.529962],[-79.475739,40.529538],[-79.469732,40.532574],[-79.464289,40.53408],[-79.460561,40.534294],[-79.455033,40.534107],[-79.451497,40.531857],[-79.450176,40.530149],[-79.449126,40.528241],[-79.44964,40.526792],[-79.456545,40.523237],[-79.459045,40.520457],[-79.459738,40.516737],[-79.457452,40.51118],[-79.454548,40.507014],[-79.454056,40.504563],[-79.45539,40.501159],[-79.455297,40.496616],[-79.453113,40.492181],[-79.452462,40.48943],[-79.454011,40.485507],[-79.453765,40.48425],[-79.451747,40.482307],[-79.447537,40.480811],[-79.445209,40.481807],[-79.43846,40.486737],[-79.433132,40.488655],[-79.430628,40.489046],[-79.429165,40.487857],[-79.42848,40.483398],[-79.425716,40.478938],[-79.423574,40.473329],[-79.421315,40.470598],[-79.418786,40.469837],[-79.41569,40.470572],[-79.412306,40.472969],[-79.408704,40.474334],[-79.406631,40.474301],[-79.404308,40.472543],[-79.400956,40.465534],[-79.397926,40.462815],[-79.395461,40.457132],[-79.394504,40.45598],[-79.391102,40.454412],[-79.381753,40.452697],[-79.374191,40.453693],[-79.371175,40.455067],[-79.369591,40.456604],[-79.368097,40.459689],[-79.366334,40.465966],[-79.366352,40.468762],[-79.36707,40.47509],[-79.365925,40.477474],[-79.362056,40.478678],[-79.358595,40.477916],[-79.357319,40.475206],[-79.358029,40.470879],[-79.361082,40.464258],[-79.362307,40.463156],[-79.362275,40.460061],[-79.360526,40.454095],[-79.357901,40.452343],[-79.353851,40.451701],[-79.349861,40.451969],[-79.347185,40.452731],[-79.345926,40.454825],[-79.34544,40.46128],[-79.345408,40.467212],[-79.344868,40.468242],[-79.342093,40.470124],[-79.33844,40.469998],[-79.336651,40.466804],[-79.333272,40.464059],[-79.331732,40.461889],[-79.330796,40.458639],[-79.330267,40.453851],[-79.32863,40.452551],[-79.325409,40.452699],[-79.322786,40.456032],[-79.319799,40.458074],[-79.3161,40.459253],[-79.307073,40.460439],[-79.303118,40.461642],[-79.300351,40.46097],[-79.298757,40.458876],[-79.297631,40.455796],[-79.300726,40.452889],[-79.301677,40.451356],[-79.301652,40.448324],[-79.299897,40.444912],[-79.301751,40.439291],[-79.301284,40.435212],[-79.299435,40.434515],[-79.289409,40.436673],[-79.287307,40.438611],[-79.285483,40.441759],[-79.282848,40.442769],[-79.277382,40.441397],[-79.272605,40.439082],[-79.270738,40.43542],[-79.269351,40.428517],[-79.269914,40.426634],[-79.273542,40.422925],[-79.273746,40.419444],[-79.270272,40.417441],[-79.289,40.406236],[-79.287986,40.403921],[-79.288698,40.402625],[-79.291466,40.401743],[-79.29179,40.400508],[-79.293928,40.39998],[-79.295816,40.401094],[-79.32965,40.394624],[-79.328228,40.39694],[-79.329019,40.403031],[-79.334624,40.406694],[-79.348204,40.393935],[-79.350954,40.388669],[-79.351374,40.385671],[-79.353622,40.382675],[-79.354113,40.379484],[-79.355929,40.377426],[-79.359465,40.377476],[-79.360803,40.374722],[-79.363998,40.372915],[-79.364589,40.367518],[-79.365213,40.367306],[-79.36978,40.369478],[-79.372074,40.372598],[-79.375114,40.37254],[-79.379645,40.375607],[-79.384511,40.377779],[-79.387008,40.376288],[-79.393577,40.375547],[-79.394395,40.374746],[-79.400393,40.372959],[-79.401457,40.370742],[-79.403022,40.369184],[-79.401765,40.365701],[-79.403161,40.362912],[-79.404387,40.361803],[-79.404301,40.360099],[-79.406306,40.358613],[-79.406255,40.361941],[-79.40907,40.363543],[-79.408781,40.365504],[-79.410359,40.366553],[-79.414495,40.371413],[-79.414912,40.374561],[-79.415965,40.375426],[-79.419154,40.374727],[-79.421782,40.375171],[-79.425276,40.377685],[-79.427067,40.380104],[-79.429738,40.378738],[-79.430211,40.376175],[-79.435872,40.374793],[-79.438397,40.372322],[-79.439222,40.368692],[-79.443189,40.367599],[-79.44457,40.368179],[-79.447308,40.367221],[-79.449242,40.363882],[-79.453886,40.362835],[-79.456132,40.361045],[-79.458365,40.360133],[-79.465141,40.362306],[-79.471107,40.362771],[-79.473159,40.361349],[-79.476798,40.36154],[-79.480811,40.36105],[-79.48754,40.356325],[-79.492958,40.35422],[-79.496861,40.353054],[-79.49994,40.352591],[-79.504393,40.351246],[-79.514801,40.349379],[-79.516839,40.349577],[-79.521446,40.351688],[-79.524595,40.354107],[-79.540134,40.361206],[-79.541026,40.361477],[-79.571167,40.375143],[-79.578234,40.374657],[-79.58348,40.381348],[-79.588457,40.387302],[-79.589784,40.39021],[-79.594847,40.396839],[-79.596007,40.398733],[-79.60482,40.40203],[-79.609555,40.405701],[-79.624332,40.402298],[-79.638751,40.400768],[-79.655689,40.399372],[-79.672165,40.401075],[-79.677273,40.403342],[-79.6822,40.403081],[-79.687844,40.402195],[-79.68849,40.400651],[-79.691365,40.397601],[-79.694174,40.396962],[-79.696932,40.397772],[-79.698047,40.399485],[-79.701447,40.401348],[-79.704904,40.401637],[-79.708211,40.403114],[-79.708472,40.404514],[-79.7104,40.405565],[-79.716394,40.405921],[-79.719168,40.407912],[-79.722187,40.409077]]]},"properties":{"district":"055","name":"State House District 55"}},{"type":"Feature","geometry":{"type":"Polygon","coordinates":[[[-75.044721,40.025179],[-75.042462,40.024901],[-75.035207,40.01488],[-75.041267,40.012714],[-75.04709,40.009941],[-75.049902,40.007217],[-75.053405,40.004568],[-75.058089,39.997404],[-75.058502,39.994801],[-75.059947,39.991451],[-75.064175,39.986027],[-75.067069,39.983483],[-75.071264,39.980493],[-75.075605,39.978041],[-75.0802,39.97702],[-75.085831,39.975102],[-75.090861,39.974744],[-75.096372,39.973981],[-75.102287,39.972377],[-75.108089,39.970332],[-75.118958,39.965535],[-75.122211,39.970172],[-75.118618,39.973953],[-75.118743,39.975212],[-75.125062,39.982373],[-75.127385,39.981422],[-75.128553,39.98248],[-75.129062,39.984951],[-75.130794,39.986928],[-75.125491,39.989836],[-75.124722,39.990257],[-75.117557,39.984301],[-75.112356,39.98702],[-75.111887,39.986296],[-75.106748,39.98898],[-75.106326,39.988524],[-75.08637,39.998895],[-75.079781,40.002337],[-75.077476,40.004139],[-75.078448,40.008586],[-75.070581,40.010533],[-75.068867,40.012751],[-75.070504,40.017255],[-75.072575,40.018868],[-75.075318,40.021836],[-75.075622,40.024074],[-75.077842,40.024191],[-75.0807,40.025933],[-75.082681,40.025123],[-75.085089,40.022761],[-75.090563,40.025791],[-75.085354,40.031093],[-75.085381,40.031491],[-75.084691,40.031765],[-75.080866,40.029556],[-75.078277,40.032301],[-75.067957,40.026583],[-75.062394,40.027444],[-75.057513,40.021597],[-75.053604,40.023615],[-75.052702,40.022592],[-75.049304,40.024351],[-75.04838,40.026324],[-75.04655,40.024241],[-75.044721,40.025179]]]},"properties":{"district":"177","name":"State House District 177"}},{"type":"Feature","geometry":{"type":"Polygon","coordinates":[[[-79.774412,40.359673],[-79.771082,40.375419],[-79.767296,40.382129],[-79.76561,40.384471],[-79.763604,40.385582],[-79.764895,40.388933],[-79.764638,40.390317],[-79.762068,40.392768],[-79.758609,40.392064],[-79.757269,40.390549],[-79.753776,40.388538],[-79.750979,40.388538],[-79.750316,40.391396],[-79.748024,40.390757],[-79.744634,40.396163],[-79.741905,40.396893],[-79.739995,40.395499],[-79.738264,40.395793],[-79.738177,40.398544],[-79.735723,40.399405],[-79.734895,40.397852],[-79.732523,40.399599],[-79.732278,40.405228],[-79.73142,40.407603],[-79.729838,40.408808],[-79.727253,40.4082],[-79.722187,40.409077],[-79.719168,40.407912],[-79.716394,40.405921],[-79.7104,40.405565],[-79.708472,40.404514],[-79.708211,40.403114],[-79.704904,40.401637],[-79.701447,40.401348],[-79.698047,40.399485],[-79.696932,40.397772],[-79.694174,40.396962],[-79.691365,40.397601],[-79.68849,40.400651],[-79.687844,40.402195],[-79.6822,40.403081],[-79.677273,40.403342],[-79.672165,40.401075],[-79.655689,40.399372],[-79.638751,40.400768],[-79.624332,40.402298],[-79.609555,40.405701],[-79.60482,40.40203],[-79.596007,40.398733],[-79.594847,40.396839],[-79.589784,40.39021],[-79.588457,40.387302],[-79.58348,40.381348],[-79.578234,40.374657],[-79.571167,40.375143],[-79.575326,40.371958],[-79.581333,40.362245],[-79.578739,40.352764],[-79.574705,40.353708],[-79.573925,40.352424],[-79.574779,40.349971],[-79.575862,40.349364],[-79.577612,40.346412],[-79.579095,40.346508],[-79.583885,40.345159],[-79.586568,40.341809],[-79.589438,40.339799],[-79.592743,40.332826],[-79.592621,40.33087],[-79.594672,40.330084],[-79.596832,40.330799],[-79.597592,40.329232],[-79.600547,40.327556],[-79.603661,40.32831],[-79.607113,40.328131],[-79.611399,40.325386],[-79.607912,40.322578],[-79.603607,40.319652],[-79.604537,40.318418],[-79.604753,40.316202],[-79.602625,40.31596],[-79.601922,40.313204],[-79.607243,40.311352],[-79.611345,40.310405],[-79.614321,40.3125],[-79.619255,40.312912],[-79.618586,40.315738],[-79.623872,40.315994],[-79.62081,40.3193],[-79.625109,40.321035],[-79.6271,40.32267],[-79.62961,40.32352],[-79.628791,40.325328],[-79.630577,40.326594],[-79.630151,40.328568],[-79.632656,40.329991],[-79.639098,40.327745],[-79.64232,40.327623],[-79.646081,40.326371],[-79.648477,40.326625],[-79.647766,40.329031],[-79.649042,40.333418],[-79.650571,40.334877],[-79.65267,40.335361],[-79.654945,40.3325],[-79.658992,40.334398],[-79.659679,40.336544],[-79.665051,40.333248],[-79.665921,40.331108],[-79.665107,40.320918],[-79.665676,40.316769],[-79.667918,40.312087],[-79.671611,40.312991],[-79.673998,40.312957],[-79.674504,40.310557],[-79.680242,40.306745],[-79.692693,40.294601],[-79.695136,40.291843],[-79.699601,40.291415],[-79.704409,40.291347],[-79.716457,40.293245],[-79.71636,40.29591],[-79.71159,40.29568],[-79.71183,40.30227],[-79.7112,40.30315],[-79.71077,40.30675],[-79.71498,40.30603],[-79.71795,40.30509],[-79.72052,40.30515],[-79.72157,40.30667],[-79.72678,40.30922],[-79.72834,40.31081],[-79.72945,40.31501],[-79.73081,40.31714],[-79.73331,40.31846],[-79.73347,40.32142],[-79.73756,40.31931],[-79.73929,40.31596],[-79.74276,40.31789],[-79.74558,40.31998],[-79.74658,40.31897],[-79.74953,40.31842],[-79.748372,40.316394],[-79.75101,40.31112],[-79.75693,40.31098],[-79.76144,40.31271],[-79.7612,40.31587],[-79.76166,40.31718],[-79.76891,40.31632],[-79.77036,40.32016],[-79.77163,40.32195],[-79.77397,40.32292],[-79.77902,40.32417],[-79.781991,40.323821],[-79.779512,40.335102],[-79.774412,40.359673]]]},"properties":{"district":"056","name":"State House District 56"}},{"type":"Feature","geometry":{"type":"Polygon","coordinates":[[[-74.947785,40.211682],[-74.951601,40.208341],[-74.972645,40.207488],[-74.972183,40.202869],[-74.96754,40.202278],[-74.967989,40.198656],[-74.957935,40.201693],[-74.971777,40.188319],[-74.97126,40.184111],[-74.969871,40.178705],[-74.968045,40.173824],[-74.976116,40.167395],[-74.983829,40.163231],[-74.998745,40.171453],[-75.008999,40.166612],[-75.021417,40.154091],[-75.029301,40.146509],[-75.059812,40.164575],[-75.071198,40.171032],[-75.043802,40.198087],[-75.073267,40.215543],[-75.083896,40.221924],[-75.100166,40.231307],[-75.118287,40.24214],[-75.122519,40.244918],[-75.112466,40.255026],[-75.117162,40.25788],[-75.112133,40.262702],[-75.116154,40.265533],[-75.112059,40.269671],[-75.113106,40.271858],[-75.107986,40.272512],[-75.105518,40.273865],[-75.101171,40.277022],[-75.095455,40.276304],[-75.089055,40.282745],[-75.073393,40.273407],[-75.074733,40.272061],[-75.072702,40.270246],[-75.072461,40.269071],[-75.069518,40.26628],[-75.065801,40.263397],[-75.061752,40.262996],[-75.060755,40.265834],[-75.058112,40.268989],[-75.055172,40.269126],[-75.053171,40.26782],[-75.053229,40.265973],[-75.055049,40.263225],[-75.057279,40.257548],[-75.054808,40.255837],[-75.048871,40.257011],[-75.047108,40.258813],[-75.044288,40.263049],[-75.040852,40.260754],[-75.034554,40.266748],[-75.027738,40.273664],[-75.023913,40.276937],[-75.019482,40.281899],[-74.999234,40.301949],[-74.955043,40.276746],[-74.98561,40.246299],[-74.984355,40.246349],[-74.979458,40.243405],[-74.978539,40.240952],[-74.97552,40.239755],[-74.973228,40.24061],[-74.969877,40.240204],[-74.971584,40.235565],[-74.9737,40.234124],[-74.97423,40.232007],[-74.972291,40.230835],[-74.966061,40.229842],[-74.962831,40.226868],[-74.962772,40.226012],[-74.965242,40.222499],[-74.964009,40.220652],[-74.961776,40.220426],[-74.957194,40.218127],[-74.956255,40.216685],[-74.955141,40.21254],[-74.953085,40.211503],[-74.947785,40.211682]]]},"properties":{"district":"178","name":"State House District 178"}},{"type":"Feature","geometry":{"type":"Polygon","coordinates":[[[-79.571167,40.375143],[-79.541026,40.361477],[-79.540134,40.361206],[-79.524595,40.354107],[-79.521446,40.351688],[-79.516839,40.349577],[-79.514801,40.349379],[-79.504393,40.351246],[-79.49994,40.352591],[-79.496861,40.353054],[-79.492958,40.35422],[-79.48754,40.356325],[-79.480811,40.36105],[-79.476798,40.36154],[-79.473159,40.361349],[-79.473053,40.359043],[-79.471807,40.356885],[-79.468066,40.352202],[-79.46889,40.349039],[-79.467331,40.345773],[-79.463842,40.342001],[-79.463898,40.337592],[-79.466966,40.335165],[-79.46986,40.334197],[-79.473511,40.331879],[-79.474593,40.329342],[-79.474955,40.325036],[-79.47402,40.32414],[-79.474677,40.320765],[-79.477358,40.318507],[-79.477912,40.317144],[-79.477394,40.314676],[-79.478551,40.312138],[-79.48716,40.297511],[-79.489008,40.294056],[-79.496637,40.284705],[-79.501149,40.278346],[-79.502469,40.274086],[-79.504886,40.271725],[-79.508408,40.269338],[-79.51097,40.266186],[-79.510808,40.261576],[-79.512201,40.259365],[-79.51269,40.256164],[-79.514719,40.254956],[-79.518203,40.255059],[-79.520374,40.254181],[-79.525226,40.255036],[-79.527856,40.254619],[-79.529613,40.252839],[-79.535326,40.250804],[-79.539644,40.246251],[-79.541616,40.240857],[-79.540729,40.23904],[-79.542615,40.234937],[-79.542465,40.232958],[-79.543698,40.228559],[-79.545347,40.225684],[-79.54587,40.223415],[-79.549955,40.223173],[-79.547189,40.222995],[-79.543174,40.221231],[-79.545661,40.219105],[-79.5475,40.219118],[-79.552787,40.217758],[-79.553064,40.21692],[-79.55346,40.20858],[-79.553747,40.196062],[-79.556653,40.192234],[-79.55653,40.191143],[-79.557807,40.186633],[-79.559831,40.187019],[-79.567096,40.189418],[-79.575718,40.189576],[-79.582426,40.193251],[-79.584428,40.192144],[-79.589711,40.192774],[-79.592475,40.193928],[-79.594185,40.192796],[-79.597994,40.19287],[-79.619834,40.200374],[-79.616895,40.202576],[-79.615013,40.200177],[-79.612133,40.200135],[-79.609413,40.20141],[-79.613156,40.209066],[-79.615514,40.208927],[-79.616526,40.207704],[-79.619584,40.205949],[-79.621736,40.203018],[-79.622235,40.20108],[-79.624765,40.201848],[-79.627155,40.201501],[-79.629983,40.202439],[-79.630839,40.203744],[-79.634025,40.204569],[-79.637313,40.206243],[-79.639159,40.208479],[-79.642727,40.211092],[-79.650619,40.210343],[-79.651566,40.208805],[-79.656215,40.207792],[-79.65935,40.208103],[-79.663542,40.209933],[-79.661336,40.210786],[-79.65817,40.21038],[-79.657153,40.211292],[-79.65877,40.213801],[-79.657301,40.215442],[-79.65478,40.216314],[-79.653733,40.21824],[-79.661407,40.233172],[-79.670106,40.238785],[-79.66793,40.240784],[-79.668228,40.246994],[-79.673995,40.25042],[-79.678768,40.250434],[-79.68124,40.251724],[-79.683897,40.249235],[-79.692867,40.263897],[-79.696077,40.268187],[-79.700135,40.272976],[-79.696484,40.278102],[-79.697711,40.280722],[-79.695637,40.291283],[-79.695136,40.291843],[-79.692693,40.294601],[-79.680242,40.306745],[-79.674504,40.310557],[-79.673998,40.312957],[-79.671611,40.312991],[-79.667918,40.312087],[-79.665676,40.316769],[-79.665107,40.320918],[-79.665921,40.331108],[-79.665051,40.333248],[-79.659679,40.336544],[-79.658992,40.334398],[-79.654945,40.3325],[-79.65267,40.335361],[-79.650571,40.334877],[-79.649042,40.333418],[-79.647766,40.329031],[-79.648477,40.326625],[-79.646081,40.326371],[-79.64232,40.327623],[-79.639098,40.327745],[-79.632656,40.329991],[-79.630151,40.328568],[-79.630577,40.326594],[-79.628791,40.325328],[-79.62961,40.32352],[-79.6271,40.32267],[-79.625109,40.321035],[-79.62081,40.3193],[-79.623872,40.315994],[-79.618586,40.315738],[-79.619255,40.312912],[-79.614321,40.3125],[-79.611345,40.310405],[-79.607243,40.311352],[-79.601922,40.313204],[-79.602625,40.31596],[-79.604753,40.316202],[-79.604537,40.318418],[-79.603607,40.319652],[-79.607912,40.322578],[-79.611399,40.325386],[-79.607113,40.328131],[-79.603661,40.32831],[-79.600547,40.327556],[-79.597592,40.329232],[-79.596832,40.330799],[-79.594672,40.330084],[-79.592621,40.33087],[-79.592743,40.332826],[-79.589438,40.339799],[-79.586568,40.341809],[-79.583885,40.345159],[-79.579095,40.346508],[-79.577612,40.346412],[-79.575862,40.349364],[-79.574779,40.349971],[-79.573925,40.352424],[-79.574705,40.353708],[-79.578739,40.352764],[-79.581333,40.362245],[-79.575326,40.371958],[-79.571167,40.375143]]]},"properties":{"district":"057","name":"State House District 57"}},{"type":"Feature","geometry":{"type":"Polygon","coordinates":[[[-75.085381,40.031491],[-75.085354,40.031093],[-75.090563,40.025791],[-75.085089,40.022761],[-75.082681,40.025123],[-75.0807,40.025933],[-75.077842,40.024191],[-75.075622,40.024074],[-75.075318,40.021836],[-75.072575,40.018868],[-75.070504,40.017255],[-75.068867,40.012751],[-75.070581,40.010533],[-75.078448,40.008586],[-75.077476,40.004139],[-75.079781,40.002337],[-75.08637,39.998895],[-75.0874,40.000097],[-75.08763,40.002162],[-75.088909,40.003697],[-75.091749,40.0047],[-75.092897,40.006095],[-75.092133,40.007344],[-75.094687,40.009267],[-75.094363,40.011383],[-75.099691,40.012083],[-75.098805,40.016259],[-75.10257,40.015964],[-75.107599,40.016489],[-75.107214,40.015416],[-75.108087,40.011547],[-75.119439,40.013026],[-75.114463,40.01994],[-75.112217,40.020056],[-75.110072,40.022214],[-75.111348,40.023567],[-75.111352,40.025446],[-75.112844,40.027025],[-75.127729,40.024845],[-75.133167,40.024299],[-75.130518,40.036437],[-75.12386,40.035562],[-75.114896,40.034447],[-75.112042,40.037847],[-75.105848,40.041902],[-75.096098,40.036574],[-75.08641,40.031024],[-75.085381,40.031491]]]},"properties":{"district":"179","name":"State House District 179"}},{"type":"Feature","geometry":{"type":"Polygon","coordinates":[[[-79.788648,40.297738],[-79.784208,40.313894],[-79.7823,40.321526],[-79.781991,40.323821],[-79.77902,40.32417],[-79.77397,40.32292],[-79.77163,40.32195],[-79.77036,40.32016],[-79.76891,40.31632],[-79.76166,40.31718],[-79.7612,40.31587],[-79.76144,40.31271],[-79.75693,40.31098],[-79.75101,40.31112],[-79.748372,40.316394],[-79.74953,40.31842],[-79.74658,40.31897],[-79.74558,40.31998],[-79.74276,40.31789],[-79.73929,40.31596],[-79.73756,40.31931],[-79.73347,40.32142],[-79.73331,40.31846],[-79.73081,40.31714],[-79.72945,40.31501],[-79.72834,40.31081],[-79.72678,40.30922],[-79.72157,40.30667],[-79.72052,40.30515],[-79.71795,40.30509],[-79.71498,40.30603],[-79.71077,40.30675],[-79.7112,40.30315],[-79.71183,40.30227],[-79.71159,40.29568],[-79.71636,40.29591],[-79.716457,40.293245],[-79.704409,40.291347],[-79.699601,40.291415],[-79.695136,40.291843],[-79.695637,40.291283],[-79.697711,40.280722],[-79.696484,40.278102],[-79.700135,40.272976],[-79.696077,40.268187],[-79.692867,40.263897],[-79.683897,40.249235],[-79.68124,40.251724],[-79.678768,40.250434],[-79.673995,40.25042],[-79.668228,40.246994],[-79.66793,40.240784],[-79.670106,40.238785],[-79.661407,40.233172],[-79.653733,40.21824],[-79.65478,40.216314],[-79.657301,40.215442],[-79.65877,40.213801],[-79.657153,40.211292],[-79.65817,40.21038],[-79.661336,40.210786],[-79.663542,40.209933],[-79.65935,40.208103],[-79.656215,40.207792],[-79.651566,40.208805],[-79.650619,40.210343],[-79.642727,40.211092],[-79.639159,40.208479],[-79.637313,40.206243],[-79.634025,40.204569],[-79.630839,40.203744],[-79.629983,40.202439],[-79.627155,40.201501],[-79.624765,40.201848],[-79.622235,40.20108],[-79.621736,40.203018],[-79.619584,40.205949],[-79.616526,40.207704],[-79.615514,40.208927],[-79.613156,40.209066],[-79.609413,40.20141],[-79.612133,40.200135],[-79.615013,40.200177],[-79.616895,40.202576],[-79.619834,40.200374],[-79.597994,40.19287],[-79.594185,40.192796],[-79.592475,40.193928],[-79.589711,40.192774],[-79.584428,40.192144],[-79.582426,40.193251],[-79.575718,40.189576],[-79.567096,40.189418],[-79.559831,40.187019],[-79.557807,40.186633],[-79.55653,40.191143],[-79.556653,40.192234],[-79.553747,40.196062],[-79.55346,40.20858],[-79.553064,40.21692],[-79.552787,40.217758],[-79.5475,40.219118],[-79.545661,40.219105],[-79.543174,40.221231],[-79.547189,40.222995],[-79.549955,40.223173],[-79.547021,40.222989],[-79.536469,40.220298],[-79.534241,40.218381],[-79.534196,40.215625],[-79.515974,40.215402],[-79.51011,40.208794],[-79.510392,40.204655],[-79.508061,40.202068],[-79.50432,40.201327],[-79.499644,40.200899],[-79.495634,40.195502],[-79.489357,40.190214],[-79.489404,40.187007],[-79.492083,40.181871],[-79.49476,40.178511],[-79.50074,40.176063],[-79.50638,40.1732],[-79.511731,40.168802],[-79.516503,40.162695],[-79.516974,40.159375],[-79.517879,40.156689],[-79.518711,40.151392],[-79.514993,40.150839],[-79.51321,40.149169],[-79.505955,40.144937],[-79.505013,40.144647],[-79.50297,40.141142],[-79.505188,40.140568],[-79.506929,40.138636],[-79.510178,40.137097],[-79.511245,40.13598],[-79.51347,40.135797],[-79.51473,40.134389],[-79.517786,40.133268],[-79.517864,40.131378],[-79.526977,40.123237],[-79.527613,40.122935],[-79.52975,40.127171],[-79.530865,40.128208],[-79.533991,40.128617],[-79.535472,40.127667],[-79.535602,40.12584],[-79.538052,40.124528],[-79.541071,40.120814],[-79.541533,40.117806],[-79.540366,40.115188],[-79.541284,40.112745],[-79.546623,40.111992],[-79.548519,40.110322],[-79.55315,40.112578],[-79.556756,40.112785],[-79.559117,40.111157],[-79.559278,40.109492],[-79.560968,40.106608],[-79.562857,40.105014],[-79.566229,40.106064],[-79.567296,40.105583],[-79.571722,40.105304],[-79.574933,40.103438],[-79.578507,40.104364],[-79.57892,40.105226],[-79.585377,40.102125],[-79.584331,40.0993],[-79.584576,40.097834],[-79.592026,40.09346],[-79.593314,40.09093],[-79.591944,40.085789],[-79.593021,40.082055],[-79.597944,40.082679],[-79.601772,40.082744],[-79.600442,40.084308],[-79.603092,40.086033],[-79.60233,40.087563],[-79.603674,40.090839],[-79.607974,40.092304],[-79.610054,40.092393],[-79.613096,40.093438],[-79.614664,40.091283],[-79.620727,40.09271],[-79.621958,40.094533],[-79.625853,40.091933],[-79.625605,40.090089],[-79.626998,40.088424],[-79.630465,40.086794],[-79.632933,40.086986],[-79.635697,40.085905],[-79.638994,40.082859],[-79.642371,40.083628],[-79.643591,40.085419],[-79.641175,40.086732],[-79.641098,40.088317],[-79.644784,40.089416],[-79.648122,40.087643],[-79.654083,40.089294],[-79.654793,40.090801],[-79.654285,40.093633],[-79.657254,40.096595],[-79.659636,40.097338],[-79.661656,40.094483],[-79.663347,40.094637],[-79.663866,40.096732],[-79.666256,40.097593],[-79.668495,40.097308],[-79.668602,40.098847],[-79.666667,40.100364],[-79.666187,40.102656],[-79.667579,40.104542],[-79.671751,40.106247],[-79.674178,40.105514],[-79.677068,40.106943],[-79.679091,40.107103],[-79.683794,40.10862],[-79.684634,40.113114],[-79.686137,40.11389],[-79.689,40.113141],[-79.691655,40.11309],[-79.694168,40.111353],[-79.69865,40.109619],[-79.702095,40.110414],[-79.705399,40.107638],[-79.708123,40.107704],[-79.711267,40.108658],[-79.712366,40.11036],[-79.715465,40.11109],[-79.717302,40.112924],[-79.718948,40.113501],[-79.72237,40.112825],[-79.723235,40.113662],[-79.721805,40.115287],[-79.718499,40.116921],[-79.719976,40.11907],[-79.723359,40.122338],[-79.725291,40.123133],[-79.7276,40.120608],[-79.730567,40.120451],[-79.734851,40.121046],[-79.741174,40.126271],[-79.746056,40.128457],[-79.7822,40.12842],[-79.788821,40.128609],[-79.803817,40.128761],[-79.805804,40.127528],[-79.806743,40.131184],[-79.81004,40.13248],[-79.816594,40.132791],[-79.815774,40.129649],[-79.816113,40.128375],[-79.839409,40.128251],[-79.842184,40.128432],[-79.847831,40.127976],[-79.84975,40.128613],[-79.853603,40.127531],[-79.856544,40.128523],[-79.85791,40.12814],[-79.86901,40.12801],[-79.86992,40.12894],[-79.875296,40.12953],[-79.877864,40.126959],[-79.885497,40.129496],[-79.888777,40.132648],[-79.891193,40.138184],[-79.893241,40.140776],[-79.899034,40.145527],[-79.902074,40.148647],[-79.904138,40.151863],[-79.904874,40.154807],[-79.904778,40.157255],[-79.901994,40.161367],[-79.897226,40.163991],[-79.893306,40.164983],[-79.887337,40.164983],[-79.876025,40.163159],[-79.870425,40.162087],[-79.864153,40.161815],[-79.859464,40.163143],[-79.856008,40.165799],[-79.853048,40.169127],[-79.851352,40.172151],[-79.850376,40.177303],[-79.851367,40.183012],[-79.853271,40.189223],[-79.854456,40.191255],[-79.857705,40.193175],[-79.860537,40.194839],[-79.865817,40.197031],[-79.869129,40.197383],[-79.867067,40.198837],[-79.850066,40.204684],[-79.83925,40.208755],[-79.81442,40.21668],[-79.800608,40.221738],[-79.782588,40.227626],[-79.786944,40.227967],[-79.790305,40.229169],[-79.795338,40.229926],[-79.802964,40.231489],[-79.805603,40.232548],[-79.807112,40.23452],[-79.807431,40.236894],[-79.805507,40.241014],[-79.803364,40.241803],[-79.799109,40.246966],[-79.796653,40.252833],[-79.793955,40.255761],[-79.78924,40.259592],[-79.787502,40.263242],[-79.788779,40.265312],[-79.794502,40.271336],[-79.796131,40.275225],[-79.796516,40.279445],[-79.794715,40.281683],[-79.788927,40.282255],[-79.783629,40.281924],[-79.780117,40.282109],[-79.77643,40.284437],[-79.775027,40.287021],[-79.775963,40.28921],[-79.780995,40.293608],[-79.784566,40.296066],[-79.788648,40.297738]]]},"properties":{"district":"058","name":"State House District 58"}},{"type":"Feature","geometry":{"type":"Polygon","coordinates":[[[-79.293884,40.040446],[-79.293644,40.040793],[-79.309791,40.04355],[-79.312674,40.044382],[-79.31609,40.04384],[-79.32368,40.04078],[-79.33,40.04079],[-79.33291,40.04169],[-79.33864,40.04215],[-79.34177,40.04317],[-79.34268,40.04417],[-79.34445,40.05089],[-79.351241,40.067869],[-79.355627,40.074359],[-79.361081,40.076351],[-79.36357,40.078378],[-79.367463,40.080198],[-79.37252,40.08137],[-79.37959,40.08476],[-79.38218,40.0855],[-79.393712,40.090897],[-79.39737,40.09513],[-79.40131,40.10223],[-79.40274,40.10283],[-79.40492,40.10228],[-79.41539,40.1046],[-79.41685,40.10542],[-79.42071,40.1091],[-79.423474,40.111156],[-79.429398,40.113474],[-79.43756,40.11586],[-79.44213,40.11957],[-79.4449,40.1234],[-79.44628,40.12442],[-79.44772,40.12677],[-79.447478,40.133233],[-79.452247,40.135688],[-79.461225,40.141349],[-79.461522,40.144098],[-79.471419,40.143987],[-79.471093,40.145342],[-79.473183,40.145652],[-79.473736,40.143928],[-79.480122,40.144306],[-79.483136,40.144043],[-79.48524,40.14244],[-79.48852,40.14122],[-79.494205,40.140926],[-79.496673,40.14176],[-79.500595,40.140973],[-79.50297,40.141142],[-79.505013,40.144647],[-79.505955,40.144937],[-79.51321,40.149169],[-79.514993,40.150839],[-79.518711,40.151392],[-79.517879,40.156689],[-79.516974,40.159375],[-79.516503,40.162695],[-79.511731,40.168802],[-79.50638,40.1732],[-79.50074,40.176063],[-79.49476,40.178511],[-79.492083,40.181871],[-79.489404,40.187007],[-79.489357,40.190214],[-79.495634,40.195502],[-79.499644,40.200899],[-79.50432,40.201327],[-79.508061,40.202068],[-79.510392,40.204655],[-79.51011,40.208794],[-79.515974,40.215402],[-79.534196,40.215625],[-79.534241,40.218381],[-79.536469,40.220298],[-79.547021,40.222989],[-79.549955,40.223173],[-79.54587,40.223415],[-79.545347,40.225684],[-79.543698,40.228559],[-79.542465,40.232958],[-79.542615,40.234937],[-79.540729,40.23904],[-79.541616,40.240857],[-79.539644,40.246251],[-79.535326,40.250804],[-79.529613,40.252839],[-79.527856,40.254619],[-79.525226,40.255036],[-79.520374,40.254181],[-79.518203,40.255059],[-79.514719,40.254956],[-79.51269,40.256164],[-79.512201,40.259365],[-79.510808,40.261576],[-79.51097,40.266186],[-79.508408,40.269338],[-79.504886,40.271725],[-79.502469,40.274086],[-79.501149,40.278346],[-79.496637,40.284705],[-79.489008,40.294056],[-79.48716,40.297511],[-79.478551,40.312138],[-79.477394,40.314676],[-79.477912,40.317144],[-79.477358,40.318507],[-79.474677,40.320765],[-79.47402,40.32414],[-79.474955,40.325036],[-79.474593,40.329342],[-79.473511,40.331879],[-79.46986,40.334197],[-79.466966,40.335165],[-79.463898,40.337592],[-79.463842,40.342001],[-79.467331,40.345773],[-79.46889,40.349039],[-79.468066,40.352202],[-79.471807,40.356885],[-79.473053,40.359043],[-79.473159,40.361349],[-79.471107,40.362771],[-79.465141,40.362306],[-79.458365,40.360133],[-79.456132,40.361045],[-79.453886,40.362835],[-79.449242,40.363882],[-79.447308,40.367221],[-79.44457,40.368179],[-79.443189,40.367599],[-79.439222,40.368692],[-79.438397,40.372322],[-79.435872,40.374793],[-79.430211,40.376175],[-79.429738,40.378738],[-79.427067,40.380104],[-79.425276,40.377685],[-79.421782,40.375171],[-79.419154,40.374727],[-79.415965,40.375426],[-79.414912,40.374561],[-79.414495,40.371413],[-79.410359,40.366553],[-79.408781,40.365504],[-79.40907,40.363543],[-79.406255,40.361941],[-79.406306,40.358613],[-79.404301,40.360099],[-79.404387,40.361803],[-79.403161,40.362912],[-79.401765,40.365701],[-79.403022,40.369184],[-79.401457,40.370742],[-79.400393,40.372959],[-79.394395,40.374746],[-79.393577,40.375547],[-79.387008,40.376288],[-79.384511,40.377779],[-79.379645,40.375607],[-79.375114,40.37254],[-79.372074,40.372598],[-79.36978,40.369478],[-79.365213,40.367306],[-79.364589,40.367518],[-79.363998,40.372915],[-79.360803,40.374722],[-79.359465,40.377476],[-79.355929,40.377426],[-79.354113,40.379484],[-79.353622,40.382675],[-79.351374,40.385671],[-79.350954,40.388669],[-79.348204,40.393935],[-79.334624,40.406694],[-79.329019,40.403031],[-79.328228,40.39694],[-79.32965,40.394624],[-79.295816,40.401094],[-79.293928,40.39998],[-79.29179,40.400508],[-79.291466,40.401743],[-79.288698,40.402625],[-79.287986,40.403921],[-79.289,40.406236],[-79.270272,40.417441],[-79.266248,40.416382],[-79.263281,40.416763],[-79.256638,40.420198],[-79.254114,40.422288],[-79.250738,40.428511],[-79.247568,40.43208],[-79.246189,40.432129],[-79.240175,40.429991],[-79.233203,40.430741],[-79.227173,40.429061],[-79.224616,40.427345],[-79.221971,40.426821],[-79.214783,40.424458],[-79.210876,40.42125],[-79.210093,40.419588],[-79.206513,40.415032],[-79.20265,40.4118],[-79.199233,40.41078],[-79.197573,40.411479],[-79.194186,40.414143],[-79.191197,40.415221],[-79.185372,40.41425],[-79.181308,40.412874],[-79.176737,40.41181],[-79.173713,40.410622],[-79.164369,40.410224],[-79.159062,40.411552],[-79.155789,40.411765],[-79.153687,40.410841],[-79.152051,40.408766],[-79.152219,40.405495],[-79.154002,40.401701],[-79.152698,40.399234],[-79.147892,40.3976],[-79.138578,40.398505],[-79.135005,40.398304],[-79.124749,40.395361],[-79.117,40.394243],[-79.115994,40.393516],[-79.114906,40.389879],[-79.116596,40.389072],[-79.118397,40.389866],[-79.122503,40.389354],[-79.12716,40.386878],[-79.128677,40.385056],[-79.1288,40.381255],[-79.127116,40.375068],[-79.121634,40.370576],[-79.120692,40.370562],[-79.114781,40.372372],[-79.109309,40.373318],[-79.106182,40.370588],[-79.102153,40.368868],[-79.099589,40.368937],[-79.096769,40.370725],[-79.096116,40.374035],[-79.090527,40.380243],[-79.088312,40.386553],[-79.086617,40.388592],[-79.082965,40.389582],[-79.079506,40.38883],[-79.074483,40.38582],[-79.071501,40.381772],[-79.069885,40.380414],[-79.064553,40.379002],[-79.060271,40.379636],[-79.058481,40.380868],[-79.057109,40.384293],[-79.051885,40.389286],[-79.046676,40.390918],[-79.042436,40.391382],[-79.040582,40.393049],[-79.040705,40.39521],[-79.039835,40.396273],[-79.036328,40.395996],[-79.032998,40.398983],[-79.032246,40.401957],[-79.030117,40.404123],[-79.028422,40.40467],[-79.027714,40.406136],[-79.029479,40.40771],[-79.033043,40.408592],[-79.034262,40.409754],[-79.034195,40.412109],[-79.033007,40.416774],[-79.03174,40.41817],[-79.027837,40.419574],[-79.016617,40.420279],[-79.012357,40.419581],[-79.009719,40.418079],[-78.996637,40.413256],[-78.98887,40.411974],[-78.987085,40.41099],[-78.982324,40.405779],[-78.980844,40.402995],[-78.977151,40.398394],[-78.973814,40.395421],[-78.97523,40.391927],[-78.998171,40.356169],[-79.000546,40.355273],[-79.003701,40.352496],[-79.006078,40.351203],[-79.009383,40.344787],[-79.010279,40.340228],[-79.015368,40.339187],[-79.020019,40.335605],[-79.022085,40.332208],[-79.023376,40.328691],[-79.025411,40.326005],[-79.029712,40.322969],[-79.031155,40.320833],[-79.031665,40.317646],[-79.034165,40.316311],[-79.037295,40.313403],[-79.036396,40.311106],[-79.037558,40.306961],[-79.039369,40.305788],[-79.041695,40.302042],[-79.045047,40.299647],[-79.046251,40.296718],[-79.049771,40.293075],[-79.052232,40.289764],[-79.054807,40.289399],[-79.056053,40.284861],[-79.056645,40.282921],[-79.056211,40.280993],[-79.056646,40.278604],[-79.059378,40.275767],[-79.065384,40.273717],[-79.067963,40.272471],[-79.06976,40.270068],[-79.073523,40.266727],[-79.073699,40.264811],[-79.075827,40.262484],[-79.076638,40.260307],[-79.07957,40.257928],[-79.078084,40.25484],[-79.078059,40.25256],[-79.07925,40.251172],[-79.082472,40.250074],[-79.084894,40.246193],[-79.086734,40.245342],[-79.086174,40.242665],[-79.090506,40.240845],[-79.094907,40.236485],[-79.09503,40.233633],[-79.095946,40.23261],[-79.099013,40.232078],[-79.100153,40.231149],[-79.098412,40.228417],[-79.09867,40.226097],[-79.101458,40.223789],[-79.100286,40.222344],[-79.103534,40.220142],[-79.103003,40.218231],[-79.106957,40.215789],[-79.107929,40.213026],[-79.110431,40.21146],[-79.112457,40.211455],[-79.114286,40.210258],[-79.114053,40.206703],[-79.1146,40.205039],[-79.116239,40.203753],[-79.121942,40.203138],[-79.1225,40.201665],[-79.1257,40.200701],[-79.125397,40.197105],[-79.123814,40.193949],[-79.12446,40.191923],[-79.127549,40.186769],[-79.125963,40.184999],[-79.126744,40.183281],[-79.128186,40.182873],[-79.129653,40.180924],[-79.134393,40.178722],[-79.135904,40.178723],[-79.140379,40.180088],[-79.143306,40.179889],[-79.143361,40.178616],[-79.141907,40.176224],[-79.141065,40.173058],[-79.141286,40.169684],[-79.140049,40.165736],[-79.140702,40.163307],[-79.145398,40.162313],[-79.146624,40.161297],[-79.149768,40.160373],[-79.153914,40.16089],[-79.157724,40.160445],[-79.160925,40.161141],[-79.16121,40.159838],[-79.160494,40.156884],[-79.162754,40.154062],[-79.162316,40.149466],[-79.163195,40.146297],[-79.162123,40.14331],[-79.163407,40.14061],[-79.165825,40.138691],[-79.165795,40.136289],[-79.167393,40.132327],[-79.167626,40.128783],[-79.168611,40.127636],[-79.171956,40.126351],[-79.173348,40.121998],[-79.174249,40.120604],[-79.180987,40.115714],[-79.181156,40.113885],[-79.182832,40.11312],[-79.182927,40.111436],[-79.185222,40.109848],[-79.190086,40.10951],[-79.192161,40.110267],[-79.195368,40.113329],[-79.196872,40.115951],[-79.196564,40.118454],[-79.201019,40.118099],[-79.202579,40.117003],[-79.20295,40.114926],[-79.205189,40.11656],[-79.210774,40.118903],[-79.213791,40.117991],[-79.217166,40.114575],[-79.220864,40.112737],[-79.22262,40.104171],[-79.225649,40.100695],[-79.226672,40.09825],[-79.230896,40.09743],[-79.234624,40.09622],[-79.23662,40.096541],[-79.240087,40.094708],[-79.240122,40.092513],[-79.243013,40.09227],[-79.246398,40.09371],[-79.256137,40.08834],[-79.257439,40.085249],[-79.258671,40.080273],[-79.264387,40.078668],[-79.267739,40.074268],[-79.267947,40.06938],[-79.267166,40.06601],[-79.271351,40.064238],[-79.273019,40.06155],[-79.276659,40.058445],[-79.278766,40.055537],[-79.278101,40.050479],[-79.28431,40.048246],[-79.285661,40.047081],[-79.285602,40.045073],[-79.288578,40.041775],[-79.293884,40.040446]]]},"properties":{"district":"059","name":"State House District 59"}},{"type":"Feature","geometry":{"type":"Polygon","coordinates":[[[-75.08637,39.998895],[-75.106326,39.988524],[-75.106748,39.98898],[-75.111887,39.986296],[-75.112356,39.98702],[-75.117557,39.984301],[-75.124722,39.990257],[-75.125491,39.989836],[-75.130898,39.99089],[-75.129704,39.9939],[-75.130083,39.994731],[-75.12926,39.998539],[-75.133351,39.998537],[-75.131937,40.005156],[-75.134672,40.00477],[-75.137669,40.003645],[-75.134194,40.019619],[-75.125023,40.018435],[-75.125988,40.013862],[-75.119439,40.013026],[-75.108087,40.011547],[-75.107214,40.015416],[-75.107599,40.016489],[-75.10257,40.015964],[-75.098805,40.016259],[-75.099691,40.012083],[-75.094363,40.011383],[-75.094687,40.009267],[-75.092133,40.007344],[-75.092897,40.006095],[-75.091749,40.0047],[-75.088909,40.003697],[-75.08763,40.002162],[-75.0874,40.000097],[-75.08637,39.998895]]]},"properties":{"district":"180","name":"State House District 180"}},{"type":"Feature","geometry":{"type":"Polygon","coordinates":[[[-79.749192,40.598919],[-79.736087,40.602043],[-79.723154,40.606989],[-79.719992,40.60949],[-79.717702,40.613295],[-79.714576,40.61701],[-79.70774,40.622481],[-79.703334,40.625695],[-79.694353,40.635127],[-79.690278,40.640873],[-79.688975,40.645435],[-79.689208,40.647852],[-79.691082,40.652468],[-79.694192,40.657506],[-79.695822,40.661505],[-79.695463,40.665765],[-79.692904,40.66825],[-79.692878,40.669611],[-79.692357,40.672857],[-79.692794,40.674604],[-79.692586,40.683937],[-79.692352,40.71086],[-79.69256,40.714664],[-79.693284,40.741427],[-79.692895,40.762477],[-79.692803,40.793405],[-79.692362,40.806402],[-79.624858,40.80564],[-79.601401,40.805679],[-79.611198,40.856939],[-79.60909,40.88328],[-79.611516,40.888441],[-79.614529,40.894085],[-79.565988,40.893741],[-79.499641,40.893147],[-79.483507,40.893084],[-79.486367,40.889986],[-79.48648,40.887522],[-79.485729,40.885198],[-79.480874,40.875071],[-79.480338,40.871532],[-79.48189,40.866551],[-79.485609,40.862318],[-79.488085,40.860637],[-79.492554,40.858469],[-79.499766,40.855894],[-79.525182,40.845615],[-79.527324,40.844049],[-79.529196,40.841428],[-79.530863,40.835894],[-79.531183,40.833046],[-79.531235,40.827047],[-79.530526,40.82317],[-79.529136,40.819505],[-79.522745,40.812447],[-79.520883,40.812442],[-79.51691,40.808253],[-79.514529,40.807979],[-79.515041,40.810012],[-79.5144,40.812423],[-79.51613,40.814887],[-79.494468,40.81216],[-79.464132,40.808045],[-79.466898,40.800587],[-79.471795,40.789043],[-79.487979,40.750072],[-79.495477,40.734653],[-79.499972,40.720177],[-79.501484,40.716262],[-79.498261,40.716155],[-79.497166,40.715369],[-79.497738,40.713741],[-79.50105,40.71267],[-79.503628,40.710904],[-79.497798,40.709836],[-79.473608,40.707136],[-79.460535,40.705563],[-79.454589,40.704995],[-79.438608,40.703038],[-79.422032,40.701209],[-79.423537,40.696157],[-79.425674,40.687619],[-79.424676,40.68451],[-79.404587,40.68559],[-79.389616,40.673467],[-79.379876,40.670743],[-79.353806,40.654969],[-79.34492,40.654321],[-79.337576,40.646696],[-79.348804,40.634749],[-79.373034,40.609178],[-79.37783,40.603959],[-79.391009,40.590639],[-79.409633,40.571505],[-79.450176,40.530149],[-79.451497,40.531857],[-79.455033,40.534107],[-79.460561,40.534294],[-79.464289,40.53408],[-79.469732,40.532574],[-79.475739,40.529538],[-79.477264,40.529962],[-79.477877,40.531528],[-79.476802,40.533981],[-79.476918,40.535779],[-79.479337,40.537038],[-79.483329,40.536208],[-79.484729,40.534198],[-79.484876,40.530608],[-79.485706,40.528376],[-79.488697,40.526073],[-79.49461,40.52488],[-79.497092,40.525338],[-79.49795,40.526533],[-79.497296,40.529077],[-79.498925,40.532152],[-79.50538,40.535937],[-79.508283,40.538473],[-79.510446,40.54161],[-79.511912,40.542683],[-79.514273,40.542661],[-79.520992,40.541305],[-79.526249,40.542364],[-79.530519,40.546502],[-79.536213,40.550333],[-79.546709,40.555329],[-79.557286,40.560961],[-79.56111,40.564113],[-79.562966,40.568993],[-79.566326,40.574257],[-79.568101,40.57965],[-79.569413,40.580881],[-79.570662,40.583745],[-79.567222,40.591169],[-79.567423,40.592327],[-79.580227,40.582488],[-79.580867,40.581215],[-79.584955,40.580913],[-79.585142,40.578945],[-79.59436,40.572406],[-79.598727,40.568015],[-79.603929,40.564016],[-79.621561,40.551262],[-79.63459,40.561405],[-79.64203,40.566794],[-79.644976,40.56961],[-79.6476,40.56922],[-79.649481,40.570062],[-79.647659,40.571642],[-79.662373,40.582651],[-79.671155,40.588541],[-79.698742,40.563523],[-79.700568,40.564654],[-79.70137,40.566711],[-79.70373,40.56876],[-79.70468,40.570845],[-79.706553,40.571347],[-79.70732,40.573516],[-79.71182,40.58023],[-79.71361,40.5799],[-79.71976,40.57981],[-79.735774,40.577203],[-79.74172,40.580573],[-79.737389,40.582253],[-79.739693,40.585438],[-79.74414,40.58361],[-79.74782,40.58967],[-79.749625,40.595341],[-79.749192,40.598919]]]},"properties":{"district":"060","name":"State House District 60"}},{"type":"Feature","geometry":{"type":"Polygon","coordinates":[[[-75.131811,39.976804],[-75.133428,39.974116],[-75.139715,39.974897],[-75.141518,39.969758],[-75.146543,39.97038],[-75.148181,39.961418],[-75.157706,39.961869],[-75.161376,39.962225],[-75.163093,39.9544],[-75.166365,39.954816],[-75.167803,39.955935],[-75.167161,39.958692],[-75.170341,39.959091],[-75.16722,39.973397],[-75.170428,39.979112],[-75.174991,39.98246],[-75.157581,39.980223],[-75.154588,39.993938],[-75.153782,39.997718],[-75.147717,39.999974],[-75.146219,39.999668],[-75.146666,39.997678],[-75.144115,39.997295],[-75.14444,39.995799],[-75.141495,39.995422],[-75.142173,39.992343],[-75.146089,39.992848],[-75.146432,39.991258],[-75.144169,39.990966],[-75.145094,39.986747],[-75.143844,39.984683],[-75.14501,39.978597],[-75.141349,39.978121],[-75.14102,39.979617],[-75.135504,39.9789],[-75.135827,39.977409],[-75.131811,39.976804]]]},"properties":{"district":"181","name":"State House District 181"}},{"type":"Feature","geometry":{"type":"Polygon","coordinates":[[[-75.385776,40.226369],[-75.383097,40.229103],[-75.377199,40.234453],[-75.355244,40.255529],[-75.337428,40.273503],[-75.335986,40.273066],[-75.322256,40.264861],[-75.304021,40.253619],[-75.297319,40.24965],[-75.303445,40.243623],[-75.290074,40.235167],[-75.291932,40.233233],[-75.280618,40.226505],[-75.279633,40.223004],[-75.277991,40.223454],[-75.27151,40.230557],[-75.269478,40.230538],[-75.267427,40.231854],[-75.247977,40.220176],[-75.226508,40.207207],[-75.215675,40.200479],[-75.195455,40.18821],[-75.214458,40.169727],[-75.218713,40.165351],[-75.220951,40.1681],[-75.226075,40.163065],[-75.227394,40.163857],[-75.231609,40.159729],[-75.229019,40.158258],[-75.227356,40.156635],[-75.233397,40.150591],[-75.235459,40.148156],[-75.260409,40.122002],[-75.287294,40.136982],[-75.28849,40.14125],[-75.288348,40.145002],[-75.286726,40.147098],[-75.281331,40.15227],[-75.280205,40.15397],[-75.275892,40.15831],[-75.290258,40.167033],[-75.302808,40.174468],[-75.308442,40.177995],[-75.293214,40.193145],[-75.305175,40.199793],[-75.318852,40.20755],[-75.330051,40.213766],[-75.355792,40.229202],[-75.369466,40.216865],[-75.385776,40.226369]]]},"properties":{"district":"061","name":"State House District 61"}},{"type":"Feature","geometry":{"type":"Polygon","coordinates":[[[-75.163093,39.9544],[-75.162594,39.952242],[-75.156735,39.95153],[-75.157641,39.947348],[-75.15607,39.947148],[-75.157058,39.942596],[-75.153916,39.942205],[-75.152546,39.941148],[-75.153065,39.938763],[-75.151495,39.938514],[-75.152893,39.932208],[-75.16764,39.93415],[-75.166204,39.940813],[-75.170955,39.941404],[-75.171125,39.940626],[-75.177761,39.941461],[-75.177374,39.943231],[-75.180624,39.943641],[-75.180611,39.944631],[-75.187251,39.945559],[-75.188299,39.946409],[-75.183288,39.949512],[-75.181663,39.951509],[-75.180223,39.954472],[-75.170007,39.953171],[-75.16957,39.955205],[-75.167803,39.955935],[-75.166365,39.954816],[-75.163093,39.9544]]]},"properties":{"district":"182","name":"State House District 182"}},{"type":"Feature","geometry":{"type":"Polygon","coordinates":[[[-79.270272,40.417441],[-79.273746,40.419444],[-79.273542,40.422925],[-79.269914,40.426634],[-79.269351,40.428517],[-79.270738,40.43542],[-79.272605,40.439082],[-79.277382,40.441397],[-79.282848,40.442769],[-79.285483,40.441759],[-79.287307,40.438611],[-79.289409,40.436673],[-79.299435,40.434515],[-79.301284,40.435212],[-79.301751,40.439291],[-79.299897,40.444912],[-79.301652,40.448324],[-79.301677,40.451356],[-79.300726,40.452889],[-79.297631,40.455796],[-79.298757,40.458876],[-79.300351,40.46097],[-79.303118,40.461642],[-79.307073,40.460439],[-79.3161,40.459253],[-79.319799,40.458074],[-79.322786,40.456032],[-79.325409,40.452699],[-79.32863,40.452551],[-79.330267,40.453851],[-79.330796,40.458639],[-79.331732,40.461889],[-79.333272,40.464059],[-79.336651,40.466804],[-79.33844,40.469998],[-79.342093,40.470124],[-79.344868,40.468242],[-79.345408,40.467212],[-79.34544,40.46128],[-79.345926,40.454825],[-79.347185,40.452731],[-79.349861,40.451969],[-79.353851,40.451701],[-79.357901,40.452343],[-79.360526,40.454095],[-79.362275,40.460061],[-79.362307,40.463156],[-79.361082,40.464258],[-79.358029,40.470879],[-79.357319,40.475206],[-79.358595,40.477916],[-79.362056,40.478678],[-79.365925,40.477474],[-79.36707,40.47509],[-79.366352,40.468762],[-79.366334,40.465966],[-79.368097,40.459689],[-79.369591,40.456604],[-79.371175,40.455067],[-79.374191,40.453693],[-79.381753,40.452697],[-79.391102,40.454412],[-79.394504,40.45598],[-79.395461,40.457132],[-79.397926,40.462815],[-79.400956,40.465534],[-79.404308,40.472543],[-79.406631,40.474301],[-79.408704,40.474334],[-79.412306,40.472969],[-79.41569,40.470572],[-79.418786,40.469837],[-79.421315,40.470598],[-79.423574,40.473329],[-79.425716,40.478938],[-79.42848,40.483398],[-79.429165,40.487857],[-79.430628,40.489046],[-79.433132,40.488655],[-79.43846,40.486737],[-79.445209,40.481807],[-79.447537,40.480811],[-79.451747,40.482307],[-79.453765,40.48425],[-79.454011,40.485507],[-79.452462,40.48943],[-79.453113,40.492181],[-79.455297,40.496616],[-79.45539,40.501159],[-79.454056,40.504563],[-79.454548,40.507014],[-79.457452,40.51118],[-79.459738,40.516737],[-79.459045,40.520457],[-79.456545,40.523237],[-79.44964,40.526792],[-79.449126,40.528241],[-79.450176,40.530149],[-79.409633,40.571505],[-79.391009,40.590639],[-79.37783,40.603959],[-79.373034,40.609178],[-79.348804,40.634749],[-79.337576,40.646696],[-79.320413,40.664937],[-79.289841,40.697271],[-79.276935,40.711054],[-79.262889,40.725731],[-79.2413,40.74856],[-79.238295,40.751417],[-79.220589,40.770189],[-79.215235,40.776016],[-79.186406,40.772333],[-79.150246,40.767623],[-79.130531,40.765122],[-79.15474,40.721585],[-79.155363,40.720689],[-79.173365,40.688314],[-79.180067,40.676484],[-79.182229,40.672359],[-79.156441,40.672436],[-79.15823,40.670407],[-79.135194,40.67023],[-79.132083,40.670512],[-79.111333,40.670144],[-79.097418,40.670697],[-79.09687,40.670138],[-79.089658,40.670105],[-79.089224,40.665435],[-79.08913,40.646838],[-79.077616,40.649296],[-79.073905,40.650378],[-79.070194,40.650922],[-79.065468,40.648664],[-79.053977,40.650424],[-79.041566,40.671097],[-79.028234,40.693818],[-79.023273,40.701829],[-79.020098,40.705711],[-79.018803,40.709515],[-79.007089,40.702338],[-78.99544,40.694904],[-78.994385,40.693895],[-78.989285,40.691822],[-78.98241,40.687322],[-78.973803,40.682043],[-78.961589,40.674272],[-78.929637,40.654262],[-78.920391,40.648642],[-78.907679,40.6407],[-78.905181,40.640344],[-78.904284,40.641174],[-78.89722,40.64327],[-78.891767,40.645711],[-78.885742,40.647442],[-78.878402,40.647047],[-78.865668,40.642959],[-78.851994,40.638022],[-78.846607,40.635605],[-78.850671,40.626336],[-78.859686,40.607044],[-78.866495,40.5931],[-78.875341,40.575354],[-78.885946,40.554067],[-78.89692,40.532454],[-78.921923,40.483512],[-78.946096,40.44175],[-78.973422,40.39639],[-78.973814,40.395421],[-78.977151,40.398394],[-78.980844,40.402995],[-78.982324,40.405779],[-78.987085,40.41099],[-78.98887,40.411974],[-78.996637,40.413256],[-79.009719,40.418079],[-79.012357,40.419581],[-79.016617,40.420279],[-79.027837,40.419574],[-79.03174,40.41817],[-79.033007,40.416774],[-79.034195,40.412109],[-79.034262,40.409754],[-79.033043,40.408592],[-79.029479,40.40771],[-79.027714,40.406136],[-79.028422,40.40467],[-79.030117,40.404123],[-79.032246,40.401957],[-79.032998,40.398983],[-79.036328,40.395996],[-79.039835,40.396273],[-79.040705,40.39521],[-79.040582,40.393049],[-79.042436,40.391382],[-79.046676,40.390918],[-79.051885,40.389286],[-79.057109,40.384293],[-79.058481,40.380868],[-79.060271,40.379636],[-79.064553,40.379002],[-79.069885,40.380414],[-79.071501,40.381772],[-79.074483,40.38582],[-79.079506,40.38883],[-79.082965,40.389582],[-79.086617,40.388592],[-79.088312,40.386553],[-79.090527,40.380243],[-79.096116,40.374035],[-79.096769,40.370725],[-79.099589,40.368937],[-79.102153,40.368868],[-79.106182,40.370588],[-79.109309,40.373318],[-79.114781,40.372372],[-79.120692,40.370562],[-79.121634,40.370576],[-79.127116,40.375068],[-79.1288,40.381255],[-79.128677,40.385056],[-79.12716,40.386878],[-79.122503,40.389354],[-79.118397,40.389866],[-79.116596,40.389072],[-79.114906,40.389879],[-79.115994,40.393516],[-79.117,40.394243],[-79.124749,40.395361],[-79.135005,40.398304],[-79.138578,40.398505],[-79.147892,40.3976],[-79.152698,40.399234],[-79.154002,40.401701],[-79.152219,40.405495],[-79.152051,40.408766],[-79.153687,40.410841],[-79.155789,40.411765],[-79.159062,40.411552],[-79.164369,40.410224],[-79.173713,40.410622],[-79.176737,40.41181],[-79.181308,40.412874],[-79.185372,40.41425],[-79.191197,40.415221],[-79.194186,40.414143],[-79.197573,40.411479],[-79.199233,40.41078],[-79.20265,40.4118],[-79.206513,40.415032],[-79.210093,40.419588],[-79.210876,40.42125],[-79.214783,40.424458],[-79.221971,40.426821],[-79.224616,40.427345],[-79.227173,40.429061],[-79.233203,40.430741],[-79.240175,40.429991],[-79.246189,40.432129],[-79.247568,40.43208],[-79.250738,40.428511],[-79.254114,40.422288],[-79.256638,40.420198],[-79.263281,40.416763],[-79.266248,40.416382],[-79.270272,40.417441]]]},"properties":{"district":"062","name":"State House District 62"}},{"type":"Feature","geometry":{"type":"Polygon","coordinates":[[[-75.443267,40.818276],[-75.440732,40.809373],[-75.4352,40.792062],[-75.428136,40.78914],[-75.423523,40.788745],[-75.422794,40.78712],[-75.419214,40.788371],[-75.415373,40.786702],[-75.414502,40.78726],[-75.411793,40.776896],[-75.412063,40.77339],[-75.410574,40.77148],[-75.407194,40.758238],[-75.409128,40.757078],[-75.406812,40.755283],[-75.405296,40.747458],[-75.404226,40.744368],[-75.402442,40.736571],[-75.383432,40.737978],[-75.381482,40.725912],[-75.376568,40.693765],[-75.392495,40.687695],[-75.407702,40.682257],[-75.430404,40.674152],[-75.459906,40.663576],[-75.481469,40.655744],[-75.483319,40.658214],[-75.483727,40.660196],[-75.483627,40.666996],[-75.485027,40.671496],[-75.487329,40.674497],[-75.491127,40.676996],[-75.495927,40.677896],[-75.498716,40.680005],[-75.499363,40.68225],[-75.503053,40.689715],[-75.507558,40.692346],[-75.509745,40.694158],[-75.515764,40.702121],[-75.547495,40.691026],[-75.542276,40.678426],[-75.535337,40.661251],[-75.5295,40.65475],[-75.546039,40.648827],[-75.559622,40.643601],[-75.606764,40.625946],[-75.620263,40.620749],[-75.629653,40.612292],[-75.638919,40.603205],[-75.644889,40.597599],[-75.714826,40.662506],[-75.678633,40.67154],[-75.676576,40.668514],[-75.655992,40.670282],[-75.633067,40.671811],[-75.638591,40.679682],[-75.624309,40.689135],[-75.608501,40.699461],[-75.605102,40.702113],[-75.580552,40.734725],[-75.587902,40.733887],[-75.590206,40.734463],[-75.592558,40.736127],[-75.597602,40.74461],[-75.601038,40.744371],[-75.602896,40.745641],[-75.619977,40.741021],[-75.624458,40.751414],[-75.611084,40.754542],[-75.61047,40.757756],[-75.613566,40.758423],[-75.614299,40.760211],[-75.616974,40.760795],[-75.618136,40.769234],[-75.621517,40.770248],[-75.621692,40.772226],[-75.619279,40.771579],[-75.619258,40.770419],[-75.616582,40.769663],[-75.609236,40.768431],[-75.60783,40.766033],[-75.609288,40.764366],[-75.608608,40.759728],[-75.607802,40.758156],[-75.605689,40.758537],[-75.606916,40.768617],[-75.604525,40.768815],[-75.606659,40.771319],[-75.60659,40.773007],[-75.604665,40.775777],[-75.605459,40.780783],[-75.608985,40.787387],[-75.602608,40.788043],[-75.598411,40.790124],[-75.595453,40.793302],[-75.585582,40.796768],[-75.577488,40.799414],[-75.57482,40.799148],[-75.565091,40.801105],[-75.557532,40.801188],[-75.551359,40.804552],[-75.541549,40.806815],[-75.528444,40.806725],[-75.519045,40.808813],[-75.508018,40.809101],[-75.499628,40.810528],[-75.485272,40.812525],[-75.478546,40.813084],[-75.474193,40.814746],[-75.471481,40.815125],[-75.443267,40.818276]]]},"properties":{"district":"183","name":"State House District 183"}},{"type":"Feature","geometry":{"type":"Polygon","coordinates":[[[-79.337576,40.646696],[-79.34492,40.654321],[-79.353806,40.654969],[-79.379876,40.670743],[-79.389616,40.673467],[-79.404587,40.68559],[-79.424676,40.68451],[-79.425674,40.687619],[-79.423537,40.696157],[-79.422032,40.701209],[-79.438608,40.703038],[-79.454589,40.704995],[-79.460535,40.705563],[-79.473608,40.707136],[-79.497798,40.709836],[-79.503628,40.710904],[-79.50105,40.71267],[-79.497738,40.713741],[-79.497166,40.715369],[-79.498261,40.716155],[-79.501484,40.716262],[-79.499972,40.720177],[-79.495477,40.734653],[-79.487979,40.750072],[-79.471795,40.789043],[-79.466898,40.800587],[-79.464132,40.808045],[-79.494468,40.81216],[-79.51613,40.814887],[-79.5144,40.812423],[-79.515041,40.810012],[-79.514529,40.807979],[-79.51691,40.808253],[-79.520883,40.812442],[-79.522745,40.812447],[-79.529136,40.819505],[-79.530526,40.82317],[-79.531235,40.827047],[-79.531183,40.833046],[-79.530863,40.835894],[-79.529196,40.841428],[-79.527324,40.844049],[-79.525182,40.845615],[-79.499766,40.855894],[-79.492554,40.858469],[-79.488085,40.860637],[-79.485609,40.862318],[-79.48189,40.866551],[-79.480338,40.871532],[-79.480874,40.875071],[-79.485729,40.885198],[-79.48648,40.887522],[-79.486367,40.889986],[-79.483507,40.893084],[-79.499641,40.893147],[-79.565988,40.893741],[-79.614529,40.894085],[-79.611516,40.888441],[-79.60909,40.88328],[-79.611198,40.856939],[-79.601401,40.805679],[-79.624858,40.80564],[-79.692362,40.806402],[-79.692124,40.813416],[-79.691875,40.835571],[-79.691696,40.875072],[-79.691271,40.895995],[-79.689925,40.957667],[-79.689997,40.999892],[-79.690081,41.005935],[-79.690192,41.046708],[-79.690173,41.063194],[-79.690272,41.103252],[-79.689542,41.121651],[-79.688778,41.133429],[-79.688705,41.147175],[-79.689332,41.169471],[-79.69235,41.172028],[-79.694984,41.172865],[-79.700581,41.175059],[-79.699333,41.178603],[-79.700333,41.18179],[-79.697242,41.184614],[-79.69419,41.184066],[-79.690563,41.181483],[-79.686761,41.182145],[-79.683877,41.184379],[-79.679839,41.183223],[-79.676143,41.184912],[-79.67309,41.184704],[-79.672912,41.183013],[-79.670125,41.183116],[-79.670213,41.184544],[-79.665368,41.189024],[-79.670614,41.193166],[-79.666519,41.196491],[-79.668892,41.199075],[-79.649628,41.217912],[-79.649956,41.223456],[-79.650108,41.24472],[-79.650394,41.253709],[-79.632875,41.253599],[-79.63271,41.266919],[-79.627726,41.266907],[-79.627561,41.277183],[-79.60461,41.277072],[-79.604609,41.291342],[-79.604298,41.318717],[-79.604161,41.321478],[-79.598099,41.321372],[-79.554664,41.321032],[-79.541474,41.321008],[-79.54143,41.335951],[-79.534251,41.335852],[-79.480525,41.335649],[-79.47814,41.335708],[-79.477944,41.354754],[-79.477822,41.386479],[-79.472611,41.38656],[-79.455902,41.38648],[-79.410927,41.38653],[-79.400439,41.386579],[-79.400389,41.40343],[-79.400548,41.412945],[-79.400269,41.436145],[-79.369201,41.436264],[-79.357586,41.436241],[-79.357653,41.432432],[-79.351971,41.432495],[-79.332312,41.432277],[-79.238227,41.431343],[-79.225297,41.431044],[-79.214829,41.431132],[-79.207196,41.430922],[-79.207072,41.417541],[-79.207872,41.395312],[-79.208147,41.372488],[-79.208708,41.334954],[-79.208878,41.331861],[-79.209263,41.304653],[-79.209167,41.292557],[-79.209258,41.281979],[-79.209458,41.278399],[-79.209526,41.263426],[-79.209775,41.249947],[-79.209748,41.234648],[-79.209962,41.206458],[-79.209957,41.198692],[-79.210198,41.173663],[-79.210526,41.150859],[-79.210872,41.133087],[-79.210859,41.125156],[-79.211181,41.112337],[-79.211216,41.088558],[-79.21132,41.078737],[-79.214494,41.078775],[-79.21521,41.051388],[-79.215201,41.048933],[-79.210197,41.049091],[-79.210507,41.04072],[-79.21139,41.008402],[-79.212097,40.986824],[-79.21236,40.9733],[-79.212638,40.966483],[-79.212545,40.960527],[-79.213719,40.951831],[-79.215706,40.94005],[-79.215466,40.939112],[-79.215446,40.915901],[-79.215303,40.913884],[-79.215204,40.84864],[-79.215024,40.838301],[-79.214901,40.788506],[-79.215235,40.776016],[-79.220589,40.770189],[-79.238295,40.751417],[-79.2413,40.74856],[-79.262889,40.725731],[-79.276935,40.711054],[-79.289841,40.697271],[-79.320413,40.664937],[-79.337576,40.646696]]]},"properties":{"district":"063","name":"State House District 63"}},{"type":"Feature","geometry":{"type":"Polygon","coordinates":[[[-75.152893,39.932208],[-75.14617,39.931321],[-75.145702,39.933438],[-75.137318,39.932808],[-75.136071,39.932487],[-75.135527,39.92916],[-75.134484,39.926168],[-75.128253,39.913164],[-75.128537,39.909095],[-75.130054,39.90239],[-75.131363,39.899138],[-75.134696,39.894614],[-75.137296,39.889966],[-75.140108,39.888192],[-75.143746,39.884998],[-75.147366,39.883921],[-75.150653,39.883504],[-75.162872,39.882649],[-75.174539,39.88236],[-75.175672,39.88837],[-75.176344,39.893949],[-75.174918,39.898603],[-75.173557,39.905048],[-75.173481,39.906941],[-75.169499,39.925531],[-75.16764,39.93415],[-75.152893,39.932208]]]},"properties":{"district":"184","name":"State House District 184"}},{"type":"Feature","geometry":{"type":"Polygon","coordinates":[[[-79.477822,41.386479],[-79.477944,41.354754],[-79.47814,41.335708],[-79.480525,41.335649],[-79.534251,41.335852],[-79.54143,41.335951],[-79.541474,41.321008],[-79.554664,41.321032],[-79.598099,41.321372],[-79.604161,41.321478],[-79.604298,41.318717],[-79.604609,41.291342],[-79.60461,41.277072],[-79.627561,41.277183],[-79.627726,41.266907],[-79.63271,41.266919],[-79.632875,41.253599],[-79.650394,41.253709],[-79.650108,41.24472],[-79.649956,41.223456],[-79.649628,41.217912],[-79.668892,41.199075],[-79.666519,41.196491],[-79.670614,41.193166],[-79.665368,41.189024],[-79.670213,41.184544],[-79.670125,41.183116],[-79.672912,41.183013],[-79.67309,41.184704],[-79.676143,41.184912],[-79.679839,41.183223],[-79.683877,41.184379],[-79.686761,41.182145],[-79.690563,41.181483],[-79.69419,41.184066],[-79.697242,41.184614],[-79.700333,41.18179],[-79.699333,41.178603],[-79.700581,41.175059],[-79.694984,41.172865],[-79.718819,41.172646],[-79.735041,41.17267],[-79.760872,41.172851],[-79.77933,41.172876],[-79.803429,41.173123],[-79.806762,41.172894],[-79.814298,41.173134],[-79.824481,41.173122],[-79.869293,41.172741],[-79.906424,41.17212],[-79.921722,41.172041],[-79.95929,41.171657],[-79.983039,41.171826],[-79.987505,41.171952],[-79.999779,41.171861],[-79.999204,41.197092],[-79.999779,41.211829],[-79.99978,41.264469],[-79.999777,41.34144],[-79.999781,41.387206],[-79.999781,41.435203],[-79.999779,41.490049],[-79.99873,41.490092],[-79.998488,41.500948],[-79.986365,41.500633],[-79.981779,41.500156],[-79.981452,41.5129],[-79.965332,41.512859],[-79.95816,41.513624],[-79.959179,41.525353],[-79.955278,41.525467],[-79.942227,41.525348],[-79.943296,41.537837],[-79.92334,41.537596],[-79.925369,41.550208],[-79.909471,41.550149],[-79.908478,41.562176],[-79.892891,41.562157],[-79.892719,41.573751],[-79.892552,41.574146],[-79.877171,41.574242],[-79.877141,41.577121],[-79.87642,41.586226],[-79.876211,41.600521],[-79.873457,41.611896],[-79.874153,41.623935],[-79.884516,41.624185],[-79.89655,41.624145],[-79.898985,41.655692],[-79.900196,41.681337],[-79.902049,41.707476],[-79.907892,41.712107],[-79.902101,41.713185],[-79.886208,41.710921],[-79.86439,41.71426],[-79.847748,41.714262],[-79.84753,41.714104],[-79.80693,41.713343],[-79.794662,41.714251],[-79.791359,41.714263],[-79.792027,41.727106],[-79.772325,41.728175],[-79.772254,41.726232],[-79.758914,41.726041],[-79.758948,41.73091],[-79.755091,41.730798],[-79.75494,41.73604],[-79.746237,41.736003],[-79.745804,41.748431],[-79.769609,41.748764],[-79.770899,41.758133],[-79.771415,41.77461],[-79.760042,41.774379],[-79.738919,41.774366],[-79.729823,41.774531],[-79.72051,41.774261],[-79.692804,41.774317],[-79.66301,41.774241],[-79.612601,41.774578],[-79.612772,41.750056],[-79.612986,41.701059],[-79.612556,41.694464],[-79.612883,41.684886],[-79.612883,41.677411],[-79.612551,41.63043],[-79.613147,41.623863],[-79.575057,41.62412],[-79.556811,41.62435],[-79.51207,41.624559],[-79.511604,41.55631],[-79.51122,41.500418],[-79.511345,41.500059],[-79.512276,41.46524],[-79.522024,41.465219],[-79.521599,41.440554],[-79.499769,41.440391],[-79.478163,41.440134],[-79.477971,41.390411],[-79.477822,41.386479]]]},"properties":{"district":"064","name":"State House District 64"}},{"type":"Feature","geometry":{"type":"Polygon","coordinates":[[[-75.316531,39.850012],[-75.314732,39.857212],[-75.31318,39.86493],[-75.314266,39.868323],[-75.313796,39.869641],[-75.30706,39.873887],[-75.304976,39.876229],[-75.301152,39.877359],[-75.298319,39.876792],[-75.297313,39.875204],[-75.295483,39.875314],[-75.293459,39.877466],[-75.288386,39.880858],[-75.287947,39.880454],[-75.28196,39.881573],[-75.279951,39.880848],[-75.276398,39.880686],[-75.274795,39.877413],[-75.272485,39.876715],[-75.269685,39.879155],[-75.267702,39.879715],[-75.262387,39.883446],[-75.264602,39.884737],[-75.264276,39.888401],[-75.262692,39.888343],[-75.261743,39.891774],[-75.259112,39.892436],[-75.256662,39.894848],[-75.257389,39.895704],[-75.255095,39.898666],[-75.255597,39.899596],[-75.251288,39.904403],[-75.255559,39.906524],[-75.254689,39.908463],[-75.255322,39.909654],[-75.259841,39.909578],[-75.260043,39.913519],[-75.254116,39.912373],[-75.252872,39.91712],[-75.248248,39.916423],[-75.246308,39.917176],[-75.244935,39.91545],[-75.242762,39.91669],[-75.234991,39.922169],[-75.236884,39.92376],[-75.233099,39.926452],[-75.231876,39.925434],[-75.228243,39.928352],[-75.227309,39.927571],[-75.222696,39.930808],[-75.223302,39.931315],[-75.206072,39.935371],[-75.208706,39.931531],[-75.211253,39.928519],[-75.212428,39.92523],[-75.21079,39.922095],[-75.208526,39.921033],[-75.203396,39.921007],[-75.2017,39.919834],[-75.192494,39.921266],[-75.184044,39.922846],[-75.183295,39.923575],[-75.182479,39.927269],[-75.17897,39.926829],[-75.17767,39.92539],[-75.177982,39.923951],[-75.169499,39.925531],[-75.173481,39.906941],[-75.173557,39.905048],[-75.174918,39.898603],[-75.176344,39.893949],[-75.175672,39.88837],[-75.174539,39.88236],[-75.183956,39.881885],[-75.187889,39.881095],[-75.192738,39.879006],[-75.195361,39.877276],[-75.199857,39.873222],[-75.204087,39.871204],[-75.221371,39.861543],[-75.228634,39.85856],[-75.234718,39.856732],[-75.246149,39.853982],[-75.257146,39.851829],[-75.272202,39.849076],[-75.293376,39.848782],[-75.300122,39.849248],[-75.309674,39.850178],[-75.316531,39.850012]]]},"properties":{"district":"185","name":"State House District 185"}},{"type":"Feature","geometry":{"type":"Polygon","coordinates":[[[-79.208878,41.331861],[-79.208708,41.334954],[-79.208147,41.372488],[-79.207872,41.395312],[-79.207072,41.417541],[-79.207196,41.430922],[-79.214829,41.431132],[-79.225297,41.431044],[-79.238227,41.431343],[-79.332312,41.432277],[-79.351971,41.432495],[-79.357653,41.432432],[-79.357586,41.436241],[-79.369201,41.436264],[-79.400269,41.436145],[-79.400548,41.412945],[-79.400389,41.40343],[-79.400439,41.386579],[-79.410927,41.38653],[-79.455902,41.38648],[-79.472611,41.38656],[-79.477822,41.386479],[-79.477971,41.390411],[-79.478163,41.440134],[-79.499769,41.440391],[-79.521599,41.440554],[-79.522024,41.465219],[-79.512276,41.46524],[-79.511345,41.500059],[-79.51122,41.500418],[-79.511604,41.55631],[-79.51207,41.624559],[-79.556811,41.62435],[-79.575057,41.62412],[-79.613147,41.623863],[-79.612551,41.63043],[-79.612883,41.677411],[-79.612883,41.684886],[-79.612556,41.694464],[-79.612986,41.701059],[-79.612772,41.750056],[-79.612601,41.774578],[-79.66301,41.774241],[-79.692804,41.774317],[-79.72051,41.774261],[-79.729823,41.774531],[-79.738919,41.774366],[-79.760042,41.774379],[-79.771415,41.77461],[-79.770899,41.758133],[-79.769609,41.748764],[-79.745804,41.748431],[-79.746237,41.736003],[-79.75494,41.73604],[-79.755091,41.730798],[-79.758948,41.73091],[-79.758914,41.726041],[-79.772254,41.726232],[-79.772325,41.728175],[-79.792027,41.727106],[-79.791359,41.714263],[-79.794662,41.714251],[-79.80693,41.713343],[-79.84753,41.714104],[-79.847748,41.714262],[-79.86439,41.71426],[-79.886208,41.710921],[-79.902101,41.713185],[-79.907892,41.712107],[-79.902049,41.707476],[-79.900196,41.681337],[-79.919443,41.676785],[-79.937039,41.675822],[-79.953952,41.675298],[-79.970506,41.675541],[-79.98818,41.673831],[-80.010232,41.672619],[-80.032163,41.67182],[-80.032922,41.671625],[-80.057927,41.670911],[-80.057792,41.66888],[-80.079854,41.668811],[-80.09787,41.669223],[-80.104768,41.668853],[-80.118107,41.668543],[-80.126612,41.668767],[-80.12619,41.674266],[-80.139757,41.674174],[-80.13984,41.679259],[-80.14898,41.67931],[-80.171896,41.684224],[-80.170778,41.687486],[-80.166839,41.691514],[-80.164721,41.691965],[-80.162151,41.693872],[-80.15422,41.692485],[-80.151554,41.692742],[-80.147685,41.695225],[-80.146129,41.698165],[-80.146537,41.701628],[-80.145282,41.706907],[-80.146375,41.710969],[-80.146086,41.713479],[-80.147444,41.715489],[-80.151757,41.71922],[-80.151725,41.720646],[-80.150193,41.721956],[-80.149404,41.724237],[-80.151016,41.727207],[-80.150749,41.730945],[-80.145814,41.734907],[-80.144204,41.736765],[-80.139743,41.739365],[-80.13837,41.741454],[-80.134044,41.742835],[-80.132818,41.742139],[-80.126399,41.742146],[-80.123554,41.74315],[-80.121467,41.74667],[-80.121246,41.750078],[-80.120494,41.751187],[-80.116182,41.752083],[-80.11281,41.755176],[-80.112605,41.757933],[-80.115674,41.761707],[-80.124179,41.761935],[-80.167966,41.762116],[-80.168059,41.75203],[-80.1968,41.752268],[-80.250226,41.753243],[-80.269043,41.753485],[-80.26846,41.771759],[-80.267849,41.813757],[-80.26698,41.849469],[-80.250596,41.849461],[-80.231005,41.84913],[-80.206545,41.849045],[-80.146496,41.849039],[-80.087646,41.84985],[-80.053974,41.849856],[-80.024721,41.850089],[-80.012902,41.850319],[-80.011094,41.850196],[-79.936327,41.850391],[-79.915917,41.850678],[-79.87477,41.850804],[-79.844139,41.850844],[-79.842873,41.850917],[-79.798553,41.851108],[-79.782512,41.851087],[-79.76203,41.85091],[-79.734843,41.85106],[-79.71084,41.851454],[-79.690186,41.851277],[-79.680353,41.851524],[-79.656481,41.850998],[-79.648295,41.851047],[-79.612071,41.850328],[-79.611973,41.875056],[-79.611473,41.882956],[-79.611179,41.904746],[-79.611073,41.936458],[-79.610849,41.962885],[-79.610846,41.975369],[-79.610648,41.989537],[-79.610837,41.998757],[-79.510993,41.998364],[-79.464315,41.99841],[-79.445574,41.998505],[-79.411731,41.998404],[-79.394057,41.998608],[-79.342342,41.998933],[-79.314273,41.998705],[-79.256394,41.998835],[-79.179522,41.999531],[-79.158438,41.99967],[-79.130219,41.999572],[-79.05247,41.999387],[-78.961378,41.998707],[-78.918896,41.998119],[-78.91896,41.993193],[-78.918481,41.95294],[-78.9155,41.952948],[-78.916538,41.892153],[-78.917057,41.861821],[-78.916004,41.861812],[-78.915642,41.840896],[-78.921544,41.840882],[-78.921408,41.830919],[-78.948612,41.830481],[-78.951644,41.751199],[-78.95192,41.735696],[-78.954022,41.685876],[-78.954687,41.664225],[-78.954669,41.640244],[-78.955489,41.640215],[-78.956138,41.623334],[-78.956646,41.601797],[-78.957418,41.579222],[-78.957397,41.576019],[-78.957969,41.546079],[-78.95849,41.531027],[-78.95879,41.515708],[-78.958825,41.506547],[-78.959128,41.500115],[-78.959064,41.488013],[-78.958957,41.437061],[-78.976657,41.436963],[-78.976658,41.451761],[-79.011781,41.452384],[-79.06352,41.453207],[-79.065154,41.423194],[-79.093588,41.423286],[-79.094729,41.375113],[-79.095017,41.367767],[-79.094762,41.366107],[-79.095096,41.340658],[-79.099659,41.342587],[-79.102751,41.342365],[-79.104977,41.341526],[-79.107231,41.336407],[-79.104484,41.331309],[-79.105885,41.326703],[-79.107254,41.325957],[-79.111898,41.325016],[-79.11525,41.325766],[-79.117118,41.32772],[-79.120763,41.329102],[-79.123898,41.330956],[-79.128435,41.334928],[-79.132186,41.338959],[-79.134964,41.340689],[-79.137896,41.34176],[-79.139791,41.341431],[-79.141555,41.338996],[-79.145318,41.335305],[-79.148233,41.331657],[-79.154733,41.32865],[-79.157123,41.328635],[-79.159026,41.3294],[-79.162436,41.331828],[-79.163096,41.333404],[-79.162441,41.336244],[-79.159928,41.339945],[-79.160612,41.34183],[-79.162724,41.343214],[-79.166027,41.343932],[-79.168087,41.343094],[-79.169167,41.339649],[-79.166646,41.332131],[-79.166906,41.330478],[-79.170359,41.32674],[-79.173308,41.325299],[-79.175572,41.326959],[-79.176172,41.332174],[-79.17514,41.335969],[-79.176513,41.337346],[-79.179638,41.339168],[-79.18466,41.33899],[-79.187005,41.33731],[-79.186781,41.333738],[-79.186065,41.331138],[-79.18618,41.328523],[-79.188002,41.326678],[-79.191952,41.324274],[-79.195959,41.324706],[-79.19729,41.325811],[-79.202506,41.32679],[-79.204542,41.328483],[-79.206052,41.330934],[-79.208878,41.331861]]]},"properties":{"district":"065","name":"State House District 65"}},{"type":"Feature","geometry":{"type":"Polygon","coordinates":[[[-75.188299,39.946409],[-75.187251,39.945559],[-75.180611,39.944631],[-75.180624,39.943641],[-75.177374,39.943231],[-75.177761,39.941461],[-75.171125,39.940626],[-75.170955,39.941404],[-75.166204,39.940813],[-75.16764,39.93415],[-75.169499,39.925531],[-75.177982,39.923951],[-75.17767,39.92539],[-75.17897,39.926829],[-75.182479,39.927269],[-75.183295,39.923575],[-75.184044,39.922846],[-75.192494,39.921266],[-75.2017,39.919834],[-75.203396,39.921007],[-75.208526,39.921033],[-75.21079,39.922095],[-75.212428,39.92523],[-75.211253,39.928519],[-75.208706,39.931531],[-75.206072,39.935371],[-75.223302,39.931315],[-75.223219,39.933389],[-75.228358,39.9377],[-75.22548,39.939725],[-75.226886,39.940907],[-75.223455,39.94331],[-75.222753,39.941654],[-75.217614,39.93733],[-75.216718,39.937956],[-75.214301,39.936654],[-75.21065,39.939199],[-75.205578,39.937111],[-75.205005,39.941804],[-75.203156,39.943591],[-75.19979,39.943825],[-75.195944,39.942392],[-75.193985,39.942154],[-75.191495,39.943153],[-75.188299,39.946409]]]},"properties":{"district":"186","name":"State House District 186"}},{"type":"Feature","geometry":{"type":"Polygon","coordinates":[[[-78.846607,40.635605],[-78.851994,40.638022],[-78.865668,40.642959],[-78.878402,40.647047],[-78.885742,40.647442],[-78.891767,40.645711],[-78.89722,40.64327],[-78.904284,40.641174],[-78.905181,40.640344],[-78.907679,40.6407],[-78.920391,40.648642],[-78.929637,40.654262],[-78.961589,40.674272],[-78.973803,40.682043],[-78.98241,40.687322],[-78.989285,40.691822],[-78.994385,40.693895],[-78.99544,40.694904],[-79.007089,40.702338],[-79.018803,40.709515],[-79.020098,40.705711],[-79.023273,40.701829],[-79.028234,40.693818],[-79.041566,40.671097],[-79.053977,40.650424],[-79.065468,40.648664],[-79.070194,40.650922],[-79.073905,40.650378],[-79.077616,40.649296],[-79.08913,40.646838],[-79.089224,40.665435],[-79.089658,40.670105],[-79.09687,40.670138],[-79.097418,40.670697],[-79.111333,40.670144],[-79.132083,40.670512],[-79.135194,40.67023],[-79.15823,40.670407],[-79.156441,40.672436],[-79.182229,40.672359],[-79.180067,40.676484],[-79.173365,40.688314],[-79.155363,40.720689],[-79.15474,40.721585],[-79.130531,40.765122],[-79.150246,40.767623],[-79.186406,40.772333],[-79.215235,40.776016],[-79.214901,40.788506],[-79.215024,40.838301],[-79.215204,40.84864],[-79.215303,40.913884],[-79.215446,40.915901],[-79.215466,40.939112],[-79.215706,40.94005],[-79.213719,40.951831],[-79.212545,40.960527],[-79.212638,40.966483],[-79.21236,40.9733],[-79.212097,40.986824],[-79.21139,41.008402],[-79.210507,41.04072],[-79.210197,41.049091],[-79.215201,41.048933],[-79.21521,41.051388],[-79.214494,41.078775],[-79.21132,41.078737],[-79.211216,41.088558],[-79.211181,41.112337],[-79.210859,41.125156],[-79.210872,41.133087],[-79.210526,41.150859],[-79.210198,41.173663],[-79.209957,41.198692],[-79.209962,41.206458],[-79.209748,41.234648],[-79.209775,41.249947],[-79.209526,41.263426],[-79.209458,41.278399],[-79.209258,41.281979],[-79.209167,41.292557],[-79.209263,41.304653],[-79.208878,41.331861],[-79.206052,41.330934],[-79.204542,41.328483],[-79.202506,41.32679],[-79.19729,41.325811],[-79.195959,41.324706],[-79.191952,41.324274],[-79.188002,41.326678],[-79.18618,41.328523],[-79.186065,41.331138],[-79.186781,41.333738],[-79.187005,41.33731],[-79.18466,41.33899],[-79.179638,41.339168],[-79.176513,41.337346],[-79.17514,41.335969],[-79.176172,41.332174],[-79.175572,41.326959],[-79.173308,41.325299],[-79.170359,41.32674],[-79.166906,41.330478],[-79.166646,41.332131],[-79.169167,41.339649],[-79.168087,41.343094],[-79.166027,41.343932],[-79.162724,41.343214],[-79.160612,41.34183],[-79.159928,41.339945],[-79.162441,41.336244],[-79.163096,41.333404],[-79.162436,41.331828],[-79.159026,41.3294],[-79.157123,41.328635],[-79.154733,41.32865],[-79.148233,41.331657],[-79.145318,41.335305],[-79.141555,41.338996],[-79.139791,41.341431],[-79.137896,41.34176],[-79.134964,41.340689],[-79.132186,41.338959],[-79.128435,41.334928],[-79.123898,41.330956],[-79.120763,41.329102],[-79.117118,41.32772],[-79.11525,41.325766],[-79.111898,41.325016],[-79.107254,41.325957],[-79.105885,41.326703],[-79.104484,41.331309],[-79.107231,41.336407],[-79.104977,41.341526],[-79.102751,41.342365],[-79.099659,41.342587],[-79.095096,41.340658],[-79.091606,41.340953],[-79.088977,41.343506],[-79.086918,41.346261],[-79.081126,41.352691],[-79.076706,41.354249],[-79.072122,41.353437],[-79.068859,41.351336],[-79.066239,41.350381],[-79.063025,41.350151],[-79.058335,41.35094],[-79.052215,41.351122],[-79.048492,41.352054],[-79.046106,41.35386],[-79.039961,41.356676],[-79.036952,41.357597],[-79.033622,41.357744],[-79.027786,41.357205],[-79.025942,41.355342],[-79.022469,41.352828],[-79.022063,41.351444],[-79.020329,41.350494],[-79.017425,41.350092],[-79.016354,41.350999],[-79.015227,41.355647],[-79.014053,41.357634],[-79.009048,41.359371],[-79.003817,41.359017],[-79.00227,41.359654],[-78.999504,41.362487],[-78.998505,41.36454],[-78.992688,41.368616],[-78.987084,41.368234],[-78.984994,41.366978],[-78.981548,41.367753],[-78.978686,41.370015],[-78.978102,41.371712],[-78.974478,41.375476],[-78.971904,41.376565],[-78.969807,41.375896],[-78.967194,41.372929],[-78.966544,41.370932],[-78.96328,41.369789],[-78.959446,41.371144],[-78.959157,41.362161],[-78.908628,41.339881],[-78.874754,41.324961],[-78.811964,41.296864],[-78.749774,41.26952],[-78.73528,41.262915],[-78.739101,41.253768],[-78.738952,41.24677],[-78.738214,41.230672],[-78.710059,41.230243],[-78.710248,41.201859],[-78.749069,41.202449],[-78.766377,41.202759],[-78.778326,41.180523],[-78.78119,41.174786],[-78.796762,41.146268],[-78.804532,41.132186],[-78.804608,41.119643],[-78.804552,41.090762],[-78.804041,41.018191],[-78.804251,41.001777],[-78.80405,40.996814],[-78.804047,40.951814],[-78.804562,40.927022],[-78.805103,40.908433],[-78.806007,40.872561],[-78.806406,40.861618],[-78.806363,40.845035],[-78.806495,40.799042],[-78.806598,40.780303],[-78.806425,40.765767],[-78.806416,40.749182],[-78.806274,40.729742],[-78.803291,40.72882],[-78.802286,40.724618],[-78.799226,40.7171],[-78.808862,40.721062],[-78.826686,40.68175],[-78.842251,40.645543],[-78.846607,40.635605]]]},"properties":{"district":"066","name":"State House District 66"}},{"type":"Feature","geometry":{"type":"Polygon","coordinates":[[[-75.608985,40.787387],[-75.605459,40.780783],[-75.604665,40.775777],[-75.60659,40.773007],[-75.606659,40.771319],[-75.604525,40.768815],[-75.606916,40.768617],[-75.605689,40.758537],[-75.607802,40.758156],[-75.608608,40.759728],[-75.609288,40.764366],[-75.60783,40.766033],[-75.609236,40.768431],[-75.616582,40.769663],[-75.619258,40.770419],[-75.619279,40.771579],[-75.621692,40.772226],[-75.621517,40.770248],[-75.618136,40.769234],[-75.616974,40.760795],[-75.614299,40.760211],[-75.613566,40.758423],[-75.61047,40.757756],[-75.611084,40.754542],[-75.624458,40.751414],[-75.619977,40.741021],[-75.602896,40.745641],[-75.601038,40.744371],[-75.597602,40.74461],[-75.592558,40.736127],[-75.590206,40.734463],[-75.587902,40.733887],[-75.580552,40.734725],[-75.605102,40.702113],[-75.608501,40.699461],[-75.624309,40.689135],[-75.638591,40.679682],[-75.633067,40.671811],[-75.655992,40.670282],[-75.676576,40.668514],[-75.678633,40.67154],[-75.714826,40.662506],[-75.644889,40.597599],[-75.638919,40.603205],[-75.632939,40.60096],[-75.631539,40.598985],[-75.630807,40.59475],[-75.628442,40.588832],[-75.624086,40.579345],[-75.622707,40.57748],[-75.618707,40.573391],[-75.609001,40.558642],[-75.617782,40.554739],[-75.620785,40.551244],[-75.621873,40.546055],[-75.621965,40.543313],[-75.622761,40.541598],[-75.62561,40.539825],[-75.62739,40.539483],[-75.638438,40.540672],[-75.63646,40.538079],[-75.631544,40.536778],[-75.631763,40.532805],[-75.627739,40.527191],[-75.609994,40.539436],[-75.589243,40.553361],[-75.585073,40.556299],[-75.577428,40.561077],[-75.569101,40.566963],[-75.566111,40.568497],[-75.551391,40.578808],[-75.537728,40.570475],[-75.530304,40.565393],[-75.523386,40.561156],[-75.519524,40.558305],[-75.51313,40.554379],[-75.501434,40.546841],[-75.505689,40.54352],[-75.508787,40.540525],[-75.510119,40.541249],[-75.513039,40.53988],[-75.516896,40.541904],[-75.518629,40.540355],[-75.520143,40.540179],[-75.518788,40.5371],[-75.515541,40.535311],[-75.515094,40.537111],[-75.513065,40.537441],[-75.514701,40.534858],[-75.5244,40.526399],[-75.535739,40.516906],[-75.543071,40.510324],[-75.542949,40.509357],[-75.540566,40.508204],[-75.540853,40.505479],[-75.543261,40.505314],[-75.545268,40.507015],[-75.547858,40.505745],[-75.562444,40.493034],[-75.571496,40.484786],[-75.579274,40.478007],[-75.579503,40.478057],[-75.635963,40.514105],[-75.652229,40.524347],[-75.674921,40.53897],[-75.694308,40.551149],[-75.701751,40.556035],[-75.721575,40.56855],[-75.738038,40.579105],[-75.742807,40.581945],[-75.777416,40.603763],[-75.778921,40.604462],[-75.806369,40.621708],[-75.811959,40.625093],[-75.825604,40.633863],[-75.840816,40.644007],[-75.849513,40.64994],[-75.857841,40.655223],[-75.891473,40.67727],[-75.889207,40.678343],[-75.854809,40.693192],[-75.844663,40.693001],[-75.842905,40.693541],[-75.830132,40.698568],[-75.826765,40.700073],[-75.807789,40.707492],[-75.796518,40.717034],[-75.782931,40.72306],[-75.779682,40.725022],[-75.77769,40.729534],[-75.770292,40.729938],[-75.765947,40.730926],[-75.757807,40.735414],[-75.744863,40.740309],[-75.743585,40.743462],[-75.739309,40.744155],[-75.734112,40.748789],[-75.732208,40.751644],[-75.7286,40.753915],[-75.702418,40.76224],[-75.702365,40.763259],[-75.694621,40.770186],[-75.688105,40.772116],[-75.67683,40.774906],[-75.672771,40.775723],[-75.609303,40.787461],[-75.608985,40.787387]]]},"properties":{"district":"187","name":"State House District 187"}},{"type":"Feature","geometry":{"type":"Polygon","coordinates":[[[-78.956138,41.623334],[-78.955489,41.640215],[-78.954669,41.640244],[-78.954687,41.664225],[-78.954022,41.685876],[-78.95192,41.735696],[-78.951644,41.751199],[-78.948612,41.830481],[-78.921408,41.830919],[-78.921544,41.840882],[-78.915642,41.840896],[-78.916004,41.861812],[-78.917057,41.861821],[-78.916538,41.892153],[-78.9155,41.952948],[-78.918481,41.95294],[-78.91896,41.993193],[-78.918896,41.998119],[-78.888701,41.997871],[-78.857359,41.997705],[-78.816677,41.99801],[-78.780336,41.998076],[-78.69881,41.998634],[-78.622876,41.999975],[-78.541753,41.999845],[-78.505645,41.999924],[-78.487728,41.999825],[-78.456634,41.999765],[-78.428779,41.99981],[-78.385545,41.999608],[-78.344828,41.999449],[-78.307072,41.999187],[-78.272898,41.999111],[-78.245831,41.999327],[-78.195126,41.999569],[-78.176888,42.000021],[-78.144757,42.000314],[-78.122131,42.000358],[-78.093436,42.000066],[-78.04042,41.999419],[-77.981471,41.998955],[-77.940354,41.99847],[-77.894351,41.998207],[-77.822937,41.998296],[-77.7132,41.998839],[-77.707863,41.998796],[-77.648719,41.999473],[-77.610027,41.999368],[-77.609355,41.976502],[-77.609159,41.961249],[-77.607916,41.924291],[-77.6078,41.91802],[-77.606709,41.875069],[-77.606,41.8402],[-77.605943,41.833001],[-77.604519,41.759952],[-77.603862,41.744573],[-77.602473,41.683636],[-77.600935,41.616037],[-77.599278,41.542271],[-77.599474,41.537244],[-77.599109,41.527539],[-77.598972,41.509943],[-77.598606,41.500117],[-77.598129,41.478576],[-77.623616,41.478378],[-77.624708,41.478213],[-77.642434,41.478243],[-77.733664,41.477585],[-77.741845,41.477467],[-77.74971,41.477597],[-77.761424,41.477447],[-77.772327,41.477521],[-77.781503,41.477308],[-77.787808,41.477361],[-77.828289,41.476982],[-77.832494,41.476794],[-77.861292,41.476199],[-77.897419,41.475912],[-77.921679,41.475868],[-77.952137,41.475605],[-77.967407,41.475345],[-77.989194,41.474822],[-77.988959,41.457546],[-77.988661,41.421098],[-77.988601,41.396243],[-77.988462,41.388499],[-77.988587,41.371717],[-77.988786,41.367453],[-77.990391,41.364928],[-78.005474,41.342643],[-78.008238,41.338913],[-78.013264,41.331022],[-78.024618,41.314948],[-78.033606,41.301986],[-78.043541,41.28798],[-78.048922,41.280792],[-78.052182,41.275741],[-78.062425,41.260965],[-78.068478,41.252843],[-78.075666,41.242161],[-78.093381,41.216931],[-78.139305,41.221299],[-78.188241,41.225994],[-78.222971,41.229195],[-78.236831,41.230187],[-78.236817,41.230475],[-78.235774,41.250154],[-78.235664,41.258041],[-78.234602,41.298796],[-78.234675,41.323413],[-78.254382,41.323584],[-78.254266,41.356877],[-78.254331,41.375101],[-78.253959,41.404721],[-78.286294,41.404722],[-78.293666,41.404664],[-78.328718,41.404862],[-78.354908,41.40486],[-78.371251,41.404985],[-78.374816,41.404887],[-78.420028,41.405046],[-78.419869,41.420036],[-78.419566,41.473724],[-78.421154,41.473845],[-78.420156,41.499024],[-78.420218,41.527926],[-78.420161,41.544047],[-78.418431,41.543954],[-78.418408,41.557155],[-78.419618,41.580502],[-78.420498,41.601874],[-78.482909,41.60233],[-78.483815,41.631481],[-78.556943,41.629039],[-78.599641,41.627582],[-78.676016,41.624973],[-78.74462,41.625172],[-78.815237,41.624249],[-78.814971,41.622673],[-78.891274,41.623042],[-78.956138,41.623334]]]},"properties":{"district":"067","name":"State House District 67"}},{"type":"Feature","geometry":{"type":"Polygon","coordinates":[[[-75.180223,39.954472],[-75.181663,39.951509],[-75.183288,39.949512],[-75.188299,39.946409],[-75.191495,39.943153],[-75.193985,39.942154],[-75.195944,39.942392],[-75.19979,39.943825],[-75.203156,39.943591],[-75.205005,39.941804],[-75.205578,39.937111],[-75.21065,39.939199],[-75.214301,39.936654],[-75.216718,39.937956],[-75.217614,39.93733],[-75.222753,39.941654],[-75.223455,39.94331],[-75.22469,39.945425],[-75.228342,39.946167],[-75.230947,39.944336],[-75.234321,39.942741],[-75.236424,39.942646],[-75.240052,39.945917],[-75.238476,39.953485],[-75.230323,39.952475],[-75.229999,39.953996],[-75.226224,39.953528],[-75.224868,39.960005],[-75.180223,39.954472]]]},"properties":{"district":"188","name":"State House District 188"}},{"type":"Feature","geometry":{"type":"Polygon","coordinates":[[[-77.599278,41.542271],[-77.600935,41.616037],[-77.602473,41.683636],[-77.603862,41.744573],[-77.604519,41.759952],[-77.605943,41.833001],[-77.606,41.8402],[-77.606709,41.875069],[-77.6078,41.91802],[-77.607916,41.924291],[-77.609159,41.961249],[-77.609355,41.976502],[-77.610027,41.999368],[-77.562856,41.999606],[-77.511961,42.000077],[-77.456577,42.000162],[-77.425094,42.000072],[-77.395826,42.000071],[-77.375126,41.999964],[-77.305328,41.999715],[-77.294174,41.999741],[-77.239408,41.999601],[-77.203828,41.999713],[-77.183146,41.999673],[-77.179116,41.999761],[-77.161419,41.999605],[-77.126942,41.999799],[-77.103252,41.999833],[-77.01919,42.000608],[-76.965791,42.001114],[-76.927059,42.001575],[-76.888758,42.001878],[-76.833997,42.001991],[-76.77225,42.001814],[-76.749675,42.001689],[-76.638109,42.000722],[-76.635773,41.950788],[-76.633706,41.906947],[-76.554838,41.909162],[-76.556052,41.891431],[-76.555469,41.888455],[-76.554714,41.881409],[-76.55428,41.873148],[-76.551242,41.827031],[-76.549827,41.812757],[-76.548672,41.794537],[-76.520683,41.795542],[-76.494186,41.809516],[-76.489434,41.806689],[-76.486058,41.805472],[-76.483029,41.804928],[-76.480454,41.805692],[-76.477564,41.805586],[-76.47291,41.804112],[-76.470745,41.80293],[-76.469438,41.801034],[-76.465196,41.800059],[-76.460562,41.800907],[-76.45803,41.800563],[-76.450938,41.797931],[-76.447509,41.796024],[-76.444766,41.79391],[-76.44279,41.791207],[-76.440039,41.786544],[-76.438929,41.783025],[-76.438775,41.780591],[-76.440485,41.778543],[-76.441235,41.78188],[-76.443251,41.785488],[-76.455877,41.779011],[-76.453858,41.776965],[-76.455927,41.775868],[-76.453627,41.773352],[-76.453067,41.756617],[-76.450948,41.75752],[-76.441113,41.757809],[-76.440966,41.761122],[-76.441568,41.762784],[-76.441541,41.765953],[-76.438758,41.762972],[-76.436838,41.76024],[-76.433559,41.754201],[-76.428763,41.749633],[-76.423386,41.747851],[-76.416636,41.725115],[-76.403401,41.680955],[-76.439564,41.650172],[-76.493444,41.604166],[-76.469545,41.561501],[-76.509303,41.564709],[-76.604046,41.572492],[-76.694374,41.579883],[-76.742911,41.583768],[-76.792686,41.587821],[-76.837771,41.592559],[-76.874668,41.596667],[-76.877943,41.592564],[-76.878331,41.590546],[-76.882886,41.588375],[-76.88916,41.58656],[-76.890679,41.586777],[-76.893619,41.585753],[-76.896659,41.585919],[-76.898226,41.584563],[-76.903236,41.582983],[-76.907547,41.582269],[-76.908432,41.581463],[-76.913472,41.581696],[-76.917435,41.582703],[-76.919551,41.581049],[-76.922171,41.581037],[-76.925005,41.576211],[-76.925494,41.572384],[-76.92657,41.571091],[-76.929935,41.570408],[-76.932962,41.568992],[-76.936605,41.568819],[-76.938227,41.569408],[-76.943077,41.569323],[-76.947461,41.567987],[-76.949141,41.56653],[-76.952391,41.56505],[-76.955703,41.561458],[-76.958586,41.559083],[-76.961375,41.557947],[-76.963117,41.556128],[-76.963249,41.554772],[-76.959993,41.55403],[-76.960479,41.551371],[-77.010631,41.549822],[-77.022645,41.549606],[-77.093566,41.547784],[-77.117183,41.547134],[-77.14505,41.546573],[-77.16934,41.546273],[-77.170378,41.546171],[-77.257144,41.54462],[-77.26559,41.54456],[-77.284989,41.544118],[-77.294782,41.544104],[-77.298505,41.54439],[-77.337869,41.544081],[-77.400096,41.544031],[-77.505494,41.543121],[-77.54727,41.542874],[-77.599278,41.542271]]]},"properties":{"district":"068","name":"State House District 68"}},{"type":"Feature","geometry":{"type":"Polygon","coordinates":[[[-75.120232,40.968702],[-75.12831,40.95964],[-75.129232,40.95893],[-75.14513,40.951584],[-75.152935,40.949311],[-75.160833,40.948442],[-75.169463,40.948015],[-75.176836,40.945523],[-75.178073,40.94032],[-75.187531,40.937131],[-75.195536,40.936337],[-75.217003,40.928397],[-75.234955,40.954735],[-75.249631,40.973778],[-75.241488,40.976546],[-75.233275,40.978984],[-75.229303,40.981298],[-75.222462,40.982746],[-75.215493,40.98246],[-75.215097,40.984286],[-75.213039,40.984495],[-75.21138,40.986242],[-75.208794,40.987698],[-75.21025,40.988888],[-75.212834,40.989676],[-75.216381,40.989666],[-75.218022,40.994025],[-75.220207,40.995463],[-75.228026,40.997004],[-75.229126,40.997465],[-75.231274,41.000119],[-75.232947,41.003119],[-75.226983,41.00699],[-75.222212,41.008109],[-75.218543,41.009622],[-75.211683,41.010531],[-75.208728,41.008069],[-75.204904,41.008959],[-75.20733,41.011583],[-75.208374,41.019869],[-75.208277,41.021525],[-75.206747,41.025535],[-75.208102,41.027958],[-75.207689,41.0304],[-75.210865,41.03484],[-75.21084,41.03596],[-75.208735,41.038232],[-75.214328,41.042885],[-75.215804,41.046308],[-75.220107,41.050052],[-75.219789,41.051653],[-75.216707,41.052907],[-75.214753,41.055361],[-75.214087,41.057904],[-75.215098,41.062569],[-75.218124,41.067025],[-75.225466,41.070807],[-75.223483,41.073358],[-75.192922,41.066108],[-75.179603,41.063032],[-75.12844,41.050811],[-75.127051,41.053955],[-75.122164,41.057627],[-75.115723,41.060667],[-75.114958,41.062146],[-75.1148,41.071245],[-75.114305,41.072708],[-75.104222,41.080854],[-75.103025,41.082253],[-75.103081,41.084505],[-75.104757,41.087462],[-75.104797,41.088835],[-75.103059,41.091351],[-75.099602,41.094913],[-75.097239,41.102068],[-75.098633,41.104339],[-75.098361,41.106165],[-75.094631,41.112285],[-75.09393,41.119142],[-75.092951,41.121359],[-75.083581,41.138177],[-75.082677,41.141715],[-75.105993,41.144201],[-75.156507,41.150341],[-75.151392,41.170059],[-75.147879,41.182216],[-75.129721,41.252101],[-75.1157,41.293661],[-75.045649,41.289947],[-74.973195,41.285723],[-74.879691,41.279334],[-74.838762,41.276472],[-74.84044,41.271984],[-74.842177,41.269586],[-74.846455,41.262413],[-74.844883,41.25813],[-74.846367,41.253978],[-74.847547,41.252248],[-74.849617,41.251114],[-74.855669,41.250131],[-74.857756,41.248422],[-74.861117,41.243645],[-74.862051,41.241023],[-74.862334,41.237431],[-74.866173,41.232693],[-74.867574,41.229169],[-74.867437,41.22742],[-74.864544,41.224433],[-74.860837,41.222318],[-74.859323,41.220507],[-74.859473,41.218773],[-74.863326,41.213283],[-74.868978,41.206118],[-74.874793,41.197239],[-74.878198,41.190469],[-74.879025,41.186511],[-74.882331,41.180821],[-74.886147,41.176742],[-74.889988,41.173217],[-74.898542,41.167444],[-74.900738,41.165189],[-74.902819,41.159425],[-74.905256,41.155668],[-74.916708,41.144833],[-74.921096,41.14157],[-74.922627,41.139112],[-74.924469,41.13753],[-74.931146,41.133734],[-74.939156,41.13108],[-74.941453,41.130961],[-74.944498,41.129974],[-74.946695,41.12804],[-74.947714,41.126292],[-74.94719,41.12441],[-74.948112,41.123192],[-74.952164,41.120777],[-74.958456,41.117907],[-74.963233,41.114676],[-74.967045,41.113741],[-74.970476,41.113874],[-74.97359,41.113186],[-74.979985,41.110507],[-74.982,41.10849],[-74.983955,41.104309],[-74.98713,41.099972],[-74.989612,41.095027],[-74.991387,41.093155],[-74.992015,41.090395],[-74.991013,41.088578],[-74.988263,41.088222],[-74.984782,41.088545],[-74.981314,41.08986],[-74.976889,41.09318],[-74.972036,41.095562],[-74.969434,41.096074],[-74.967464,41.095327],[-74.966815,41.092521],[-74.967408,41.090117],[-74.969123,41.086803],[-74.970987,41.085293],[-74.98259,41.079172],[-74.989332,41.078319],[-74.994847,41.076556],[-75.00078,41.07321],[-75.006564,41.067782],[-75.011507,41.067619],[-75.013469,41.065941],[-75.016597,41.059235],[-75.017129,41.056623],[-75.021228,41.051237],[-75.025364,41.047694],[-75.02739,41.044106],[-75.026161,41.041701],[-75.026847,41.039731],[-75.031274,41.038519],[-75.036351,41.035975],[-75.040106,41.032735],[-75.042702,41.031257],[-75.047557,41.029689],[-75.053655,41.026389],[-75.059116,41.024179],[-75.070532,41.01862],[-75.074999,41.01713],[-75.081101,41.016838],[-75.084495,41.01592],[-75.085483,41.01475],[-75.088402,41.013129],[-75.093523,41.009442],[-75.100682,41.006716],[-75.109113,41.004102],[-75.110595,41.002174],[-75.123423,40.996129],[-75.127196,40.993954],[-75.130575,40.991093],[-75.131726,40.987939],[-75.13153,40.984914],[-75.132522,40.981235],[-75.135521,40.976865],[-75.135531,40.973803],[-75.134701,40.972038],[-75.13136,40.969276],[-75.129074,40.968976],[-75.122603,40.970152],[-75.120232,40.968702]]]},"properties":{"district":"189","name":"State House District 189"}},{"type":"Feature","geometry":{"type":"Polygon","coordinates":[[[-79.392459,39.721578],[-79.390359,39.723778],[-79.389459,39.727078],[-79.390559,39.729878],[-79.392659,39.732678],[-79.395459,39.733878],[-79.397659,39.733378],[-79.401959,39.734178],[-79.406159,39.733578],[-79.409959,39.734978],[-79.408859,39.741077],[-79.407959,39.741977],[-79.404359,39.742977],[-79.398259,39.742577],[-79.394058,39.743277],[-79.393658,39.745677],[-79.395958,39.750377],[-79.397758,39.751777],[-79.399658,39.754377],[-79.399858,39.755577],[-79.398358,39.758477],[-79.388958,39.761377],[-79.386258,39.761877],[-79.384258,39.763977],[-79.380458,39.766177],[-79.378658,39.768877],[-79.379358,39.772177],[-79.380258,39.773177],[-79.391658,39.777977],[-79.395358,39.782477],[-79.392958,39.784277],[-79.389258,39.784077],[-79.384558,39.782277],[-79.382058,39.783477],[-79.381058,39.788477],[-79.380058,39.790077],[-79.376157,39.789177],[-79.370157,39.785777],[-79.361657,39.783677],[-79.359857,39.781877],[-79.356757,39.781477],[-79.354457,39.782477],[-79.352357,39.784477],[-79.351257,39.786577],[-79.351557,39.787677],[-79.354357,39.788477],[-79.358257,39.788077],[-79.362557,39.788477],[-79.365257,39.790077],[-79.368257,39.795877],[-79.368949,39.798266],[-79.368849,39.801458],[-79.366188,39.803692],[-79.363957,39.806777],[-79.365505,39.813753],[-79.365125,39.815329],[-79.365695,39.820546],[-79.36678,39.82225],[-79.371601,39.827076],[-79.375163,39.827976],[-79.381233,39.826876],[-79.383035,39.828216],[-79.38305,39.830027],[-79.381507,39.833589],[-79.381138,39.835589],[-79.381956,39.836861],[-79.385198,39.838377],[-79.389589,39.839636],[-79.391266,39.840657],[-79.393658,39.843476],[-79.400944,39.846094],[-79.403458,39.847476],[-79.409782,39.849298],[-79.413258,39.851676],[-79.415758,39.852576],[-79.417285,39.854451],[-79.409125,39.874659],[-79.398718,39.900628],[-79.387624,39.915696],[-79.391562,39.919504],[-79.383957,39.924494],[-79.382249,39.926846],[-79.383282,39.92756],[-79.378258,39.933135],[-79.378303,39.936651],[-79.372884,39.936522],[-79.356005,39.958164],[-79.35412,39.958064],[-79.35416,39.960673],[-79.346969,39.970112],[-79.342538,39.976303],[-79.342585,39.982056],[-79.338466,39.982014],[-79.330768,39.992946],[-79.322786,40.003496],[-79.309927,40.019229],[-79.302801,40.0285],[-79.296316,40.036514],[-79.293884,40.040446],[-79.288578,40.041775],[-79.285602,40.045073],[-79.285661,40.047081],[-79.28431,40.048246],[-79.278101,40.050479],[-79.278766,40.055537],[-79.276659,40.058445],[-79.273019,40.06155],[-79.271351,40.064238],[-79.267166,40.06601],[-79.267947,40.06938],[-79.267739,40.074268],[-79.264387,40.078668],[-79.258671,40.080273],[-79.257439,40.085249],[-79.256137,40.08834],[-79.246398,40.09371],[-79.243013,40.09227],[-79.240122,40.092513],[-79.240087,40.094708],[-79.23662,40.096541],[-79.234624,40.09622],[-79.230896,40.09743],[-79.226672,40.09825],[-79.225649,40.100695],[-79.22262,40.104171],[-79.220864,40.112737],[-79.217166,40.114575],[-79.213791,40.117991],[-79.210774,40.118903],[-79.205189,40.11656],[-79.20295,40.114926],[-79.202579,40.117003],[-79.201019,40.118099],[-79.196564,40.118454],[-79.196872,40.115951],[-79.195368,40.113329],[-79.192161,40.110267],[-79.190086,40.10951],[-79.185222,40.109848],[-79.182927,40.111436],[-79.182832,40.11312],[-79.181156,40.113885],[-79.180987,40.115714],[-79.174249,40.120604],[-79.173348,40.121998],[-79.171956,40.126351],[-79.168611,40.127636],[-79.167626,40.128783],[-79.167393,40.132327],[-79.165795,40.136289],[-79.165825,40.138691],[-79.163407,40.14061],[-79.162123,40.14331],[-79.163195,40.146297],[-79.162316,40.149466],[-79.162754,40.154062],[-79.160494,40.156884],[-79.16121,40.159838],[-79.160925,40.161141],[-79.157724,40.160445],[-79.153914,40.16089],[-79.149768,40.160373],[-79.146624,40.161297],[-79.145398,40.162313],[-79.140702,40.163307],[-79.140049,40.165736],[-79.141286,40.169684],[-79.141065,40.173058],[-79.141907,40.176224],[-79.143361,40.178616],[-79.143306,40.179889],[-79.140379,40.180088],[-79.135904,40.178723],[-79.134393,40.178722],[-79.129653,40.180924],[-79.128186,40.182873],[-79.126744,40.183281],[-79.125963,40.184999],[-79.127549,40.186769],[-79.12446,40.191923],[-79.123814,40.193949],[-79.125397,40.197105],[-79.1257,40.200701],[-79.1225,40.201665],[-79.121942,40.203138],[-79.116239,40.203753],[-79.1146,40.205039],[-79.114053,40.206703],[-79.114286,40.210258],[-79.112457,40.211455],[-79.110431,40.21146],[-79.107929,40.213026],[-79.106957,40.215789],[-79.103003,40.218231],[-79.103534,40.220142],[-79.100286,40.222344],[-79.101458,40.223789],[-79.09867,40.226097],[-79.098412,40.228417],[-79.100153,40.231149],[-79.099013,40.232078],[-79.095946,40.23261],[-79.09503,40.233633],[-79.094907,40.236485],[-79.090506,40.240845],[-79.086174,40.242665],[-79.086734,40.245342],[-79.084894,40.246193],[-79.082472,40.250074],[-79.07925,40.251172],[-79.078059,40.25256],[-79.078084,40.25484],[-79.07957,40.257928],[-79.076638,40.260307],[-79.075827,40.262484],[-79.073699,40.264811],[-79.073523,40.266727],[-79.06976,40.270068],[-79.067963,40.272471],[-79.065384,40.273717],[-79.059378,40.275767],[-79.056646,40.278604],[-79.056211,40.280993],[-79.056645,40.282921],[-79.056053,40.284861],[-79.015853,40.285414],[-79.007536,40.285266],[-78.981767,40.285439],[-78.927109,40.284733],[-78.927693,40.283086],[-78.926459,40.279911],[-78.924794,40.278488],[-78.922491,40.277866],[-78.915449,40.276873],[-78.911106,40.276597],[-78.907375,40.27543],[-78.902054,40.274791],[-78.89623,40.271588],[-78.894403,40.268489],[-78.897059,40.264497],[-78.896749,40.262732],[-78.894019,40.261062],[-78.892609,40.257756],[-78.892033,40.253004],[-78.890868,40.249744],[-78.887067,40.247168],[-78.881892,40.242067],[-78.881017,40.239993],[-78.882567,40.237893],[-78.887107,40.23849],[-78.888531,40.24106],[-78.890049,40.242381],[-78.891743,40.242502],[-78.893407,40.239263],[-78.892585,40.236019],[-78.896573,40.230739],[-78.898253,40.226959],[-78.899961,40.226315],[-78.902109,40.227707],[-78.90465,40.227525],[-78.906109,40.223266],[-78.905473,40.221806],[-78.903767,40.221264],[-78.899192,40.221595],[-78.896248,40.221033],[-78.896668,40.218043],[-78.898621,40.215577],[-78.901283,40.214944],[-78.905286,40.212281],[-78.908809,40.211924],[-78.910433,40.208984],[-78.91178,40.208312],[-78.917029,40.208581],[-78.919406,40.209693],[-78.92168,40.209974],[-78.92817,40.196632],[-78.924348,40.195511],[-78.918701,40.195018],[-78.912333,40.19195],[-78.911389,40.19055],[-78.910909,40.187884],[-78.908785,40.185167],[-78.907799,40.18205],[-78.907951,40.179176],[-78.906154,40.175837],[-78.906267,40.174647],[-78.908211,40.171687],[-78.898637,40.168886],[-78.879244,40.17258],[-78.863333,40.170716],[-78.854833,40.177086],[-78.852752,40.176033],[-78.851663,40.173466],[-78.848495,40.171606],[-78.847824,40.170041],[-78.847098,40.165512],[-78.845627,40.163785],[-78.843836,40.162999],[-78.839826,40.163601],[-78.838013,40.164752],[-78.836858,40.167013],[-78.833804,40.167224],[-78.832169,40.165949],[-78.830638,40.162164],[-78.827818,40.160147],[-78.827697,40.158033],[-78.829345,40.156136],[-78.830063,40.154054],[-78.826042,40.153234],[-78.823559,40.151653],[-78.818537,40.149404],[-78.818188,40.1483],[-78.811503,40.14953],[-78.804197,40.148391],[-78.800785,40.145905],[-78.798185,40.145556],[-78.794244,40.143733],[-78.78668,40.144562],[-78.784673,40.146976],[-78.783585,40.146893],[-78.782613,40.149666],[-78.781268,40.150938],[-78.780529,40.154179],[-78.776192,40.156637],[-78.773782,40.155269],[-78.772136,40.155208],[-78.771108,40.157111],[-78.767142,40.16137],[-78.768397,40.162492],[-78.766563,40.164659],[-78.766226,40.166378],[-78.764507,40.168139],[-78.762089,40.167666],[-78.759405,40.167912],[-78.758481,40.169064],[-78.75436,40.168788],[-78.752193,40.167408],[-78.750125,40.167351],[-78.748619,40.168895],[-78.706306,40.144784],[-78.721151,40.111858],[-78.72285,40.107803],[-78.739847,40.069571],[-78.752016,40.074917],[-78.763206,40.057005],[-78.763017,40.036468],[-78.763037,40.014721],[-78.761617,40.014491],[-78.761384,40.003157],[-78.761165,40.000938],[-78.760986,39.986758],[-78.760241,39.953421],[-78.759714,39.935329],[-78.759199,39.910941],[-78.759325,39.906893],[-78.758923,39.891316],[-78.758552,39.882771],[-78.75844,39.875049],[-78.758013,39.866601],[-78.758238,39.86327],[-78.75774,39.838787],[-78.757241,39.823484],[-78.765441,39.799684],[-78.767041,39.795384],[-78.769241,39.791384],[-78.771541,39.789184],[-78.785055,39.763957],[-78.79145,39.751567],[-78.793067,39.747826],[-78.795736,39.744182],[-78.796851,39.741153],[-78.801871,39.73456],[-78.803854,39.730677],[-78.808387,39.722911],[-78.857815,39.72298],[-78.914851,39.722825],[-78.99072,39.722561],[-79.045548,39.722883],[-79.084496,39.722483],[-79.12475,39.722482],[-79.174751,39.72228],[-79.200753,39.722081],[-79.224653,39.72198],[-79.262095,39.721971],[-79.313456,39.721979],[-79.379359,39.721616],[-79.392459,39.721578]]]},"properties":{"district":"069","name":"State House District 69"}},{"type":"Feature","geometry":{"type":"Polygon","coordinates":[[[-75.227462,40.000746],[-75.210619,40.008652],[-75.205771,40.011629],[-75.203107,40.010138],[-75.193212,40.006927],[-75.189698,40.008779],[-75.186537,40.009831],[-75.179692,40.007898],[-75.180335,40.009611],[-75.182127,40.011578],[-75.178103,40.014339],[-75.183103,40.018604],[-75.181189,40.019914],[-75.182447,40.020997],[-75.179954,40.023065],[-75.181668,40.025657],[-75.178141,40.022595],[-75.170096,40.015723],[-75.169046,40.012763],[-75.166731,40.009601],[-75.16175,40.008967],[-75.161891,40.014042],[-75.158479,40.015754],[-75.155725,40.016382],[-75.153849,40.015891],[-75.151207,40.017114],[-75.149586,40.016932],[-75.153782,39.997718],[-75.154588,39.993938],[-75.170767,39.996036],[-75.171173,39.994165],[-75.174372,39.994494],[-75.174615,39.993359],[-75.179248,39.993963],[-75.179584,39.992463],[-75.181527,39.991177],[-75.181875,39.989583],[-75.186713,39.990215],[-75.189961,39.975403],[-75.193724,39.975285],[-75.204314,39.974117],[-75.203722,39.970929],[-75.208646,39.972158],[-75.208227,39.970015],[-75.21264,39.969536],[-75.220578,39.968067],[-75.220456,39.967089],[-75.22786,39.966191],[-75.230171,39.978794],[-75.233959,39.980374],[-75.239042,39.98195],[-75.23724,39.98484],[-75.229219,39.986431],[-75.229911,39.987936],[-75.229017,39.989747],[-75.225699,39.989626],[-75.225668,39.996142],[-75.227462,40.000746]]]},"properties":{"district":"190","name":"State House District 190"}},{"type":"Feature","geometry":{"type":"Polygon","coordinates":[[[-75.260043,39.913519],[-75.264884,39.914798],[-75.264039,39.918313],[-75.268223,39.918798],[-75.275311,39.923225],[-75.270738,39.925164],[-75.272253,39.926758],[-75.271791,39.928201],[-75.27326,39.931534],[-75.255151,39.939896],[-75.247208,39.943904],[-75.250118,39.94697],[-75.251376,39.949065],[-75.251643,39.951954],[-75.249234,39.955429],[-75.249006,39.956907],[-75.25085,39.959099],[-75.248546,39.960269],[-75.247688,39.962817],[-75.238785,39.961715],[-75.240449,39.953733],[-75.238476,39.953485],[-75.240052,39.945917],[-75.236424,39.942646],[-75.234321,39.942741],[-75.230947,39.944336],[-75.228342,39.946167],[-75.22469,39.945425],[-75.223455,39.94331],[-75.226886,39.940907],[-75.22548,39.939725],[-75.228358,39.9377],[-75.223219,39.933389],[-75.223302,39.931315],[-75.222696,39.930808],[-75.227309,39.927571],[-75.228243,39.928352],[-75.231876,39.925434],[-75.233099,39.926452],[-75.236884,39.92376],[-75.234991,39.922169],[-75.242762,39.91669],[-75.244935,39.91545],[-75.246308,39.917176],[-75.248248,39.916423],[-75.252872,39.91712],[-75.254116,39.912373],[-75.260043,39.913519]]]},"properties":{"district":"191","name":"State House District 191"}},{"type":"Feature","geometry":{"type":"Polygon","coordinates":[[[-75.490078,40.224544],[-75.476838,40.238066],[-75.470617,40.244559],[-75.479682,40.249596],[-75.466056,40.259961],[-75.470341,40.259454],[-75.471745,40.262332],[-75.469534,40.263849],[-75.470023,40.266514],[-75.466928,40.267766],[-75.465476,40.265402],[-75.4644,40.261204],[-75.459194,40.265055],[-75.430802,40.248697],[-75.430412,40.249099],[-75.422311,40.244372],[-75.420179,40.246454],[-75.385776,40.226369],[-75.369466,40.216865],[-75.355792,40.229202],[-75.330051,40.213766],[-75.318852,40.20755],[-75.305175,40.199793],[-75.293214,40.193145],[-75.308442,40.177995],[-75.302808,40.174468],[-75.290258,40.167033],[-75.275892,40.15831],[-75.280205,40.15397],[-75.281331,40.15227],[-75.286726,40.147098],[-75.288348,40.145002],[-75.28849,40.14125],[-75.287294,40.136982],[-75.298153,40.143159],[-75.316659,40.124794],[-75.329801,40.132669],[-75.344533,40.141754],[-75.365128,40.120954],[-75.362251,40.119223],[-75.365479,40.116401],[-75.360455,40.116169],[-75.355662,40.115172],[-75.349342,40.112536],[-75.346892,40.111097],[-75.347487,40.109508],[-75.350844,40.109426],[-75.355581,40.111049],[-75.360929,40.11339],[-75.367678,40.11474],[-75.370504,40.116234],[-75.377865,40.117908],[-75.380134,40.118115],[-75.387944,40.117868],[-75.382727,40.123415],[-75.376696,40.129046],[-75.379936,40.130982],[-75.378326,40.132649],[-75.386721,40.140061],[-75.389799,40.142263],[-75.376196,40.155902],[-75.410849,40.176201],[-75.426048,40.185465],[-75.426399,40.185808],[-75.44979,40.200144],[-75.45245,40.201643],[-75.458736,40.202082],[-75.462401,40.205258],[-75.460638,40.206972],[-75.468898,40.212015],[-75.490078,40.224544]]]},"properties":{"district":"070","name":"State House District 70"}},{"type":"Feature","geometry":{"type":"Polygon","coordinates":[[[-78.706306,40.144784],[-78.748619,40.168895],[-78.750125,40.167351],[-78.752193,40.167408],[-78.75436,40.168788],[-78.758481,40.169064],[-78.759405,40.167912],[-78.762089,40.167666],[-78.764507,40.168139],[-78.766226,40.166378],[-78.766563,40.164659],[-78.768397,40.162492],[-78.767142,40.16137],[-78.771108,40.157111],[-78.772136,40.155208],[-78.773782,40.155269],[-78.776192,40.156637],[-78.780529,40.154179],[-78.781268,40.150938],[-78.782613,40.149666],[-78.783585,40.146893],[-78.784673,40.146976],[-78.78668,40.144562],[-78.794244,40.143733],[-78.798185,40.145556],[-78.800785,40.145905],[-78.804197,40.148391],[-78.811503,40.14953],[-78.818188,40.1483],[-78.818537,40.149404],[-78.823559,40.151653],[-78.826042,40.153234],[-78.830063,40.154054],[-78.829345,40.156136],[-78.827697,40.158033],[-78.827818,40.160147],[-78.830638,40.162164],[-78.832169,40.165949],[-78.833804,40.167224],[-78.836858,40.167013],[-78.838013,40.164752],[-78.839826,40.163601],[-78.843836,40.162999],[-78.845627,40.163785],[-78.847098,40.165512],[-78.847824,40.170041],[-78.848495,40.171606],[-78.851663,40.173466],[-78.852752,40.176033],[-78.854833,40.177086],[-78.863333,40.170716],[-78.879244,40.17258],[-78.898637,40.168886],[-78.908211,40.171687],[-78.906267,40.174647],[-78.906154,40.175837],[-78.907951,40.179176],[-78.907799,40.18205],[-78.908785,40.185167],[-78.910909,40.187884],[-78.911389,40.19055],[-78.912333,40.19195],[-78.918701,40.195018],[-78.924348,40.195511],[-78.92817,40.196632],[-78.92168,40.209974],[-78.919406,40.209693],[-78.917029,40.208581],[-78.91178,40.208312],[-78.910433,40.208984],[-78.908809,40.211924],[-78.905286,40.212281],[-78.901283,40.214944],[-78.898621,40.215577],[-78.896668,40.218043],[-78.896248,40.221033],[-78.899192,40.221595],[-78.903767,40.221264],[-78.905473,40.221806],[-78.906109,40.223266],[-78.90465,40.227525],[-78.902109,40.227707],[-78.899961,40.226315],[-78.898253,40.226959],[-78.896573,40.230739],[-78.892585,40.236019],[-78.893407,40.239263],[-78.891743,40.242502],[-78.890049,40.242381],[-78.888531,40.24106],[-78.887107,40.23849],[-78.882567,40.237893],[-78.881017,40.239993],[-78.881892,40.242067],[-78.887067,40.247168],[-78.890868,40.249744],[-78.892033,40.253004],[-78.892609,40.257756],[-78.894019,40.261062],[-78.896749,40.262732],[-78.897059,40.264497],[-78.894403,40.268489],[-78.89623,40.271588],[-78.902054,40.274791],[-78.907375,40.27543],[-78.911106,40.276597],[-78.915449,40.276873],[-78.922491,40.277866],[-78.924794,40.278488],[-78.926459,40.279911],[-78.927693,40.283086],[-78.927109,40.284733],[-78.924399,40.286816],[-78.923145,40.289139],[-78.924179,40.290439],[-78.929783,40.291592],[-78.927028,40.293129],[-78.921073,40.291527],[-78.920426,40.295587],[-78.917362,40.29217],[-78.912954,40.290285],[-78.910507,40.289702],[-78.908274,40.292204],[-78.906224,40.291389],[-78.904948,40.293453],[-78.898824,40.292214],[-78.891412,40.291745],[-78.889705,40.297237],[-78.889992,40.2994],[-78.893346,40.301669],[-78.899434,40.299377],[-78.901883,40.301044],[-78.902275,40.304918],[-78.899345,40.308866],[-78.897049,40.306345],[-78.894264,40.304222],[-78.891912,40.306618],[-78.888233,40.309196],[-78.882739,40.310684],[-78.882381,40.313102],[-78.895943,40.313125],[-78.898619,40.315129],[-78.895995,40.320737],[-78.876613,40.318931],[-78.858989,40.312355],[-78.838973,40.329496],[-78.823023,40.342507],[-78.812454,40.351979],[-78.800865,40.362],[-78.798774,40.36685],[-78.786093,40.370404],[-78.783874,40.36831],[-78.787545,40.367313],[-78.786881,40.363878],[-78.784163,40.360674],[-78.784301,40.35876],[-78.782563,40.356442],[-78.782745,40.354613],[-78.785675,40.352513],[-78.78652,40.34959],[-78.785601,40.348859],[-78.779066,40.34961],[-78.775165,40.34841],[-78.77445,40.346023],[-78.775606,40.345057],[-78.774356,40.342627],[-78.770791,40.340277],[-78.77037,40.338485],[-78.767033,40.33504],[-78.763483,40.333361],[-78.757757,40.333958],[-78.753794,40.333887],[-78.745241,40.330959],[-78.743827,40.329373],[-78.740196,40.327772],[-78.737713,40.325972],[-78.736494,40.326033],[-78.732447,40.323504],[-78.731097,40.321138],[-78.72703,40.318581],[-78.719321,40.31978],[-78.71742,40.320659],[-78.713527,40.323783],[-78.710919,40.324132],[-78.715052,40.336657],[-78.744712,40.400375],[-78.751801,40.417007],[-78.751806,40.422844],[-78.727232,40.42799],[-78.723224,40.428343],[-78.710427,40.424955],[-78.703331,40.432604],[-78.697426,40.433458],[-78.684304,40.473207],[-78.67538,40.483467],[-78.674739,40.485207],[-78.675296,40.497529],[-78.673374,40.505204],[-78.684323,40.51172],[-78.684232,40.51498],[-78.685446,40.518392],[-78.6835,40.521626],[-78.682484,40.522083],[-78.678539,40.525667],[-78.677765,40.527469],[-78.67792,40.530904],[-78.679153,40.532483],[-78.678141,40.536586],[-78.674328,40.544675],[-78.673073,40.549317],[-78.670893,40.549492],[-78.668677,40.550897],[-78.667115,40.558789],[-78.661796,40.559566],[-78.660845,40.558542],[-78.658832,40.560752],[-78.656107,40.561252],[-78.655517,40.563947],[-78.653934,40.565337],[-78.651667,40.565527],[-78.650137,40.566846],[-78.648056,40.570977],[-78.647363,40.573895],[-78.646057,40.575829],[-78.646993,40.577078],[-78.644479,40.578927],[-78.646735,40.581131],[-78.648483,40.582023],[-78.648937,40.586343],[-78.647516,40.588043],[-78.645075,40.588433],[-78.64826,40.591265],[-78.647902,40.593284],[-78.652673,40.598362],[-78.649749,40.60018],[-78.648365,40.59918],[-78.644808,40.601375],[-78.642156,40.601612],[-78.641098,40.60343],[-78.643269,40.604375],[-78.647081,40.607253],[-78.649117,40.606295],[-78.650144,40.608046],[-78.648674,40.61052],[-78.650747,40.611193],[-78.653435,40.614048],[-78.653107,40.615596],[-78.650088,40.618681],[-78.648734,40.618669],[-78.646421,40.620488],[-78.647197,40.624057],[-78.648656,40.623452],[-78.648399,40.627453],[-78.644081,40.627479],[-78.643959,40.632842],[-78.640538,40.632801],[-78.637494,40.633318],[-78.637383,40.635059],[-78.640347,40.635008],[-78.640284,40.638102],[-78.635548,40.638133],[-78.63675,40.639741],[-78.642109,40.641503],[-78.644243,40.639689],[-78.648389,40.639001],[-78.650894,40.640128],[-78.651602,40.642339],[-78.650906,40.643681],[-78.653311,40.644807],[-78.657479,40.643733],[-78.660638,40.644516],[-78.660348,40.647025],[-78.661418,40.64798],[-78.660962,40.651557],[-78.662056,40.653056],[-78.66401,40.658004],[-78.663686,40.659848],[-78.664469,40.661391],[-78.663459,40.666784],[-78.665471,40.672969],[-78.666754,40.674022],[-78.667548,40.677536],[-78.668763,40.678274],[-78.669156,40.680852],[-78.670588,40.683863],[-78.673667,40.685545],[-78.672893,40.686644],[-78.67397,40.688038],[-78.672331,40.689735],[-78.672128,40.693091],[-78.671311,40.695826],[-78.672538,40.698508],[-78.675754,40.698765],[-78.681153,40.703283],[-78.679248,40.706616],[-78.678973,40.708093],[-78.67964,40.710918],[-78.681148,40.713639],[-78.686322,40.716774],[-78.686811,40.715965],[-78.690891,40.716728],[-78.691196,40.718129],[-78.688747,40.722385],[-78.6913,40.724321],[-78.635582,40.723066],[-78.569023,40.725642],[-78.529828,40.725919],[-78.472012,40.725499],[-78.413555,40.725329],[-78.402899,40.725239],[-78.348668,40.723443],[-78.384609,40.675945],[-78.408504,40.644333],[-78.412944,40.644521],[-78.417124,40.64535],[-78.42002,40.646909],[-78.423507,40.647486],[-78.428919,40.646768],[-78.432457,40.647756],[-78.436933,40.646661],[-78.43966,40.644806],[-78.442091,40.641357],[-78.440163,40.638158],[-78.440901,40.635281],[-78.440977,40.631784],[-78.441864,40.629869],[-78.446323,40.624164],[-78.441208,40.597239],[-78.447783,40.591659],[-78.449344,40.590298],[-78.452002,40.586116],[-78.45385,40.581249],[-78.476618,40.550674],[-78.479051,40.547307],[-78.486124,40.540838],[-78.493917,40.540398],[-78.497561,40.539163],[-78.511851,40.531439],[-78.518211,40.528802],[-78.522663,40.523258],[-78.530384,40.519144],[-78.539819,40.506293],[-78.540645,40.500565],[-78.541455,40.49707],[-78.544715,40.486682],[-78.544311,40.482791],[-78.542964,40.481008],[-78.540448,40.476387],[-78.541978,40.46974],[-78.544025,40.46595],[-78.548463,40.461854],[-78.549107,40.459285],[-78.551183,40.456654],[-78.557721,40.441563],[-78.552889,40.434783],[-78.560954,40.375031],[-78.561466,40.36967],[-78.602236,40.353629],[-78.602855,40.351702],[-78.608878,40.34349],[-78.615941,40.330131],[-78.618889,40.326471],[-78.619477,40.325729],[-78.625221,40.314302],[-78.636404,40.305506],[-78.639311,40.296715],[-78.642707,40.283071],[-78.651743,40.281524],[-78.643816,40.25914],[-78.658305,40.243235],[-78.66141,40.231104],[-78.676956,40.211207],[-78.698671,40.16145],[-78.706306,40.144784]]]},"properties":{"district":"071","name":"State House District 71"}},{"type":"Feature","geometry":{"type":"Polygon","coordinates":[[[-75.276482,39.976959],[-75.263687,39.982658],[-75.259476,39.984955],[-75.256119,39.987301],[-75.227462,40.000746],[-75.225668,39.996142],[-75.225699,39.989626],[-75.229017,39.989747],[-75.229911,39.987936],[-75.229219,39.986431],[-75.23724,39.98484],[-75.239042,39.98195],[-75.233959,39.980374],[-75.230171,39.978794],[-75.22786,39.966191],[-75.230058,39.967649],[-75.23361,39.967343],[-75.234224,39.964325],[-75.236162,39.964565],[-75.236587,39.962519],[-75.238785,39.961715],[-75.247688,39.962817],[-75.248056,39.964074],[-75.251603,39.965356],[-75.25414,39.965404],[-75.256686,39.963719],[-75.257994,39.963677],[-75.258797,39.965571],[-75.260491,39.966313],[-75.265448,39.965257],[-75.270002,39.967479],[-75.270422,39.968479],[-75.275606,39.970211],[-75.278609,39.972263],[-75.280266,39.974964],[-75.276482,39.976959]]]},"properties":{"district":"192","name":"State House District 192"}},{"type":"Feature","geometry":{"type":"Polygon","coordinates":[[[-76.957175,39.855741],[-76.96484,39.850772],[-76.974083,39.84966],[-76.978543,39.847727],[-76.983043,39.841353],[-76.990663,39.834348],[-76.997296,39.831586],[-76.998583,39.831385],[-77.003533,39.831028],[-77.008457,39.829765],[-77.010582,39.827568],[-77.013231,39.827224],[-77.015557,39.825023],[-77.024078,39.826875],[-77.026495,39.826895],[-77.03062,39.833132],[-77.033066,39.832522],[-77.035715,39.830494],[-77.036524,39.828776],[-77.038595,39.827671],[-77.043481,39.827842],[-77.046518,39.828948],[-77.050476,39.829229],[-77.052112,39.830138],[-77.056396,39.829524],[-77.058316,39.828778],[-77.060389,39.826218],[-77.063145,39.824037],[-77.066542,39.823804],[-77.069065,39.826371],[-77.0748,39.829888],[-77.076196,39.831488],[-77.078962,39.831665],[-77.077078,39.834423],[-77.077167,39.836719],[-77.078837,39.836793],[-77.079128,39.83898],[-77.075208,39.841569],[-77.073702,39.841751],[-77.071826,39.846711],[-77.072808,39.84846],[-77.071293,39.849055],[-77.070717,39.851183],[-77.069217,39.853616],[-77.066563,39.856515],[-77.066488,39.858658],[-77.067948,39.859599],[-77.070459,39.85786],[-77.073833,39.859148],[-77.073964,39.862275],[-77.072597,39.865613],[-77.073288,39.86821],[-77.072117,39.86933],[-77.069026,39.870275],[-77.066389,39.870387],[-77.065651,39.872391],[-77.067091,39.874108],[-77.071724,39.875308],[-77.074691,39.874559],[-77.076486,39.873251],[-77.079822,39.875779],[-77.078086,39.88096],[-77.070609,39.882129],[-77.068072,39.883333],[-77.066463,39.886488],[-77.06699,39.887938],[-77.069327,39.891042],[-77.074931,39.891301],[-77.075832,39.892722],[-77.082151,39.89255],[-77.083305,39.894686],[-77.08336,39.896559],[-77.085078,39.901413],[-77.086087,39.903059],[-77.085478,39.905822],[-77.086551,39.909922],[-77.085034,39.911468],[-77.084351,39.91405],[-77.090514,39.914177],[-77.091869,39.912286],[-77.093878,39.912013],[-77.094431,39.909297],[-77.093505,39.907959],[-77.095832,39.907013],[-77.097423,39.908004],[-77.099637,39.907436],[-77.10266,39.904568],[-77.104841,39.904568],[-77.107078,39.903622],[-77.116119,39.901513],[-77.119887,39.903559],[-77.122205,39.905404],[-77.125433,39.906379],[-77.126295,39.908063],[-77.128018,39.908621],[-77.132441,39.908204],[-77.140167,39.912303],[-77.140805,39.914768],[-77.147169,39.920895],[-77.148565,39.923463],[-77.150942,39.925164],[-77.153757,39.928953],[-77.175578,39.921855],[-77.189175,39.917124],[-77.208022,39.910877],[-77.207998,39.90888],[-77.222017,39.902376],[-77.219144,39.89883],[-77.227251,39.895109],[-77.225777,39.893524],[-77.229396,39.891128],[-77.228192,39.890231],[-77.247763,39.88156],[-77.263446,39.87315],[-77.28032,39.895665],[-77.291551,39.910849],[-77.29219,39.9162],[-77.293201,39.915874],[-77.300481,39.915739],[-77.303065,39.916863],[-77.306289,39.920806],[-77.311406,39.926254],[-77.305223,39.930932],[-77.300881,39.930831],[-77.294125,39.928736],[-77.294476,39.932047],[-77.296612,39.933717],[-77.301167,39.932932],[-77.30438,39.934511],[-77.307896,39.933866],[-77.310185,39.932424],[-77.313305,39.9326],[-77.317204,39.934423],[-77.318432,39.933931],[-77.32398,39.934255],[-77.327375,39.936388],[-77.330111,39.937075],[-77.33228,39.940336],[-77.335897,39.943345],[-77.338505,39.94394],[-77.341,39.945173],[-77.339642,39.947],[-77.342481,39.948827],[-77.346181,39.948468],[-77.34805,39.944963],[-77.353673,39.943444],[-77.354761,39.942811],[-77.376451,39.956487],[-77.387657,39.958971],[-77.394602,39.965145],[-77.421362,39.981294],[-77.471085,39.944077],[-77.470967,39.944274],[-77.454109,39.972432],[-77.459661,39.975477],[-77.461769,39.977695],[-77.465783,39.984436],[-77.467889,39.98577],[-77.470972,39.986845],[-77.474392,39.991937],[-77.478956,39.991755],[-77.484331,39.995584],[-77.487595,39.999041],[-77.489232,40.001333],[-77.49166,40.002468],[-77.49286,40.003807],[-77.495403,40.005145],[-77.499604,40.010248],[-77.500114,40.013446],[-77.504922,40.01878],[-77.509208,40.024934],[-77.507632,40.028386],[-77.509553,40.031148],[-77.512472,40.033768],[-77.514893,40.034378],[-77.516707,40.03673],[-77.518703,40.0382],[-77.519756,40.040468],[-77.519147,40.042445],[-77.517107,40.044359],[-77.518514,40.045625],[-77.521992,40.046582],[-77.526271,40.04568],[-77.527805,40.047292],[-77.532481,40.048749],[-77.531267,40.054205],[-77.530495,40.059232],[-77.531727,40.060063],[-77.532962,40.063124],[-77.533296,40.06603],[-77.532251,40.067125],[-77.534889,40.070272],[-77.541965,40.069875],[-77.53993,40.073937],[-77.540285,40.076765],[-77.54151,40.077501],[-77.545039,40.077601],[-77.545635,40.078429],[-77.541003,40.079685],[-77.541627,40.081182],[-77.543666,40.082243],[-77.542551,40.083907],[-77.546688,40.08593],[-77.543084,40.087195],[-77.543176,40.08979],[-77.545141,40.09049],[-77.548097,40.09013],[-77.550361,40.091173],[-77.550847,40.093215],[-77.553883,40.095883],[-77.557114,40.094535],[-77.560417,40.094256],[-77.561588,40.098335],[-77.559728,40.100671],[-77.547174,40.098443],[-77.53572,40.100696],[-77.533097,40.101789],[-77.527859,40.106457],[-77.519918,40.108367],[-77.509196,40.111975],[-77.502961,40.113553],[-77.495833,40.116359],[-77.489531,40.119519],[-77.483997,40.124151],[-77.44729,40.091992],[-77.441189,40.095274],[-77.421692,40.10773],[-77.413562,40.11248],[-77.409705,40.114353],[-77.384848,40.129188],[-77.367827,40.138518],[-77.356994,40.144592],[-77.351315,40.147379],[-77.336772,40.153084],[-77.319997,40.159901],[-77.312148,40.162277],[-77.302197,40.164311],[-77.281485,40.17324],[-77.273171,40.176678],[-77.252735,40.185954],[-77.247488,40.188823],[-77.242482,40.190632],[-77.241977,40.185719],[-77.242584,40.185399],[-77.236978,40.166848],[-77.218922,40.137472],[-77.213454,40.122859],[-77.21006,40.113755],[-77.204946,40.101594],[-77.187542,40.061137],[-77.177403,40.037434],[-77.173981,40.040779],[-77.162071,40.051697],[-77.155633,40.056667],[-77.137425,40.069945],[-77.134272,40.069168],[-77.127916,40.068689],[-77.123444,40.066193],[-77.11393,40.062627],[-77.112011,40.061446],[-77.106307,40.059759],[-77.104316,40.057957],[-77.098823,40.056225],[-77.09647,40.054953],[-77.092628,40.05392],[-77.089166,40.051555],[-77.085483,40.047489],[-77.080812,40.043222],[-77.078563,40.037868],[-77.072354,40.034009],[-77.070304,40.030182],[-77.068485,40.028872],[-77.060063,40.025934],[-77.056181,40.023438],[-77.046018,40.022295],[-77.04069,40.02132],[-77.033211,40.018724],[-77.028727,40.018248],[-77.026238,40.018378],[-77.021266,40.014942],[-77.018648,40.013947],[-77.010547,40.000481],[-76.992672,39.973197],[-76.986105,39.964382],[-76.969615,39.939897],[-76.966202,39.935192],[-76.967458,39.935331],[-76.969691,39.937333],[-76.972585,39.934187],[-76.97106,39.930955],[-76.971898,39.930001],[-76.971086,39.92776],[-76.972352,39.926141],[-76.971754,39.924491],[-76.969976,39.923818],[-76.970009,39.921251],[-76.967157,39.922105],[-76.966983,39.916183],[-76.971122,39.914937],[-76.972839,39.913861],[-76.972881,39.911081],[-76.975304,39.908718],[-76.979209,39.906104],[-76.981433,39.90542],[-76.980921,39.903449],[-76.983849,39.902057],[-76.984081,39.899494],[-76.982055,39.897396],[-76.983992,39.894731],[-76.98201,39.890949],[-76.980963,39.890011],[-76.980131,39.886555],[-76.977714,39.885798],[-76.978357,39.882151],[-76.973983,39.874365],[-76.972536,39.872914],[-76.96362,39.874017],[-76.962967,39.871704],[-76.962238,39.864835],[-76.95851,39.861193],[-76.954932,39.85685],[-76.957175,39.855741]]]},"properties":{"district":"193","name":"State House District 193"}},{"type":"Feature","geometry":{"type":"Polygon","coordinates":[[[-79.056053,40.284861],[-79.054807,40.289399],[-79.052232,40.289764],[-79.049771,40.293075],[-79.046251,40.296718],[-79.045047,40.299647],[-79.041695,40.302042],[-79.039369,40.305788],[-79.037558,40.306961],[-79.036396,40.311106],[-79.037295,40.313403],[-79.034165,40.316311],[-79.031665,40.317646],[-79.031155,40.320833],[-79.029712,40.322969],[-79.025411,40.326005],[-79.023376,40.328691],[-79.022085,40.332208],[-79.020019,40.335605],[-79.015368,40.339187],[-79.010279,40.340228],[-79.009383,40.344787],[-79.006078,40.351203],[-79.003701,40.352496],[-79.000546,40.355273],[-78.998171,40.356169],[-78.97523,40.391927],[-78.973814,40.395421],[-78.973422,40.39639],[-78.946096,40.44175],[-78.921923,40.483512],[-78.89692,40.532454],[-78.885946,40.554067],[-78.875341,40.575354],[-78.848351,40.574936],[-78.848215,40.573733],[-78.850818,40.573627],[-78.849837,40.570234],[-78.853243,40.564622],[-78.814629,40.550197],[-78.799768,40.544731],[-78.797576,40.57775],[-78.790637,40.577952],[-78.790636,40.574579],[-78.777615,40.570068],[-78.773202,40.569222],[-78.77092,40.570593],[-78.766283,40.571025],[-78.764972,40.572314],[-78.763446,40.571688],[-78.761118,40.566395],[-78.75737,40.564264],[-78.755265,40.559723],[-78.752619,40.556774],[-78.751953,40.553172],[-78.74763,40.551048],[-78.716226,40.53895],[-78.713328,40.538205],[-78.705837,40.538051],[-78.695789,40.535122],[-78.692758,40.535149],[-78.687903,40.534432],[-78.684974,40.535037],[-78.680981,40.536687],[-78.678141,40.536586],[-78.679153,40.532483],[-78.67792,40.530904],[-78.677765,40.527469],[-78.678539,40.525667],[-78.682484,40.522083],[-78.6835,40.521626],[-78.685446,40.518392],[-78.684232,40.51498],[-78.684323,40.51172],[-78.673374,40.505204],[-78.675296,40.497529],[-78.674739,40.485207],[-78.67538,40.483467],[-78.684304,40.473207],[-78.697426,40.433458],[-78.703331,40.432604],[-78.710427,40.424955],[-78.723224,40.428343],[-78.727232,40.42799],[-78.751806,40.422844],[-78.751801,40.417007],[-78.744712,40.400375],[-78.715052,40.336657],[-78.710919,40.324132],[-78.713527,40.323783],[-78.71742,40.320659],[-78.719321,40.31978],[-78.72703,40.318581],[-78.731097,40.321138],[-78.732447,40.323504],[-78.736494,40.326033],[-78.737713,40.325972],[-78.740196,40.327772],[-78.743827,40.329373],[-78.745241,40.330959],[-78.753794,40.333887],[-78.757757,40.333958],[-78.763483,40.333361],[-78.767033,40.33504],[-78.77037,40.338485],[-78.770791,40.340277],[-78.774356,40.342627],[-78.775606,40.345057],[-78.77445,40.346023],[-78.775165,40.34841],[-78.779066,40.34961],[-78.785601,40.348859],[-78.78652,40.34959],[-78.785675,40.352513],[-78.782745,40.354613],[-78.782563,40.356442],[-78.784301,40.35876],[-78.784163,40.360674],[-78.786881,40.363878],[-78.787545,40.367313],[-78.783874,40.36831],[-78.786093,40.370404],[-78.798774,40.36685],[-78.800865,40.362],[-78.812454,40.351979],[-78.823023,40.342507],[-78.838973,40.329496],[-78.858989,40.312355],[-78.876613,40.318931],[-78.895995,40.320737],[-78.898619,40.315129],[-78.895943,40.313125],[-78.882381,40.313102],[-78.882739,40.310684],[-78.888233,40.309196],[-78.891912,40.306618],[-78.894264,40.304222],[-78.897049,40.306345],[-78.899345,40.308866],[-78.902275,40.304918],[-78.901883,40.301044],[-78.899434,40.299377],[-78.893346,40.301669],[-78.889992,40.2994],[-78.889705,40.297237],[-78.891412,40.291745],[-78.898824,40.292214],[-78.904948,40.293453],[-78.906224,40.291389],[-78.908274,40.292204],[-78.910507,40.289702],[-78.912954,40.290285],[-78.917362,40.29217],[-78.920426,40.295587],[-78.921073,40.291527],[-78.927028,40.293129],[-78.929783,40.291592],[-78.924179,40.290439],[-78.923145,40.289139],[-78.924399,40.286816],[-78.927109,40.284733],[-78.981767,40.285439],[-79.007536,40.285266],[-79.015853,40.285414],[-79.056053,40.284861]]]},"properties":{"district":"072","name":"State House District 72"}},{"type":"Feature","geometry":{"type":"Polygon","coordinates":[[[-78.875341,40.575354],[-78.866495,40.5931],[-78.859686,40.607044],[-78.850671,40.626336],[-78.846607,40.635605],[-78.842251,40.645543],[-78.826686,40.68175],[-78.808862,40.721062],[-78.799226,40.7171],[-78.802286,40.724618],[-78.803291,40.72882],[-78.806274,40.729742],[-78.806416,40.749182],[-78.806425,40.765767],[-78.806598,40.780303],[-78.806495,40.799042],[-78.806363,40.845035],[-78.779123,40.839152],[-78.777482,40.839991],[-78.779753,40.841687],[-78.781988,40.842474],[-78.784346,40.844289],[-78.784648,40.845846],[-78.741112,40.846113],[-78.74106,40.844921],[-78.736085,40.844924],[-78.730891,40.843916],[-78.705455,40.843765],[-78.705449,40.844629],[-78.695654,40.844522],[-78.695648,40.839143],[-78.705583,40.839073],[-78.705674,40.833612],[-78.715917,40.833591],[-78.715843,40.816996],[-78.714452,40.81701],[-78.714385,40.813169],[-78.705884,40.813279],[-78.705716,40.807716],[-78.688484,40.807773],[-78.688523,40.813208],[-78.678376,40.813094],[-78.678336,40.814344],[-78.680541,40.816152],[-78.684765,40.815853],[-78.688984,40.81703],[-78.689985,40.818879],[-78.689522,40.820565],[-78.695632,40.820557],[-78.695642,40.826845],[-78.694449,40.829161],[-78.691162,40.82914],[-78.689242,40.828009],[-78.675299,40.827761],[-78.675346,40.831061],[-78.664975,40.822731],[-78.660728,40.825809],[-78.646325,40.815002],[-78.627651,40.827569],[-78.622118,40.830879],[-78.634713,40.842629],[-78.623842,40.850138],[-78.617494,40.844933],[-78.609503,40.850068],[-78.615788,40.855604],[-78.592267,40.870658],[-78.58654,40.865868],[-78.58044,40.869993],[-78.579556,40.869158],[-78.573477,40.872959],[-78.572221,40.871638],[-78.568966,40.872723],[-78.563744,40.872486],[-78.559675,40.870639],[-78.551301,40.876014],[-78.552177,40.877652],[-78.564155,40.88842],[-78.556598,40.893841],[-78.556967,40.895596],[-78.554348,40.895879],[-78.550663,40.895304],[-78.547092,40.89373],[-78.542254,40.893589],[-78.540173,40.894026],[-78.539419,40.895642],[-78.537081,40.894756],[-78.532037,40.894138],[-78.526347,40.895019],[-78.522602,40.897317],[-78.520727,40.897512],[-78.51754,40.896534],[-78.515235,40.896709],[-78.512323,40.898558],[-78.512595,40.900736],[-78.516129,40.902452],[-78.5149,40.903347],[-78.514431,40.905451],[-78.512722,40.907565],[-78.51155,40.90744],[-78.510429,40.909512],[-78.508198,40.90961],[-78.507126,40.911582],[-78.505774,40.912251],[-78.505685,40.914667],[-78.503014,40.916858],[-78.497318,40.917811],[-78.49304,40.918039],[-78.488865,40.917747],[-78.487029,40.915066],[-78.485031,40.914982],[-78.483851,40.916742],[-78.484836,40.91905],[-78.483221,40.923692],[-78.485147,40.925542],[-78.503241,40.947596],[-78.501148,40.947169],[-78.491618,40.951606],[-78.49045,40.96577],[-78.489107,40.967364],[-78.488798,40.970518],[-78.490448,40.973862],[-78.494066,40.97837],[-78.495575,40.981987],[-78.495134,40.983494],[-78.493472,40.984449],[-78.48969,40.984615],[-78.489799,41.021719],[-78.495193,41.022456],[-78.499905,41.025717],[-78.500181,41.033291],[-78.497482,41.033394],[-78.49749,41.04422],[-78.496181,41.045713],[-78.49599,41.052756],[-78.497043,41.052819],[-78.561148,41.05291],[-78.583488,41.052768],[-78.583189,41.066285],[-78.580049,41.107885],[-78.579215,41.137039],[-78.56937,41.137235],[-78.569508,41.148551],[-78.485207,41.147975],[-78.485043,41.178999],[-78.484712,41.24394],[-78.44589,41.241831],[-78.370704,41.237729],[-78.323982,41.235139],[-78.296319,41.233654],[-78.265954,41.232161],[-78.236817,41.230475],[-78.236831,41.230187],[-78.222971,41.229195],[-78.188241,41.225994],[-78.139305,41.221299],[-78.093381,41.216931],[-78.08771,41.20932],[-78.067226,41.18256],[-78.061007,41.174539],[-78.038171,41.153603],[-78.039738,41.152579],[-78.041469,41.15021],[-78.04344,41.146508],[-78.046487,41.14569],[-78.049804,41.145979],[-78.052733,41.145317],[-78.054206,41.142665],[-78.054836,41.134177],[-78.056026,41.131995],[-78.058844,41.130909],[-78.063253,41.131366],[-78.065589,41.132341],[-78.068971,41.1319],[-78.070351,41.13058],[-78.070432,41.128981],[-78.068659,41.124308],[-78.070417,41.121878],[-78.073732,41.122055],[-78.077672,41.125167],[-78.081907,41.126308],[-78.084138,41.125945],[-78.086447,41.123573],[-78.086613,41.11943],[-78.087595,41.117173],[-78.09037,41.115633],[-78.092357,41.115679],[-78.094292,41.117228],[-78.094757,41.119666],[-78.097184,41.121124],[-78.100345,41.121783],[-78.103273,41.121202],[-78.108702,41.117645],[-78.111482,41.115226],[-78.11225,41.11364],[-78.111695,41.111061],[-78.107614,41.10551],[-78.103914,41.097623],[-78.101574,41.092164],[-78.098111,41.086039],[-78.092671,41.079562],[-78.092643,41.077956],[-78.093733,41.075833],[-78.097184,41.072349],[-78.095752,41.070903],[-78.092192,41.070414],[-78.085637,41.06865],[-78.085832,41.066336],[-78.088795,41.063427],[-78.090651,41.059412],[-78.089757,41.057556],[-78.088104,41.057144],[-78.084618,41.057392],[-78.077918,41.059747],[-78.07556,41.059657],[-78.074199,41.058649],[-78.073176,41.056488],[-78.072849,41.051922],[-78.071396,41.049918],[-78.068203,41.049959],[-78.065657,41.051741],[-78.062363,41.05323],[-78.059898,41.052203],[-78.059385,41.050834],[-78.06408,41.045913],[-78.063174,41.043976],[-78.059458,41.041398],[-78.057258,41.039351],[-78.057149,41.037533],[-78.058248,41.036708],[-78.061457,41.035963],[-78.06562,41.03578],[-78.067491,41.034734],[-78.069269,41.032721],[-78.071529,41.032789],[-78.073941,41.034069],[-78.076163,41.034479],[-78.079319,41.033184],[-78.079903,41.02948],[-78.077308,41.026601],[-78.073308,41.02705],[-78.071255,41.026582],[-78.071048,41.024421],[-78.074862,41.02355],[-78.075599,41.022185],[-78.072127,41.020336],[-78.070035,41.020447],[-78.067889,41.019484],[-78.069195,41.017229],[-78.069831,41.014694],[-78.069136,41.013242],[-78.066748,41.012773],[-78.062002,41.013271],[-78.06012,41.012213],[-78.055956,41.008273],[-78.05558,41.005537],[-78.056163,41.004256],[-78.058271,41.003655],[-78.060411,41.004183],[-78.062773,41.004789],[-78.065138,41.003338],[-78.064449,40.999957],[-78.06185,40.9979],[-78.061639,40.995331],[-78.064446,40.995316],[-78.066675,40.997692],[-78.068115,40.997645],[-78.070045,40.996015],[-78.073608,40.993937],[-78.079955,40.993175],[-78.083802,40.994458],[-78.086105,40.994468],[-78.086863,40.992769],[-78.084702,40.990892],[-78.081835,40.985414],[-78.082089,40.984185],[-78.084428,40.980831],[-78.086477,40.980528],[-78.090522,40.980881],[-78.090641,40.979419],[-78.088674,40.976085],[-78.088879,40.975346],[-78.092457,40.97291],[-78.094791,40.974102],[-78.09671,40.973153],[-78.093746,40.97049],[-78.091287,40.969891],[-78.088147,40.970321],[-78.086162,40.969669],[-78.084049,40.967731],[-78.08338,40.965708],[-78.081192,40.96384],[-78.078504,40.960451],[-78.07774,40.958824],[-78.078105,40.956447],[-78.081506,40.955064],[-78.089568,40.954458],[-78.09211,40.952987],[-78.093031,40.951328],[-78.0949,40.950436],[-78.099263,40.951589],[-78.104214,40.949518],[-78.107594,40.950648],[-78.109978,40.949547],[-78.110226,40.947216],[-78.111334,40.945124],[-78.116587,40.942902],[-78.120269,40.94193],[-78.122442,40.943887],[-78.120742,40.945569],[-78.121786,40.947127],[-78.127034,40.945681],[-78.132607,40.945894],[-78.134063,40.947217],[-78.133558,40.948358],[-78.131301,40.949567],[-78.130621,40.951341],[-78.132302,40.953207],[-78.135356,40.953965],[-78.136376,40.956021],[-78.132475,40.958863],[-78.129964,40.961841],[-78.131969,40.965906],[-78.133693,40.967042],[-78.136351,40.966018],[-78.135878,40.962966],[-78.136447,40.961413],[-78.139648,40.957102],[-78.13952,40.953922],[-78.140735,40.952431],[-78.141059,40.949844],[-78.144284,40.948588],[-78.146607,40.948684],[-78.147724,40.950048],[-78.146548,40.954597],[-78.146853,40.956586],[-78.151604,40.957366],[-78.154787,40.959481],[-78.158507,40.960929],[-78.165125,40.961592],[-78.166917,40.961345],[-78.168977,40.959617],[-78.168797,40.957524],[-78.169635,40.955601],[-78.169254,40.953221],[-78.167655,40.951931],[-78.162724,40.954683],[-78.159369,40.954068],[-78.159412,40.950366],[-78.157993,40.948327],[-78.157786,40.946108],[-78.155638,40.942777],[-78.15581,40.941437],[-78.158124,40.94137],[-78.162454,40.942069],[-78.164555,40.940943],[-78.163326,40.939342],[-78.166461,40.936686],[-78.168526,40.936249],[-78.171279,40.936767],[-78.172285,40.935204],[-78.171481,40.932418],[-78.175005,40.931966],[-78.177941,40.929149],[-78.178122,40.926817],[-78.179875,40.923559],[-78.183548,40.92169],[-78.190435,40.918672],[-78.1915,40.920324],[-78.195985,40.919992],[-78.198275,40.91762],[-78.201637,40.915813],[-78.204933,40.915675],[-78.206818,40.916939],[-78.209414,40.917372],[-78.211819,40.915784],[-78.214837,40.914809],[-78.214804,40.913363],[-78.217405,40.91383],[-78.219813,40.912741],[-78.221712,40.911129],[-78.221728,40.909794],[-78.223681,40.909533],[-78.225942,40.9074],[-78.224295,40.906357],[-78.228836,40.901071],[-78.224701,40.896479],[-78.224345,40.894872],[-78.221333,40.892169],[-78.22061,40.889861],[-78.221222,40.888761],[-78.225794,40.88795],[-78.227937,40.886733],[-78.228277,40.882765],[-78.230038,40.880299],[-78.232938,40.878392],[-78.233063,40.88026],[-78.237498,40.880529],[-78.24045,40.881636],[-78.242987,40.881479],[-78.244987,40.880192],[-78.247761,40.879557],[-78.247234,40.877804],[-78.248846,40.876094],[-78.246475,40.875844],[-78.244378,40.876775],[-78.239725,40.876906],[-78.235895,40.8749],[-78.236109,40.873255],[-78.244111,40.8717],[-78.246288,40.872086],[-78.248975,40.869519],[-78.249779,40.865316],[-78.248603,40.864632],[-78.248196,40.862312],[-78.249049,40.861275],[-78.246908,40.858365],[-78.24922,40.855383],[-78.251598,40.854235],[-78.254763,40.853756],[-78.257349,40.855416],[-78.26057,40.854684],[-78.262594,40.853576],[-78.263953,40.851034],[-78.267169,40.850264],[-78.267933,40.847587],[-78.270424,40.846934],[-78.273827,40.848055],[-78.275196,40.849929],[-78.277729,40.850993],[-78.280054,40.850585],[-78.284237,40.851049],[-78.285542,40.849874],[-78.288441,40.849747],[-78.290761,40.848022],[-78.291316,40.846748],[-78.2906,40.84252],[-78.293844,40.840619],[-78.294437,40.837919],[-78.298797,40.835144],[-78.300947,40.835079],[-78.301983,40.833495],[-78.29997,40.831416],[-78.299522,40.829839],[-78.300282,40.827968],[-78.299383,40.82456],[-78.302233,40.821662],[-78.305625,40.820638],[-78.308008,40.81572],[-78.311632,40.813892],[-78.312212,40.811351],[-78.314021,40.810166],[-78.313751,40.808558],[-78.32047,40.808199],[-78.322724,40.806156],[-78.326926,40.805899],[-78.327317,40.80466],[-78.329566,40.803359],[-78.331661,40.801122],[-78.336466,40.799795],[-78.339468,40.797933],[-78.339255,40.794752],[-78.340249,40.791562],[-78.342579,40.790871],[-78.343109,40.788479],[-78.341875,40.787007],[-78.342578,40.781895],[-78.345905,40.781053],[-78.34582,40.7802],[-78.348685,40.777922],[-78.350147,40.776106],[-78.352241,40.772079],[-78.351718,40.77047],[-78.352252,40.768579],[-78.359133,40.767895],[-78.360632,40.765391],[-78.363204,40.764501],[-78.365256,40.764545],[-78.367868,40.760998],[-78.370685,40.759706],[-78.37135,40.757709],[-78.373423,40.757553],[-78.376031,40.754497],[-78.37664,40.751961],[-78.373017,40.749892],[-78.373112,40.747442],[-78.371897,40.746586],[-78.370554,40.743191],[-78.368994,40.741919],[-78.368857,40.740082],[-78.366391,40.736043],[-78.365163,40.735565],[-78.363216,40.733167],[-78.360619,40.733181],[-78.351201,40.725353],[-78.348668,40.723443],[-78.402899,40.725239],[-78.413555,40.725329],[-78.472012,40.725499],[-78.529828,40.725919],[-78.569023,40.725642],[-78.635582,40.723066],[-78.6913,40.724321],[-78.688747,40.722385],[-78.691196,40.718129],[-78.690891,40.716728],[-78.686811,40.715965],[-78.686322,40.716774],[-78.681148,40.713639],[-78.67964,40.710918],[-78.678973,40.708093],[-78.679248,40.706616],[-78.681153,40.703283],[-78.675754,40.698765],[-78.672538,40.698508],[-78.671311,40.695826],[-78.672128,40.693091],[-78.672331,40.689735],[-78.67397,40.688038],[-78.672893,40.686644],[-78.673667,40.685545],[-78.670588,40.683863],[-78.669156,40.680852],[-78.668763,40.678274],[-78.667548,40.677536],[-78.666754,40.674022],[-78.665471,40.672969],[-78.663459,40.666784],[-78.664469,40.661391],[-78.663686,40.659848],[-78.66401,40.658004],[-78.662056,40.653056],[-78.660962,40.651557],[-78.661418,40.64798],[-78.660348,40.647025],[-78.660638,40.644516],[-78.657479,40.643733],[-78.653311,40.644807],[-78.650906,40.643681],[-78.651602,40.642339],[-78.650894,40.640128],[-78.648389,40.639001],[-78.644243,40.639689],[-78.642109,40.641503],[-78.63675,40.639741],[-78.635548,40.638133],[-78.640284,40.638102],[-78.640347,40.635008],[-78.637383,40.635059],[-78.637494,40.633318],[-78.640538,40.632801],[-78.643959,40.632842],[-78.644081,40.627479],[-78.648399,40.627453],[-78.648656,40.623452],[-78.647197,40.624057],[-78.646421,40.620488],[-78.648734,40.618669],[-78.650088,40.618681],[-78.653107,40.615596],[-78.653435,40.614048],[-78.650747,40.611193],[-78.648674,40.61052],[-78.650144,40.608046],[-78.649117,40.606295],[-78.647081,40.607253],[-78.643269,40.604375],[-78.641098,40.60343],[-78.642156,40.601612],[-78.644808,40.601375],[-78.648365,40.59918],[-78.649749,40.60018],[-78.652673,40.598362],[-78.647902,40.593284],[-78.64826,40.591265],[-78.645075,40.588433],[-78.647516,40.588043],[-78.648937,40.586343],[-78.648483,40.582023],[-78.646735,40.581131],[-78.644479,40.578927],[-78.646993,40.577078],[-78.646057,40.575829],[-78.647363,40.573895],[-78.648056,40.570977],[-78.650137,40.566846],[-78.651667,40.565527],[-78.653934,40.565337],[-78.655517,40.563947],[-78.656107,40.561252],[-78.658832,40.560752],[-78.660845,40.558542],[-78.661796,40.559566],[-78.667115,40.558789],[-78.668677,40.550897],[-78.670893,40.549492],[-78.673073,40.549317],[-78.674328,40.544675],[-78.678141,40.536586],[-78.680981,40.536687],[-78.684974,40.535037],[-78.687903,40.534432],[-78.692758,40.535149],[-78.695789,40.535122],[-78.705837,40.538051],[-78.713328,40.538205],[-78.716226,40.53895],[-78.74763,40.551048],[-78.751953,40.553172],[-78.752619,40.556774],[-78.755265,40.559723],[-78.75737,40.564264],[-78.761118,40.566395],[-78.763446,40.571688],[-78.764972,40.572314],[-78.766283,40.571025],[-78.77092,40.570593],[-78.773202,40.569222],[-78.777615,40.570068],[-78.790636,40.574579],[-78.790637,40.577952],[-78.797576,40.57775],[-78.799768,40.544731],[-78.814629,40.550197],[-78.853243,40.564622],[-78.849837,40.570234],[-78.850818,40.573627],[-78.848215,40.573733],[-78.848351,40.574936],[-78.875341,40.575354]]]},"properties":{"district":"073","name":"State House District 73"}},{"type":"Feature","geometry":{"type":"Polygon","coordinates":[[[-75.205771,40.011629],[-75.212219,40.015461],[-75.218056,40.020943],[-75.222153,40.022614],[-75.223694,40.023712],[-75.232323,40.028107],[-75.234604,40.029926],[-75.239296,40.03289],[-75.241493,40.035141],[-75.24617,40.03829],[-75.249039,40.041848],[-75.254318,40.045755],[-75.257655,40.047611],[-75.259621,40.049238],[-75.264431,40.054094],[-75.256286,40.061081],[-75.252209,40.065278],[-75.243133,40.073628],[-75.22361,40.092907],[-75.189203,40.073174],[-75.193222,40.06909],[-75.194371,40.07059],[-75.197337,40.067706],[-75.20079,40.070707],[-75.210963,40.060573],[-75.21332,40.057113],[-75.216496,40.05609],[-75.217933,40.055026],[-75.217333,40.052902],[-75.21487,40.050971],[-75.21344,40.04851],[-75.211726,40.047316],[-75.21221,40.044731],[-75.210582,40.040884],[-75.208676,40.038308],[-75.207225,40.03741],[-75.205478,40.034908],[-75.203081,40.034848],[-75.20147,40.036459],[-75.200303,40.034754],[-75.200156,40.03264],[-75.198053,40.03084],[-75.198241,40.029135],[-75.196519,40.027444],[-75.190643,40.027748],[-75.190284,40.02886],[-75.187995,40.029796],[-75.187776,40.030771],[-75.181668,40.025657],[-75.179954,40.023065],[-75.182447,40.020997],[-75.181189,40.019914],[-75.183103,40.018604],[-75.178103,40.014339],[-75.182127,40.011578],[-75.180335,40.009611],[-75.179692,40.007898],[-75.186537,40.009831],[-75.189698,40.008779],[-75.193212,40.006927],[-75.203107,40.010138],[-75.205771,40.011629]]]},"properties":{"district":"194","name":"State House District 194"}},{"type":"Feature","geometry":{"type":"Polygon","coordinates":[[[-75.854548,40.149297],[-75.853966,40.144776],[-75.854045,40.140879],[-75.860017,40.131192],[-75.860428,40.129763],[-75.849309,40.122892],[-75.85047,40.121235],[-75.85064,40.113677],[-75.849757,40.11069],[-75.850453,40.106274],[-75.848594,40.101068],[-75.846646,40.10014],[-75.843048,40.09585],[-75.8387,40.086139],[-75.839457,40.083734],[-75.839186,40.082119],[-75.836402,40.080336],[-75.833631,40.073342],[-75.844149,40.056763],[-75.841363,40.056936],[-75.839168,40.04139],[-75.830468,40.042139],[-75.826932,40.04195],[-75.826443,40.041221],[-75.829724,40.038472],[-75.829465,40.036801],[-75.831038,40.03315],[-75.835561,40.031718],[-75.834274,40.030804],[-75.835259,40.029328],[-75.837937,40.027246],[-75.843281,40.026694],[-75.844112,40.024842],[-75.847859,40.02212],[-75.8461,40.019898],[-75.845622,40.018139],[-75.842867,40.015536],[-75.839124,40.017053],[-75.837881,40.015642],[-75.836542,40.012511],[-75.833924,40.011437],[-75.831511,40.009669],[-75.826815,40.008479],[-75.825047,40.005211],[-75.823841,40.004886],[-75.8145,40.004408],[-75.799119,40.007715],[-75.790152,40.008933],[-75.790411,40.010609],[-75.779548,40.011564],[-75.779719,40.012821],[-75.764912,40.014109],[-75.764738,40.015539],[-75.754199,40.01568],[-75.751072,40.01277],[-75.746596,40.012941],[-75.744581,40.010946],[-75.746153,40.005901],[-75.745871,40.003233],[-75.746712,40.001643],[-75.745864,39.996029],[-75.738161,39.997279],[-75.724024,39.999126],[-75.723702,39.996787],[-75.715524,39.996969],[-75.715345,39.995422],[-75.728083,39.992547],[-75.750125,39.990562],[-75.749806,39.986806],[-75.785058,39.983982],[-75.797714,39.981157],[-75.797496,39.97996],[-75.799962,39.965646],[-75.800742,39.964272],[-75.793167,39.962905],[-75.794839,39.959875],[-75.796179,39.959672],[-75.796969,39.956942],[-75.800022,39.95765],[-75.802313,39.955921],[-75.80466,39.957274],[-75.802679,39.960948],[-75.80555,39.961798],[-75.812159,39.960792],[-75.812022,39.955366],[-75.817382,39.955225],[-75.819565,39.95463],[-75.819626,39.957534],[-75.821268,39.958577],[-75.825886,39.962977],[-75.833498,39.959518],[-75.835431,39.961186],[-75.829943,39.963373],[-75.831155,39.965561],[-75.826669,39.966995],[-75.822761,39.969342],[-75.825705,39.975153],[-75.829133,39.974344],[-75.849448,39.96875],[-75.871155,39.963438],[-75.890431,39.958637],[-75.904792,39.955217],[-75.90614,39.953936],[-75.927216,39.949256],[-75.981307,39.938364],[-75.985056,39.937871],[-75.9888,39.940841],[-75.9896,39.944706],[-75.992241,39.945672],[-75.99104,39.947576],[-75.994629,39.952429],[-75.994143,39.953703],[-75.992014,39.95555],[-75.990394,39.959294],[-75.98865,39.961613],[-75.986163,39.963887],[-75.986702,39.96724],[-75.982504,39.973327],[-75.967478,39.994439],[-75.945793,40.024065],[-75.936677,40.036392],[-75.93587,40.037466],[-75.934332,40.047566],[-75.936225,40.065285],[-75.936135,40.078585],[-75.94128,40.100919],[-75.942997,40.109266],[-75.912548,40.120633],[-75.890457,40.129531],[-75.877787,40.135478],[-75.873375,40.137107],[-75.866813,40.14112],[-75.854548,40.149297]]]},"properties":{"district":"074","name":"State House District 74"}},{"type":"Feature","geometry":{"type":"Polygon","coordinates":[[[-75.154588,39.993938],[-75.157581,39.980223],[-75.174991,39.98246],[-75.170428,39.979112],[-75.16722,39.973397],[-75.170341,39.959091],[-75.167161,39.958692],[-75.167803,39.955935],[-75.169173,39.957031],[-75.17239,39.957428],[-75.172418,39.959198],[-75.179494,39.964518],[-75.183323,39.964374],[-75.184976,39.966129],[-75.191012,39.970034],[-75.193724,39.975285],[-75.189961,39.975403],[-75.186713,39.990215],[-75.181875,39.989583],[-75.181527,39.991177],[-75.179584,39.992463],[-75.179248,39.993963],[-75.174615,39.993359],[-75.174372,39.994494],[-75.171173,39.994165],[-75.170767,39.996036],[-75.154588,39.993938]]]},"properties":{"district":"195","name":"State House District 195"}},{"type":"Feature","geometry":{"type":"Polygon","coordinates":[[[-79.095096,41.340658],[-79.094762,41.366107],[-79.095017,41.367767],[-79.094729,41.375113],[-79.093588,41.423286],[-79.065154,41.423194],[-79.06352,41.453207],[-79.011781,41.452384],[-78.976658,41.451761],[-78.976657,41.436963],[-78.958957,41.437061],[-78.959064,41.488013],[-78.959128,41.500115],[-78.958825,41.506547],[-78.95879,41.515708],[-78.95849,41.531027],[-78.957969,41.546079],[-78.957397,41.576019],[-78.957418,41.579222],[-78.956646,41.601797],[-78.956138,41.623334],[-78.891274,41.623042],[-78.814971,41.622673],[-78.815237,41.624249],[-78.74462,41.625172],[-78.676016,41.624973],[-78.599641,41.627582],[-78.556943,41.629039],[-78.483815,41.631481],[-78.482909,41.60233],[-78.420498,41.601874],[-78.419618,41.580502],[-78.418408,41.557155],[-78.418431,41.543954],[-78.420161,41.544047],[-78.420218,41.527926],[-78.420156,41.499024],[-78.421154,41.473845],[-78.419566,41.473724],[-78.419869,41.420036],[-78.420028,41.405046],[-78.374816,41.404887],[-78.371251,41.404985],[-78.354908,41.40486],[-78.328718,41.404862],[-78.293666,41.404664],[-78.286294,41.404722],[-78.253959,41.404721],[-78.254331,41.375101],[-78.254266,41.356877],[-78.254382,41.323584],[-78.234675,41.323413],[-78.234602,41.298796],[-78.235664,41.258041],[-78.235774,41.250154],[-78.236817,41.230475],[-78.265954,41.232161],[-78.296319,41.233654],[-78.323982,41.235139],[-78.370704,41.237729],[-78.44589,41.241831],[-78.484712,41.24394],[-78.485043,41.178999],[-78.485207,41.147975],[-78.569508,41.148551],[-78.56937,41.137235],[-78.579215,41.137039],[-78.580049,41.107885],[-78.583189,41.066285],[-78.583488,41.052768],[-78.561148,41.05291],[-78.497043,41.052819],[-78.49599,41.052756],[-78.496181,41.045713],[-78.49749,41.04422],[-78.497482,41.033394],[-78.500181,41.033291],[-78.499905,41.025717],[-78.495193,41.022456],[-78.489799,41.021719],[-78.48969,40.984615],[-78.493472,40.984449],[-78.495134,40.983494],[-78.495575,40.981987],[-78.494066,40.97837],[-78.490448,40.973862],[-78.488798,40.970518],[-78.489107,40.967364],[-78.49045,40.96577],[-78.491618,40.951606],[-78.501148,40.947169],[-78.503241,40.947596],[-78.485147,40.925542],[-78.483221,40.923692],[-78.484836,40.91905],[-78.483851,40.916742],[-78.485031,40.914982],[-78.487029,40.915066],[-78.488865,40.917747],[-78.49304,40.918039],[-78.497318,40.917811],[-78.503014,40.916858],[-78.505685,40.914667],[-78.505774,40.912251],[-78.507126,40.911582],[-78.508198,40.90961],[-78.510429,40.909512],[-78.51155,40.90744],[-78.512722,40.907565],[-78.514431,40.905451],[-78.5149,40.903347],[-78.516129,40.902452],[-78.512595,40.900736],[-78.512323,40.898558],[-78.515235,40.896709],[-78.51754,40.896534],[-78.520727,40.897512],[-78.522602,40.897317],[-78.526347,40.895019],[-78.532037,40.894138],[-78.537081,40.894756],[-78.539419,40.895642],[-78.540173,40.894026],[-78.542254,40.893589],[-78.547092,40.89373],[-78.550663,40.895304],[-78.554348,40.895879],[-78.556967,40.895596],[-78.556598,40.893841],[-78.564155,40.88842],[-78.552177,40.877652],[-78.551301,40.876014],[-78.559675,40.870639],[-78.563744,40.872486],[-78.568966,40.872723],[-78.572221,40.871638],[-78.573477,40.872959],[-78.579556,40.869158],[-78.58044,40.869993],[-78.58654,40.865868],[-78.592267,40.870658],[-78.615788,40.855604],[-78.609503,40.850068],[-78.617494,40.844933],[-78.623842,40.850138],[-78.634713,40.842629],[-78.622118,40.830879],[-78.627651,40.827569],[-78.646325,40.815002],[-78.660728,40.825809],[-78.664975,40.822731],[-78.675346,40.831061],[-78.675299,40.827761],[-78.689242,40.828009],[-78.691162,40.82914],[-78.694449,40.829161],[-78.695642,40.826845],[-78.695632,40.820557],[-78.689522,40.820565],[-78.689985,40.818879],[-78.688984,40.81703],[-78.684765,40.815853],[-78.680541,40.816152],[-78.678336,40.814344],[-78.678376,40.813094],[-78.688523,40.813208],[-78.688484,40.807773],[-78.705716,40.807716],[-78.705884,40.813279],[-78.714385,40.813169],[-78.714452,40.81701],[-78.715843,40.816996],[-78.715917,40.833591],[-78.705674,40.833612],[-78.705583,40.839073],[-78.695648,40.839143],[-78.695654,40.844522],[-78.705449,40.844629],[-78.705455,40.843765],[-78.730891,40.843916],[-78.736085,40.844924],[-78.74106,40.844921],[-78.741112,40.846113],[-78.784648,40.845846],[-78.784346,40.844289],[-78.781988,40.842474],[-78.779753,40.841687],[-78.777482,40.839991],[-78.779123,40.839152],[-78.806363,40.845035],[-78.806406,40.861618],[-78.806007,40.872561],[-78.805103,40.908433],[-78.804562,40.927022],[-78.804047,40.951814],[-78.80405,40.996814],[-78.804251,41.001777],[-78.804041,41.018191],[-78.804552,41.090762],[-78.804608,41.119643],[-78.804532,41.132186],[-78.796762,41.146268],[-78.78119,41.174786],[-78.778326,41.180523],[-78.766377,41.202759],[-78.749069,41.202449],[-78.710248,41.201859],[-78.710059,41.230243],[-78.738214,41.230672],[-78.738952,41.24677],[-78.739101,41.253768],[-78.73528,41.262915],[-78.749774,41.26952],[-78.811964,41.296864],[-78.874754,41.324961],[-78.908628,41.339881],[-78.959157,41.362161],[-78.959446,41.371144],[-78.96328,41.369789],[-78.966544,41.370932],[-78.967194,41.372929],[-78.969807,41.375896],[-78.971904,41.376565],[-78.974478,41.375476],[-78.978102,41.371712],[-78.978686,41.370015],[-78.981548,41.367753],[-78.984994,41.366978],[-78.987084,41.368234],[-78.992688,41.368616],[-78.998505,41.36454],[-78.999504,41.362487],[-79.00227,41.359654],[-79.003817,41.359017],[-79.009048,41.359371],[-79.014053,41.357634],[-79.015227,41.355647],[-79.016354,41.350999],[-79.017425,41.350092],[-79.020329,41.350494],[-79.022063,41.351444],[-79.022469,41.352828],[-79.025942,41.355342],[-79.027786,41.357205],[-79.033622,41.357744],[-79.036952,41.357597],[-79.039961,41.356676],[-79.046106,41.35386],[-79.048492,41.352054],[-79.052215,41.351122],[-79.058335,41.35094],[-79.063025,41.350151],[-79.066239,41.350381],[-79.068859,41.351336],[-79.072122,41.353437],[-79.076706,41.354249],[-79.081126,41.352691],[-79.086918,41.346261],[-79.088977,41.343506],[-79.091606,41.340953],[-79.095096,41.340658]]]},"properties":{"district":"075","name":"State House District 75"}},{"type":"Feature","geometry":{"type":"Polygon","coordinates":[[[-76.847673,40.093784],[-76.845769,40.092406],[-76.844587,40.089589],[-76.845062,40.086519],[-76.846924,40.084118],[-76.84416,40.079986],[-76.842349,40.078428],[-76.842175,40.075888],[-76.84082,40.073572],[-76.842388,40.067655],[-76.844515,40.065355],[-76.844652,40.063449],[-76.841814,40.060663],[-76.840951,40.058281],[-76.838655,40.056616],[-76.837071,40.05303],[-76.838827,40.048489],[-76.835016,40.046124],[-76.834379,40.044857],[-76.833681,40.040325],[-76.831749,40.035915],[-76.827944,40.032137],[-76.828179,40.02992],[-76.827501,40.026942],[-76.825802,40.02441],[-76.822025,40.021875],[-76.819053,40.020966],[-76.815733,40.01913],[-76.813574,40.016055],[-76.810739,40.014418],[-76.806892,40.011421],[-76.803601,40.006845],[-76.802569,40.004051],[-76.797428,39.999508],[-76.793805,39.99443],[-76.79252,39.992072],[-76.790084,39.99072],[-76.786767,39.988016],[-76.782538,39.986819],[-76.77884,39.986844],[-76.770576,39.986123],[-76.767582,39.984903],[-76.76569,39.982628],[-76.762816,39.982068],[-76.76107,39.980961],[-76.75826,39.978865],[-76.762665,39.977063],[-76.761987,39.973998],[-76.757036,39.975235],[-76.756822,39.977225],[-76.751312,39.970962],[-76.751337,39.969613],[-76.755832,39.969321],[-76.755146,39.966116],[-76.762814,39.965288],[-76.762305,39.962023],[-76.758384,39.96103],[-76.751553,39.958709],[-76.75126,39.956166],[-76.753487,39.954497],[-76.755506,39.953905],[-76.756581,39.955921],[-76.758137,39.956573],[-76.758062,39.958571],[-76.761622,39.958064],[-76.76178,39.959746],[-76.763632,39.959606],[-76.763427,39.95792],[-76.769311,39.957532],[-76.769152,39.956044],[-76.76568,39.946877],[-76.764129,39.946836],[-76.75819,39.949426],[-76.748779,39.9523],[-76.744419,39.947402],[-76.74558,39.945326],[-76.751962,39.945437],[-76.754473,39.94613],[-76.757227,39.945846],[-76.758676,39.944391],[-76.75691,39.940036],[-76.759158,39.938697],[-76.758603,39.936501],[-76.75692,39.936055],[-76.755245,39.934275],[-76.754072,39.930464],[-76.752169,39.929036],[-76.75045,39.928886],[-76.750416,39.926959],[-76.751723,39.924308],[-76.751127,39.921408],[-76.748832,39.920406],[-76.747623,39.915509],[-76.748223,39.914199],[-76.753529,39.914041],[-76.757086,39.915602],[-76.761264,39.916499],[-76.764181,39.915528],[-76.763826,39.913007],[-76.762814,39.912134],[-76.759285,39.911424],[-76.757334,39.90854],[-76.74752,39.904412],[-76.744496,39.903464],[-76.744167,39.902118],[-76.745299,39.900207],[-76.745803,39.897642],[-76.743428,39.895733],[-76.74672,39.893947],[-76.748372,39.892254],[-76.742247,39.889556],[-76.741426,39.887613],[-76.742544,39.886915],[-76.746238,39.888428],[-76.748342,39.889998],[-76.754321,39.887278],[-76.755989,39.887817],[-76.758833,39.88745],[-76.760246,39.885562],[-76.75585,39.882688],[-76.756507,39.882041],[-76.753458,39.879678],[-76.751729,39.876833],[-76.749252,39.874583],[-76.747673,39.870581],[-76.745706,39.870247],[-76.746972,39.867951],[-76.749409,39.867017],[-76.754414,39.867565],[-76.758406,39.865507],[-76.752942,39.862241],[-76.758384,39.855517],[-76.760648,39.853292],[-76.760787,39.848902],[-76.764849,39.846237],[-76.766713,39.847677],[-76.773734,39.843881],[-76.772226,39.841663],[-76.78635,39.838128],[-76.811053,39.832132],[-76.843691,39.821315],[-76.844534,39.822042],[-76.847058,39.820997],[-76.847181,39.820081],[-76.873091,39.810517],[-76.873491,39.811458],[-76.87634,39.813622],[-76.878682,39.813409],[-76.880819,39.811873],[-76.881141,39.810171],[-76.883357,39.806285],[-76.888223,39.804947],[-76.889395,39.805979],[-76.892958,39.805714],[-76.895087,39.804684],[-76.897398,39.802498],[-76.898188,39.800338],[-76.904274,39.796846],[-76.905338,39.794214],[-76.908964,39.793754],[-76.908998,39.792855],[-76.912132,39.792078],[-76.914956,39.789023],[-76.936096,39.804286],[-76.944992,39.811062],[-76.948792,39.816439],[-76.949408,39.818706],[-76.955503,39.828687],[-76.957175,39.855741],[-76.954932,39.85685],[-76.95851,39.861193],[-76.962238,39.864835],[-76.962967,39.871704],[-76.96362,39.874017],[-76.972536,39.872914],[-76.973983,39.874365],[-76.978357,39.882151],[-76.977714,39.885798],[-76.980131,39.886555],[-76.980963,39.890011],[-76.98201,39.890949],[-76.983992,39.894731],[-76.982055,39.897396],[-76.984081,39.899494],[-76.983849,39.902057],[-76.980921,39.903449],[-76.981433,39.90542],[-76.979209,39.906104],[-76.975304,39.908718],[-76.972881,39.911081],[-76.972839,39.913861],[-76.971122,39.914937],[-76.966983,39.916183],[-76.967157,39.922105],[-76.970009,39.921251],[-76.969976,39.923818],[-76.971754,39.924491],[-76.972352,39.926141],[-76.971086,39.92776],[-76.971898,39.930001],[-76.97106,39.930955],[-76.972585,39.934187],[-76.969691,39.937333],[-76.967458,39.935331],[-76.966202,39.935192],[-76.964187,39.937081],[-76.96459,39.940644],[-76.96351,39.941814],[-76.964192,39.94397],[-76.963148,39.945697],[-76.961219,39.946153],[-76.958878,39.948241],[-76.958023,39.951821],[-76.95624,39.953529],[-76.952673,39.953014],[-76.949825,39.949248],[-76.948705,39.948891],[-76.944632,39.950874],[-76.94404,39.953998],[-76.954686,39.958317],[-76.958853,39.959486],[-76.961123,39.962789],[-76.939612,39.962291],[-76.936892,39.962381],[-76.932688,39.966984],[-76.924999,39.963831],[-76.919491,39.961265],[-76.91391,39.959073],[-76.903253,39.954273],[-76.890971,39.950085],[-76.889944,39.949004],[-76.883564,39.949028],[-76.871471,39.94849],[-76.843366,39.946261],[-76.835055,39.94533],[-76.828556,39.943513],[-76.829632,39.947103],[-76.831986,39.950117],[-76.831872,39.952722],[-76.835863,39.9585],[-76.840245,39.962886],[-76.846067,39.967412],[-76.849429,39.973486],[-76.843678,39.976352],[-76.842312,39.978924],[-76.84235,39.982111],[-76.841141,39.985131],[-76.83901,39.988207],[-76.838439,39.989995],[-76.841046,39.991743],[-76.845893,39.997528],[-76.848242,39.996838],[-76.849577,39.997772],[-76.851004,39.996157],[-76.85922,40.002037],[-76.856061,40.004934],[-76.854799,40.005409],[-76.86722,40.019307],[-76.875321,40.027257],[-76.878551,40.031519],[-76.881855,40.03448],[-76.892709,40.040376],[-76.898925,40.045002],[-76.892209,40.047346],[-76.890093,40.048388],[-76.885285,40.04899],[-76.882197,40.050828],[-76.880359,40.052678],[-76.879844,40.05422],[-76.882198,40.059004],[-76.881553,40.061875],[-76.87742,40.064091],[-76.874305,40.065261],[-76.872275,40.065261],[-76.871148,40.066924],[-76.873979,40.069213],[-76.874075,40.071277],[-76.871305,40.072365],[-76.869946,40.072205],[-76.869048,40.067677],[-76.865734,40.063918],[-76.863942,40.064174],[-76.863568,40.066527],[-76.860203,40.071273],[-76.861779,40.074223],[-76.865228,40.082606],[-76.864466,40.084814],[-76.862532,40.085861],[-76.855559,40.085356],[-76.85103,40.084249],[-76.849404,40.084404],[-76.846404,40.087584],[-76.846137,40.088842],[-76.847673,40.093784]]]},"properties":{"district":"196","name":"State House District 196"}},{"type":"Feature","geometry":{"type":"Polygon","coordinates":[[[-77.356628,40.807334],[-77.35694,40.824043],[-77.357113,40.844484],[-77.36231,40.846728],[-77.36418,40.846937],[-77.332782,40.870609],[-77.315887,40.88267],[-77.279236,40.90971],[-77.24508,40.947403],[-77.204027,40.99271],[-77.15765,41.031257],[-77.143804,41.042801],[-77.14416,41.044338],[-77.228887,41.019648],[-77.278357,41.005193],[-77.339925,40.987167],[-77.393907,40.978285],[-77.440274,40.974448],[-77.508596,40.962938],[-77.559094,41.021818],[-77.580194,41.04727],[-77.578274,41.04856],[-77.571961,41.051608],[-77.570041,41.052926],[-77.561736,41.057642],[-77.567612,41.065377],[-77.570696,41.066285],[-77.573565,41.068682],[-77.575941,41.068687],[-77.581428,41.067115],[-77.582477,41.067366],[-77.583821,41.070097],[-77.588359,41.071629],[-77.592001,41.071627],[-77.591916,41.074439],[-77.595262,41.077711],[-77.598765,41.079779],[-77.600309,41.080007],[-77.606958,41.083166],[-77.608863,41.083342],[-77.61203,41.085809],[-77.618579,41.088583],[-77.620948,41.089087],[-77.621759,41.091185],[-77.628144,41.092549],[-77.633235,41.095436],[-77.636038,41.095187],[-77.639515,41.096922],[-77.641218,41.096685],[-77.647666,41.09808],[-77.650067,41.097553],[-77.652782,41.098268],[-77.65897,41.100955],[-77.660191,41.102845],[-77.660812,41.106758],[-77.662603,41.108523],[-77.664755,41.109027],[-77.667092,41.108281],[-77.670762,41.105636],[-77.672722,41.1052],[-77.675589,41.105976],[-77.676745,41.107092],[-77.681044,41.109076],[-77.683751,41.109306],[-77.686792,41.107419],[-77.690389,41.106249],[-77.69549,41.1076],[-77.699263,41.109724],[-77.703923,41.112899],[-77.706225,41.113872],[-77.70925,41.111527],[-77.712266,41.110346],[-77.712429,41.108547],[-77.713941,41.105975],[-77.717759,41.104954],[-77.72049,41.105536],[-77.724784,41.107393],[-77.725608,41.110142],[-77.728079,41.111323],[-77.730237,41.111368],[-77.733532,41.110191],[-77.736986,41.107906],[-77.739069,41.107426],[-77.743433,41.107699],[-77.746675,41.106261],[-77.775136,41.143055],[-77.777996,41.146612],[-77.789563,41.142127],[-77.790009,41.177142],[-77.798523,41.177151],[-77.897667,41.176918],[-77.898262,41.252665],[-77.900666,41.249954],[-77.906046,41.245991],[-77.910854,41.243553],[-77.913787,41.240565],[-77.916906,41.235385],[-77.920167,41.229239],[-77.923631,41.226427],[-77.926987,41.226205],[-77.931759,41.226467],[-77.936261,41.225998],[-77.937909,41.224841],[-77.939008,41.222707],[-77.938795,41.219789],[-77.935615,41.214891],[-77.935656,41.211741],[-77.93709,41.210336],[-77.940833,41.209436],[-77.943601,41.210292],[-77.950606,41.213791],[-77.955615,41.217427],[-77.959438,41.217497],[-77.962032,41.215289],[-77.963918,41.211467],[-77.96565,41.209584],[-77.970841,41.20672],[-77.973078,41.204188],[-77.973588,41.189093],[-77.970833,41.178314],[-77.970778,41.174697],[-77.973012,41.173021],[-77.978455,41.171721],[-77.980823,41.171639],[-77.984187,41.170236],[-77.985116,41.168734],[-77.986711,41.163799],[-77.990272,41.161704],[-77.995391,41.163125],[-77.997908,41.163369],[-78.000753,41.16166],[-78.001796,41.158133],[-78.000329,41.15095],[-78.000988,41.147773],[-78.003569,41.144856],[-78.005941,41.143601],[-78.009105,41.143316],[-78.012021,41.145071],[-78.014476,41.151996],[-78.017348,41.153187],[-78.020159,41.152734],[-78.024602,41.150785],[-78.028594,41.150325],[-78.034969,41.15392],[-78.038171,41.153603],[-78.061007,41.174539],[-78.067226,41.18256],[-78.08771,41.20932],[-78.093381,41.216931],[-78.075666,41.242161],[-78.068478,41.252843],[-78.062425,41.260965],[-78.052182,41.275741],[-78.048922,41.280792],[-78.043541,41.28798],[-78.033606,41.301986],[-78.024618,41.314948],[-78.013264,41.331022],[-78.008238,41.338913],[-78.005474,41.342643],[-77.990391,41.364928],[-77.988786,41.367453],[-77.988587,41.371717],[-77.988462,41.388499],[-77.988601,41.396243],[-77.988661,41.421098],[-77.988959,41.457546],[-77.989194,41.474822],[-77.967407,41.475345],[-77.952137,41.475605],[-77.921679,41.475868],[-77.897419,41.475912],[-77.861292,41.476199],[-77.832494,41.476794],[-77.828289,41.476982],[-77.787808,41.477361],[-77.781503,41.477308],[-77.772327,41.477521],[-77.761424,41.477447],[-77.74971,41.477597],[-77.741845,41.477467],[-77.733664,41.477585],[-77.642434,41.478243],[-77.624708,41.478213],[-77.623616,41.478378],[-77.598129,41.478576],[-77.59764,41.452972],[-77.597282,41.441056],[-77.584671,41.441301],[-77.584106,41.439726],[-77.58054,41.435579],[-77.57574,41.421602],[-77.575209,41.420498],[-77.57093,41.415238],[-77.568687,41.413666],[-77.564435,41.412683],[-77.562385,41.4105],[-77.550449,41.395826],[-77.546919,41.389634],[-77.544672,41.386271],[-77.541899,41.381296],[-77.540008,41.368101],[-77.537438,41.364803],[-77.531346,41.361088],[-77.526537,41.358528],[-77.516145,41.355867],[-77.502155,41.354464],[-77.499193,41.353577],[-77.492476,41.349637],[-77.485567,41.345281],[-77.480148,41.340762],[-77.475987,41.338294],[-77.475042,41.337036],[-77.474533,41.334021],[-77.475029,41.326689],[-77.471862,41.314273],[-77.468245,41.310429],[-77.461103,41.306321],[-77.456424,41.304639],[-77.452906,41.300019],[-77.451236,41.295157],[-77.450054,41.293262],[-77.445158,41.287762],[-77.442091,41.286091],[-77.434252,41.28453],[-77.4294,41.28214],[-77.427696,41.279132],[-77.424945,41.273103],[-77.421446,41.271143],[-77.416125,41.270056],[-77.410667,41.266221],[-77.405545,41.260917],[-77.404407,41.25817],[-77.402877,41.257068],[-77.399043,41.253053],[-77.390824,41.247786],[-77.387244,41.24495],[-77.379178,41.239105],[-77.374947,41.236809],[-77.37035,41.233079],[-77.367541,41.232369],[-77.362729,41.23358],[-77.361098,41.2331],[-77.358047,41.230597],[-77.352749,41.230002],[-77.349627,41.228873],[-77.349397,41.224284],[-77.348555,41.223096],[-77.35133,41.220949],[-77.349765,41.219918],[-77.342481,41.220685],[-77.334303,41.220476],[-77.333244,41.219771],[-77.328503,41.219256],[-77.32576,41.219698],[-77.323411,41.218638],[-77.320891,41.218932],[-77.312953,41.212413],[-77.306364,41.208077],[-77.29901,41.200967],[-77.294635,41.198739],[-77.291378,41.19628],[-77.29058,41.1951],[-77.292172,41.193733],[-77.293651,41.191069],[-77.293059,41.186473],[-77.290797,41.184123],[-77.288306,41.18299],[-77.283285,41.182673],[-77.277411,41.180539],[-77.275589,41.179105],[-77.27245,41.175443],[-77.272018,41.172534],[-77.262231,41.162409],[-77.249691,41.150907],[-77.236104,41.13754],[-77.222752,41.125073],[-77.180521,41.084312],[-77.164278,41.068708],[-77.122955,41.069059],[-77.113839,41.069032],[-77.105083,41.072374],[-77.068236,41.085231],[-77.058088,41.085575],[-77.05877,41.038231],[-77.060996,41.037081],[-77.062007,41.03561],[-77.061382,41.033204],[-77.059791,41.030518],[-77.058754,41.025383],[-77.057352,41.024415],[-77.053755,41.025739],[-77.052635,41.025464],[-77.049013,41.026709],[-77.045983,41.026683],[-77.043733,41.028251],[-77.040593,41.028736],[-77.038231,41.028283],[-77.035352,41.028618],[-77.029109,41.028372],[-77.02132,41.02904],[-77.019089,41.028725],[-77.016165,41.030302],[-77.010633,41.029758],[-77.004642,41.028742],[-77.002215,41.029027],[-77.000161,41.028425],[-76.990025,41.026734],[-76.986422,41.026787],[-76.98027,41.026144],[-76.980234,41.02485],[-76.976982,41.021676],[-76.977795,41.019489],[-76.919459,41.020008],[-76.905412,41.019918],[-76.898784,41.019594],[-76.892088,41.018739],[-76.88738,41.019108],[-76.867382,41.019871],[-76.864544,41.019795],[-76.86743,41.007749],[-76.867584,40.998468],[-76.868554,40.994972],[-76.870113,40.991934],[-76.875587,40.984582],[-76.88024,40.975354],[-76.881875,40.973101],[-76.882249,40.968763],[-76.881082,40.967332],[-76.877397,40.960145],[-76.8773,40.954579],[-76.878741,40.956293],[-76.880949,40.955655],[-76.88475,40.957398],[-76.88593,40.958574],[-76.889982,40.954797],[-76.891324,40.956914],[-76.892019,40.959349],[-76.892575,40.965239],[-76.894573,40.966079],[-76.894369,40.963304],[-76.900988,40.962988],[-76.905669,40.962428],[-76.905896,40.964007],[-76.955322,40.953613],[-76.954716,40.946262],[-76.956217,40.94092],[-76.953183,40.934643],[-76.952565,40.923135],[-76.956365,40.900714],[-76.956209,40.88402],[-76.970009,40.880928],[-76.970916,40.878547],[-76.973163,40.877132],[-76.983581,40.875797],[-76.988469,40.875845],[-76.99366,40.875139],[-76.995077,40.874455],[-76.995357,40.87272],[-76.998204,40.87199],[-77.000016,40.872572],[-77.004828,40.872129],[-77.011309,40.868768],[-77.012848,40.865818],[-77.014989,40.863692],[-77.015473,40.860924],[-77.019873,40.857929],[-77.024901,40.857489],[-77.028884,40.861706],[-77.031864,40.864114],[-77.037223,40.864612],[-77.038472,40.86288],[-77.040931,40.862848],[-77.043255,40.863666],[-77.045267,40.866122],[-77.048437,40.866584],[-77.052027,40.869387],[-77.074058,40.868333],[-77.129574,40.853794],[-77.212368,40.837988],[-77.243636,40.832009],[-77.321639,40.817102],[-77.356628,40.807334]]]},"properties":{"district":"076","name":"State House District 76"}},{"type":"Feature","geometry":{"type":"Polygon","coordinates":[[[-75.128553,39.98248],[-75.130186,39.980388],[-75.130448,39.978589],[-75.131811,39.976804],[-75.135827,39.977409],[-75.135504,39.9789],[-75.14102,39.979617],[-75.141349,39.978121],[-75.14501,39.978597],[-75.143844,39.984683],[-75.145094,39.986747],[-75.144169,39.990966],[-75.146432,39.991258],[-75.146089,39.992848],[-75.142173,39.992343],[-75.141495,39.995422],[-75.14444,39.995799],[-75.144115,39.997295],[-75.146666,39.997678],[-75.146219,39.999668],[-75.147717,39.999974],[-75.153782,39.997718],[-75.149586,40.016932],[-75.149347,40.017957],[-75.143223,40.020796],[-75.141328,40.022091],[-75.140638,40.025262],[-75.137426,40.024843],[-75.137096,40.026336],[-75.133848,40.025912],[-75.133167,40.024299],[-75.127729,40.024845],[-75.112844,40.027025],[-75.111352,40.025446],[-75.111348,40.023567],[-75.110072,40.022214],[-75.112217,40.020056],[-75.114463,40.01994],[-75.119439,40.013026],[-75.125988,40.013862],[-75.125023,40.018435],[-75.134194,40.019619],[-75.137669,40.003645],[-75.134672,40.00477],[-75.131937,40.005156],[-75.133351,39.998537],[-75.12926,39.998539],[-75.130083,39.994731],[-75.129704,39.9939],[-75.130898,39.99089],[-75.125491,39.989836],[-75.130794,39.986928],[-75.129062,39.984951],[-75.128553,39.98248]]]},"properties":{"district":"197","name":"State House District 197"}},{"type":"Feature","geometry":{"type":"Polygon","coordinates":[[[-78.360619,40.733181],[-78.363216,40.733167],[-78.365163,40.735565],[-78.366391,40.736043],[-78.368857,40.740082],[-78.368994,40.741919],[-78.370554,40.743191],[-78.371897,40.746586],[-78.373112,40.747442],[-78.373017,40.749892],[-78.37664,40.751961],[-78.376031,40.754497],[-78.373423,40.757553],[-78.37135,40.757709],[-78.370685,40.759706],[-78.367868,40.760998],[-78.365256,40.764545],[-78.363204,40.764501],[-78.360632,40.765391],[-78.359133,40.767895],[-78.352252,40.768579],[-78.351718,40.77047],[-78.352241,40.772079],[-78.350147,40.776106],[-78.348685,40.777922],[-78.34582,40.7802],[-78.345905,40.781053],[-78.342578,40.781895],[-78.341875,40.787007],[-78.343109,40.788479],[-78.342579,40.790871],[-78.340249,40.791562],[-78.339255,40.794752],[-78.339468,40.797933],[-78.336466,40.799795],[-78.331661,40.801122],[-78.329566,40.803359],[-78.327317,40.80466],[-78.326926,40.805899],[-78.322724,40.806156],[-78.32047,40.808199],[-78.313751,40.808558],[-78.314021,40.810166],[-78.312212,40.811351],[-78.311632,40.813892],[-78.308008,40.81572],[-78.305625,40.820638],[-78.302233,40.821662],[-78.299383,40.82456],[-78.300282,40.827968],[-78.299522,40.829839],[-78.29997,40.831416],[-78.301983,40.833495],[-78.300947,40.835079],[-78.298797,40.835144],[-78.294437,40.837919],[-78.293844,40.840619],[-78.2906,40.84252],[-78.291316,40.846748],[-78.290761,40.848022],[-78.288441,40.849747],[-78.285542,40.849874],[-78.284237,40.851049],[-78.280054,40.850585],[-78.277729,40.850993],[-78.275196,40.849929],[-78.273827,40.848055],[-78.270424,40.846934],[-78.267933,40.847587],[-78.267169,40.850264],[-78.263953,40.851034],[-78.262594,40.853576],[-78.26057,40.854684],[-78.257349,40.855416],[-78.254763,40.853756],[-78.251598,40.854235],[-78.24922,40.855383],[-78.246908,40.858365],[-78.249049,40.861275],[-78.248196,40.862312],[-78.248603,40.864632],[-78.249779,40.865316],[-78.248975,40.869519],[-78.246288,40.872086],[-78.244111,40.8717],[-78.236109,40.873255],[-78.235895,40.8749],[-78.239725,40.876906],[-78.244378,40.876775],[-78.246475,40.875844],[-78.248846,40.876094],[-78.247234,40.877804],[-78.247761,40.879557],[-78.244987,40.880192],[-78.242987,40.881479],[-78.24045,40.881636],[-78.237498,40.880529],[-78.233063,40.88026],[-78.232938,40.878392],[-78.230038,40.880299],[-78.228277,40.882765],[-78.227937,40.886733],[-78.225794,40.88795],[-78.221222,40.888761],[-78.22061,40.889861],[-78.221333,40.892169],[-78.224345,40.894872],[-78.224701,40.896479],[-78.228836,40.901071],[-78.224295,40.906357],[-78.225942,40.9074],[-78.223681,40.909533],[-78.221728,40.909794],[-78.221712,40.911129],[-78.219813,40.912741],[-78.217405,40.91383],[-78.214804,40.913363],[-78.214837,40.914809],[-78.211819,40.915784],[-78.209414,40.917372],[-78.206818,40.916939],[-78.204933,40.915675],[-78.201637,40.915813],[-78.198275,40.91762],[-78.195985,40.919992],[-78.1915,40.920324],[-78.190435,40.918672],[-78.183548,40.92169],[-78.179875,40.923559],[-78.178122,40.926817],[-78.177941,40.929149],[-78.175005,40.931966],[-78.171481,40.932418],[-78.172285,40.935204],[-78.171279,40.936767],[-78.168526,40.936249],[-78.166461,40.936686],[-78.163326,40.939342],[-78.164555,40.940943],[-78.162454,40.942069],[-78.158124,40.94137],[-78.15581,40.941437],[-78.155638,40.942777],[-78.157786,40.946108],[-78.157993,40.948327],[-78.159412,40.950366],[-78.159369,40.954068],[-78.162724,40.954683],[-78.167655,40.951931],[-78.169254,40.953221],[-78.169635,40.955601],[-78.168797,40.957524],[-78.168977,40.959617],[-78.166917,40.961345],[-78.165125,40.961592],[-78.158507,40.960929],[-78.154787,40.959481],[-78.151604,40.957366],[-78.146853,40.956586],[-78.146548,40.954597],[-78.147724,40.950048],[-78.146607,40.948684],[-78.144284,40.948588],[-78.141059,40.949844],[-78.140735,40.952431],[-78.13952,40.953922],[-78.139648,40.957102],[-78.136447,40.961413],[-78.135878,40.962966],[-78.136351,40.966018],[-78.133693,40.967042],[-78.131969,40.965906],[-78.129964,40.961841],[-78.132475,40.958863],[-78.136376,40.956021],[-78.135356,40.953965],[-78.132302,40.953207],[-78.130621,40.951341],[-78.131301,40.949567],[-78.133558,40.948358],[-78.134063,40.947217],[-78.132607,40.945894],[-78.127034,40.945681],[-78.121786,40.947127],[-78.120742,40.945569],[-78.122442,40.943887],[-78.120269,40.94193],[-78.116587,40.942902],[-78.111334,40.945124],[-78.110226,40.947216],[-78.109978,40.949547],[-78.107594,40.950648],[-78.104214,40.949518],[-78.099263,40.951589],[-78.0949,40.950436],[-78.093031,40.951328],[-78.09211,40.952987],[-78.089568,40.954458],[-78.081506,40.955064],[-78.078105,40.956447],[-78.07774,40.958824],[-78.078504,40.960451],[-78.081192,40.96384],[-78.08338,40.965708],[-78.084049,40.967731],[-78.086162,40.969669],[-78.088147,40.970321],[-78.091287,40.969891],[-78.093746,40.97049],[-78.09671,40.973153],[-78.094791,40.974102],[-78.092457,40.97291],[-78.088879,40.975346],[-78.088674,40.976085],[-78.090641,40.979419],[-78.090522,40.980881],[-78.086477,40.980528],[-78.084428,40.980831],[-78.082089,40.984185],[-78.081835,40.985414],[-78.084702,40.990892],[-78.086863,40.992769],[-78.086105,40.994468],[-78.083802,40.994458],[-78.079955,40.993175],[-78.073608,40.993937],[-78.070045,40.996015],[-78.068115,40.997645],[-78.066675,40.997692],[-78.064446,40.995316],[-78.061639,40.995331],[-78.06185,40.9979],[-78.064449,40.999957],[-78.065138,41.003338],[-78.062773,41.004789],[-78.060411,41.004183],[-78.007156,40.958539],[-77.985906,40.940322],[-77.964089,40.923599],[-77.975454,40.915812],[-77.961626,40.900077],[-77.928986,40.895074],[-77.910616,40.883392],[-77.897714,40.875287],[-77.851722,40.838099],[-77.86978,40.825138],[-77.882975,40.815834],[-77.874231,40.80579],[-77.87607,40.804555],[-77.876865,40.801833],[-77.882004,40.799498],[-77.881944,40.8012],[-77.886301,40.79923],[-77.885701,40.797317],[-77.882877,40.796778],[-77.883374,40.79516],[-77.881429,40.792572],[-77.877953,40.789784],[-77.876315,40.79228],[-77.872496,40.796794],[-77.869443,40.794902],[-77.867496,40.792977],[-77.865201,40.791738],[-77.856942,40.797968],[-77.854495,40.796191],[-77.855097,40.794416],[-77.857362,40.791734],[-77.854105,40.790049],[-77.858227,40.7867],[-77.858461,40.785123],[-77.860335,40.784477],[-77.859324,40.782571],[-77.855053,40.782397],[-77.851268,40.778242],[-77.854965,40.776054],[-77.851887,40.773167],[-77.853828,40.772983],[-77.855235,40.771834],[-77.845442,40.759091],[-77.831415,40.741122],[-77.85922,40.730819],[-77.894282,40.716203],[-77.904641,40.710734],[-77.923136,40.701805],[-77.932604,40.696994],[-77.944122,40.691622],[-77.94425,40.691557],[-77.949001,40.692882],[-77.963017,40.696803],[-77.99334,40.705207],[-78.010739,40.710363],[-78.050456,40.721382],[-78.116208,40.739378],[-78.116521,40.739127],[-78.131834,40.743017],[-78.203628,40.740176],[-78.221735,40.739375],[-78.303466,40.735394],[-78.340008,40.733535],[-78.360619,40.733181]]]},"properties":{"district":"077","name":"State House District 77"}},{"type":"Feature","geometry":{"type":"Polygon","coordinates":[[[-75.146683,40.067547],[-75.135193,40.061031],[-75.129021,40.057091],[-75.118553,40.051132],[-75.120384,40.049307],[-75.127488,40.050217],[-75.128834,40.044086],[-75.125968,40.043728],[-75.126311,40.042203],[-75.123977,40.041893],[-75.123535,40.038719],[-75.12386,40.035562],[-75.130518,40.036437],[-75.133167,40.024299],[-75.133848,40.025912],[-75.137096,40.026336],[-75.137426,40.024843],[-75.140638,40.025262],[-75.141328,40.022091],[-75.143223,40.020796],[-75.149347,40.017957],[-75.149586,40.016932],[-75.151207,40.017114],[-75.153849,40.015891],[-75.155725,40.016382],[-75.158479,40.015754],[-75.161891,40.014042],[-75.16175,40.008967],[-75.166731,40.009601],[-75.169046,40.012763],[-75.170096,40.015723],[-75.178141,40.022595],[-75.177734,40.026169],[-75.174572,40.029244],[-75.172521,40.028047],[-75.170798,40.029724],[-75.167087,40.028509],[-75.165491,40.030242],[-75.161425,40.027764],[-75.160053,40.026023],[-75.159214,40.023192],[-75.157682,40.024274],[-75.146705,40.030127],[-75.14156,40.053599],[-75.150558,40.054705],[-75.150333,40.056256],[-75.14757,40.055973],[-75.147057,40.058326],[-75.149219,40.058432],[-75.148107,40.060903],[-75.146683,40.067547]]]},"properties":{"district":"198","name":"State House District 198"}},{"type":"Feature","geometry":{"type":"Polygon","coordinates":[[[-78.808387,39.722911],[-78.803854,39.730677],[-78.801871,39.73456],[-78.796851,39.741153],[-78.795736,39.744182],[-78.793067,39.747826],[-78.79145,39.751567],[-78.785055,39.763957],[-78.771541,39.789184],[-78.769241,39.791384],[-78.767041,39.795384],[-78.765441,39.799684],[-78.757241,39.823484],[-78.75774,39.838787],[-78.758238,39.86327],[-78.758013,39.866601],[-78.75844,39.875049],[-78.758552,39.882771],[-78.758923,39.891316],[-78.759325,39.906893],[-78.759199,39.910941],[-78.759714,39.935329],[-78.760241,39.953421],[-78.760986,39.986758],[-78.761165,40.000938],[-78.761384,40.003157],[-78.761617,40.014491],[-78.763037,40.014721],[-78.763017,40.036468],[-78.763206,40.057005],[-78.752016,40.074917],[-78.739847,40.069571],[-78.72285,40.107803],[-78.721151,40.111858],[-78.706306,40.144784],[-78.698671,40.16145],[-78.676956,40.211207],[-78.66141,40.231104],[-78.658305,40.243235],[-78.643816,40.25914],[-78.651743,40.281524],[-78.642707,40.283071],[-78.639311,40.296715],[-78.636404,40.305506],[-78.625221,40.314302],[-78.619477,40.325729],[-78.618889,40.326471],[-78.573071,40.308858],[-78.529696,40.29287],[-78.523709,40.291627],[-78.5057,40.287308],[-78.49394,40.278602],[-78.457272,40.25066],[-78.447895,40.244395],[-78.447106,40.245759],[-78.444753,40.252126],[-78.442794,40.259608],[-78.442178,40.271134],[-78.442462,40.276186],[-78.44049,40.28242],[-78.440165,40.28472],[-78.43611,40.295289],[-78.435075,40.300356],[-78.434288,40.302301],[-78.412471,40.292965],[-78.403644,40.288801],[-78.3931,40.284202],[-78.385692,40.281374],[-78.374735,40.276922],[-78.369462,40.274976],[-78.323922,40.25731],[-78.30671,40.248139],[-78.298563,40.245526],[-78.288764,40.242107],[-78.287904,40.24593],[-78.285375,40.252113],[-78.284006,40.25453],[-78.280341,40.258551],[-78.27406,40.266704],[-78.270803,40.272283],[-78.270963,40.273614],[-78.26765,40.277919],[-78.265907,40.281333],[-78.263724,40.28675],[-78.262477,40.288635],[-78.259854,40.294581],[-78.257305,40.297883],[-78.250103,40.272755],[-78.237401,40.226751],[-78.236302,40.224559],[-78.201998,40.2043],[-78.172087,40.187202],[-78.149259,40.174077],[-78.134718,40.165335],[-78.134242,40.164904],[-78.109932,40.150978],[-78.079528,40.133884],[-78.077247,40.133037],[-78.045945,40.126384],[-78.029525,40.122741],[-78.02314,40.121599],[-77.999473,40.11676],[-77.962783,40.10939],[-77.925905,40.101911],[-77.92556,40.103977],[-77.864489,40.061568],[-77.867991,40.060225],[-77.872369,40.057458],[-77.873773,40.055841],[-77.876655,40.054661],[-77.883327,40.048518],[-77.885896,40.044959],[-77.88813,40.040859],[-77.89019,40.039119],[-77.891029,40.037158],[-77.89357,40.03334],[-77.89495,40.032356],[-77.900909,40.026805],[-77.904785,40.022777],[-77.905632,40.018726],[-77.908065,40.015964],[-77.909309,40.0153],[-77.911827,40.01242],[-77.914329,40.010303],[-77.918602,40.004646],[-77.920952,40.00045],[-77.921089,39.996219],[-77.919792,39.992652],[-77.921508,39.988246],[-77.924865,39.984329],[-77.926589,39.97919],[-77.929985,39.974979],[-77.930297,39.973491],[-77.932411,39.972393],[-77.933845,39.965415],[-77.935027,39.962394],[-77.936553,39.961124],[-77.937362,39.956127],[-77.937973,39.950114],[-77.937789,39.948944],[-77.944045,39.940596],[-77.945915,39.936748],[-77.947273,39.93494],[-77.953171,39.931633],[-77.955511,39.928861],[-77.956188,39.927024],[-77.955588,39.924572],[-77.954386,39.923209],[-77.954616,39.920479],[-77.95616,39.917271],[-77.956543,39.914824],[-77.958853,39.911827],[-77.959222,39.909371],[-77.962692,39.901726],[-77.964743,39.899626],[-77.965119,39.894649],[-77.967018,39.892967],[-77.969009,39.88879],[-77.969024,39.887371],[-77.970413,39.885227],[-77.97258,39.878032],[-77.975135,39.871788],[-77.976493,39.87046],[-77.978057,39.866355],[-77.983833,39.856498],[-77.990753,39.845958],[-77.992775,39.843727],[-77.995437,39.838016],[-77.998062,39.833938],[-78,39.831882],[-78.0027,39.826599],[-78.008499,39.819801],[-78.014701,39.811698],[-78.019096,39.807098],[-78.022399,39.804901],[-78.028503,39.7999],[-78.0326,39.795299],[-78.036499,39.791999],[-78.0372,39.79],[-78.042999,39.783401],[-78.045196,39.7802],[-78.046402,39.7793],[-78.0494,39.775001],[-78.050903,39.7737],[-78.0531,39.770301],[-78.055198,39.768501],[-78.058097,39.7649],[-78.059501,39.763801],[-78.064498,39.757701],[-78.067199,39.752899],[-78.067901,39.749999],[-78.069297,39.748298],[-78.0839,39.7355],[-78.099403,39.722099],[-78.124999,39.722251],[-78.181503,39.7224],[-78.199203,39.7224],[-78.236999,39.722599],[-78.24337,39.722393],[-78.25,39.722698],[-78.269218,39.722499],[-78.273781,39.722595],[-78.314414,39.722862],[-78.344435,39.722468],[-78.345942,39.722003],[-78.353497,39.722583],[-78.370256,39.722557],[-78.386244,39.722716],[-78.408653,39.722793],[-78.438841,39.722479],[-78.445401,39.72283],[-78.496107,39.72287],[-78.537597,39.722472],[-78.545893,39.722842],[-78.576141,39.722559],[-78.591133,39.722595],[-78.62474,39.722946],[-78.706416,39.722884],[-78.723299,39.723029],[-78.764938,39.722919],[-78.808387,39.722911]]]},"properties":{"district":"078","name":"State House District 78"}},{"type":"Feature","geometry":{"type":"Polygon","coordinates":[[[-77.213454,40.122859],[-77.218922,40.137472],[-77.236978,40.166848],[-77.242584,40.185399],[-77.241977,40.185719],[-77.242482,40.190632],[-77.247488,40.188823],[-77.252735,40.185954],[-77.273171,40.176678],[-77.281485,40.17324],[-77.302197,40.164311],[-77.312148,40.162277],[-77.319997,40.159901],[-77.336772,40.153084],[-77.351315,40.147379],[-77.356994,40.144592],[-77.367827,40.138518],[-77.384848,40.129188],[-77.409705,40.114353],[-77.413562,40.11248],[-77.421692,40.10773],[-77.441189,40.095274],[-77.44729,40.091992],[-77.483997,40.124151],[-77.489531,40.119519],[-77.495833,40.116359],[-77.502961,40.113553],[-77.509196,40.111975],[-77.519918,40.108367],[-77.527859,40.106457],[-77.533097,40.101789],[-77.53572,40.100696],[-77.547174,40.098443],[-77.559728,40.100671],[-77.557914,40.103097],[-77.561016,40.108358],[-77.562621,40.114168],[-77.562871,40.119286],[-77.564466,40.119791],[-77.564638,40.121734],[-77.566497,40.122936],[-77.569044,40.126313],[-77.570267,40.126242],[-77.574671,40.127729],[-77.579542,40.131543],[-77.582596,40.13443],[-77.590348,40.133945],[-77.592952,40.135393],[-77.592239,40.139109],[-77.593277,40.141974],[-77.595974,40.143576],[-77.599331,40.147357],[-77.60147,40.147861],[-77.604175,40.151412],[-77.608261,40.152738],[-77.608943,40.153601],[-77.610432,40.158193],[-77.612918,40.161234],[-77.614303,40.166858],[-77.613642,40.170161],[-77.616385,40.17248],[-77.622493,40.181854],[-77.623052,40.183248],[-77.625022,40.18489],[-77.627552,40.188665],[-77.625032,40.18999],[-77.614665,40.198549],[-77.608887,40.19121],[-77.605448,40.185362],[-77.599704,40.188064],[-77.593549,40.19201],[-77.589954,40.196514],[-77.580439,40.203856],[-77.578341,40.206626],[-77.572562,40.209824],[-77.569127,40.212387],[-77.566278,40.213395],[-77.563725,40.21556],[-77.558085,40.218638],[-77.555823,40.21919],[-77.543189,40.219409],[-77.536868,40.219072],[-77.52896,40.222999],[-77.52675,40.225587],[-77.522117,40.22799],[-77.515502,40.230504],[-77.513309,40.232481],[-77.510109,40.234416],[-77.505356,40.236347],[-77.497315,40.240234],[-77.493054,40.243313],[-77.490264,40.24438],[-77.486766,40.246751],[-77.485315,40.247235],[-77.477333,40.252175],[-77.473596,40.254216],[-77.467809,40.25828],[-77.462876,40.262533],[-77.457825,40.266125],[-77.449808,40.271012],[-77.446191,40.273847],[-77.438503,40.278867],[-77.432441,40.282455],[-77.426595,40.28661],[-77.419492,40.290834],[-77.413778,40.293892],[-77.405066,40.29799],[-77.40208,40.299862],[-77.394445,40.303506],[-77.38953,40.305041],[-77.384596,40.307501],[-77.375693,40.310691],[-77.366018,40.313569],[-77.360082,40.314075],[-77.357635,40.312476],[-77.357785,40.310922],[-77.359873,40.306684],[-77.364762,40.302541],[-77.372927,40.298372],[-77.378835,40.294726],[-77.386967,40.290351],[-77.39569,40.284265],[-77.402893,40.280128],[-77.409304,40.274554],[-77.410561,40.272529],[-77.411044,40.269315],[-77.416761,40.266677],[-77.419795,40.26407],[-77.422935,40.259232],[-77.423177,40.25793],[-77.420845,40.255368],[-77.413859,40.255215],[-77.402457,40.256954],[-77.400124,40.257863],[-77.385114,40.262712],[-77.372068,40.268831],[-77.366099,40.272319],[-77.360718,40.274701],[-77.354299,40.279278],[-77.347875,40.282457],[-77.340647,40.286915],[-77.334844,40.289841],[-77.328561,40.292311],[-77.324119,40.292693],[-77.322769,40.292001],[-77.323924,40.288605],[-77.32608,40.286262],[-77.328034,40.283315],[-77.330696,40.280588],[-77.331504,40.277215],[-77.330491,40.275596],[-77.327118,40.273739],[-77.32179,40.270006],[-77.317288,40.26759],[-77.312235,40.26774],[-77.305505,40.269185],[-77.298581,40.271366],[-77.291576,40.272802],[-77.283664,40.275131],[-77.270057,40.278652],[-77.262132,40.279692],[-77.25134,40.281462],[-77.241691,40.282847],[-77.239163,40.284102],[-77.234177,40.283477],[-77.230902,40.283571],[-77.224378,40.28447],[-77.220743,40.284678],[-77.210802,40.285898],[-77.204496,40.28708],[-77.188185,40.28777],[-77.182795,40.287743],[-77.176742,40.288554],[-77.172307,40.288678],[-77.166019,40.289503],[-77.163907,40.289405],[-77.157825,40.290191],[-77.156323,40.290846],[-77.150397,40.291252],[-77.134849,40.294904],[-77.129612,40.294955],[-77.126881,40.296269],[-77.122644,40.296864],[-77.111869,40.297359],[-77.105438,40.298722],[-77.101744,40.298641],[-77.096365,40.300395],[-77.083942,40.30122],[-77.086793,40.294553],[-77.090959,40.287734],[-77.093603,40.281119],[-77.095729,40.279141],[-77.096042,40.277425],[-77.095273,40.273655],[-77.100902,40.262096],[-77.099672,40.257833],[-77.098848,40.253379],[-77.101835,40.25017],[-77.102856,40.247948],[-77.103728,40.244342],[-77.108113,40.232718],[-77.104907,40.230486],[-77.103263,40.226264],[-77.102539,40.221936],[-77.103653,40.220112],[-77.106032,40.218873],[-77.10429,40.194864],[-77.111086,40.194956],[-77.149982,40.198836],[-77.158585,40.19916],[-77.160614,40.196096],[-77.162695,40.194202],[-77.168075,40.191514],[-77.166183,40.187254],[-77.165568,40.180235],[-77.16464,40.177481],[-77.163994,40.172733],[-77.160684,40.166912],[-77.159517,40.153132],[-77.164412,40.151076],[-77.166652,40.148458],[-77.168813,40.147572],[-77.175347,40.14698],[-77.180691,40.145678],[-77.190733,40.144801],[-77.195797,40.143632],[-77.195579,40.137673],[-77.194932,40.13561],[-77.192005,40.130302],[-77.190973,40.124867],[-77.195218,40.124882],[-77.195187,40.123037],[-77.198342,40.123047],[-77.204787,40.123812],[-77.213454,40.122859]]]},"properties":{"district":"199","name":"State House District 199"}},{"type":"Feature","geometry":{"type":"Polygon","coordinates":[[[-78.551183,40.456654],[-78.549107,40.459285],[-78.548463,40.461854],[-78.544025,40.46595],[-78.541978,40.46974],[-78.540448,40.476387],[-78.542964,40.481008],[-78.544311,40.482791],[-78.544715,40.486682],[-78.541455,40.49707],[-78.540645,40.500565],[-78.539819,40.506293],[-78.530384,40.519144],[-78.522663,40.523258],[-78.518211,40.528802],[-78.511851,40.531439],[-78.497561,40.539163],[-78.493917,40.540398],[-78.486124,40.540838],[-78.479051,40.547307],[-78.476618,40.550674],[-78.45385,40.581249],[-78.452002,40.586116],[-78.449344,40.590298],[-78.447783,40.591659],[-78.420316,40.580446],[-78.403634,40.57384],[-78.376816,40.563069],[-78.349677,40.552229],[-78.346269,40.552138],[-78.325391,40.552277],[-78.305623,40.552933],[-78.306592,40.550418],[-78.308746,40.540324],[-78.311069,40.536797],[-78.314273,40.533084],[-78.320119,40.528275],[-78.322038,40.527529],[-78.325058,40.52523],[-78.336095,40.521665],[-78.347398,40.511898],[-78.351528,40.508122],[-78.354738,40.503672],[-78.357496,40.499121],[-78.359112,40.494571],[-78.35954,40.491262],[-78.359187,40.489243],[-78.357769,40.487295],[-78.354435,40.485571],[-78.368235,40.474471],[-78.389302,40.45611],[-78.397015,40.445652],[-78.39912,40.444558],[-78.402128,40.444461],[-78.402223,40.440571],[-78.409123,40.437611],[-78.420841,40.429054],[-78.422112,40.433735],[-78.429206,40.429653],[-78.432421,40.429321],[-78.433985,40.431152],[-78.434924,40.428268],[-78.436615,40.427756],[-78.439376,40.425297],[-78.439742,40.423693],[-78.439026,40.420435],[-78.436216,40.420192],[-78.437422,40.418198],[-78.455676,40.405762],[-78.464284,40.415452],[-78.481404,40.423312],[-78.501491,40.432662],[-78.523758,40.443315],[-78.525071,40.443856],[-78.526849,40.446159],[-78.538346,40.452232],[-78.543651,40.45342],[-78.551183,40.456654]]]},"properties":{"district":"079","name":"State House District 79"}},{"type":"Feature","geometry":{"type":"Polygon","coordinates":[[[-78.447783,40.591659],[-78.441208,40.597239],[-78.446323,40.624164],[-78.441864,40.629869],[-78.440977,40.631784],[-78.440901,40.635281],[-78.440163,40.638158],[-78.442091,40.641357],[-78.43966,40.644806],[-78.436933,40.646661],[-78.432457,40.647756],[-78.428919,40.646768],[-78.423507,40.647486],[-78.42002,40.646909],[-78.417124,40.64535],[-78.412944,40.644521],[-78.408504,40.644333],[-78.384609,40.675945],[-78.348668,40.723443],[-78.351201,40.725353],[-78.360619,40.733181],[-78.340008,40.733535],[-78.303466,40.735394],[-78.221735,40.739375],[-78.203628,40.740176],[-78.131834,40.743017],[-78.116521,40.739127],[-78.116208,40.739378],[-78.050456,40.721382],[-78.010739,40.710363],[-77.99334,40.705207],[-77.963017,40.696803],[-77.949001,40.692882],[-77.94425,40.691557],[-77.944122,40.691622],[-77.944235,40.691546],[-77.944459,40.691458],[-77.944975,40.691206],[-77.946596,40.690504],[-77.96386,40.684511],[-77.975731,40.681144],[-77.982402,40.678968],[-77.990334,40.677442],[-77.999924,40.674671],[-78.003862,40.673229],[-78.009226,40.670609],[-78.015527,40.668095],[-78.021691,40.666034],[-78.029627,40.66296],[-78.0309,40.662172],[-78.040934,40.65884],[-78.047663,40.655399],[-78.050912,40.654329],[-78.058513,40.65012],[-78.068036,40.644135],[-78.085063,40.63195],[-78.095403,40.623323],[-78.097485,40.621915],[-78.110706,40.629346],[-78.132611,40.642174],[-78.159933,40.644122],[-78.175949,40.628083],[-78.173427,40.628265],[-78.172306,40.626942],[-78.171784,40.624225],[-78.169732,40.621025],[-78.166371,40.617948],[-78.169732,40.613425],[-78.171675,40.612257],[-78.184212,40.595295],[-78.182891,40.595321],[-78.179295,40.592725],[-78.177886,40.587895],[-78.17828,40.583786],[-78.183557,40.576503],[-78.18596,40.573743],[-78.188007,40.570218],[-78.197083,40.558444],[-78.193526,40.555398],[-78.193103,40.554256],[-78.189145,40.551243],[-78.187756,40.548566],[-78.186565,40.547704],[-78.18682,40.545613],[-78.185595,40.543703],[-78.183104,40.542676],[-78.178307,40.537649],[-78.178501,40.536337],[-78.176818,40.534471],[-78.174329,40.534943],[-78.171747,40.534415],[-78.166433,40.531423],[-78.163553,40.536106],[-78.161718,40.537226],[-78.158091,40.537764],[-78.156299,40.540053],[-78.154404,40.540837],[-78.151479,40.540711],[-78.149955,40.541366],[-78.149016,40.543159],[-78.149884,40.546045],[-78.14703,40.547165],[-78.14514,40.549077],[-78.145135,40.553874],[-78.140989,40.557027],[-78.138377,40.562544],[-78.137659,40.565568],[-78.136162,40.569171],[-78.132991,40.57039],[-78.128638,40.567953],[-78.132422,40.56449],[-78.132745,40.561616],[-78.136224,40.556233],[-78.139364,40.550595],[-78.139947,40.546187],[-78.142346,40.541685],[-78.143913,40.539754],[-78.147328,40.533251],[-78.14924,40.525307],[-78.149797,40.518084],[-78.150318,40.514958],[-78.150476,40.510302],[-78.152235,40.50528],[-78.152614,40.50172],[-78.153626,40.496947],[-78.1539,40.492165],[-78.153373,40.488558],[-78.150883,40.486834],[-78.148898,40.487629],[-78.135633,40.498214],[-78.133911,40.498321],[-78.131741,40.496822],[-78.131215,40.494575],[-78.130012,40.492945],[-78.129448,40.489165],[-78.129498,40.485721],[-78.130081,40.48199],[-78.131323,40.479939],[-78.134233,40.473242],[-78.137593,40.467919],[-78.138574,40.465593],[-78.140787,40.462392],[-78.141639,40.46034],[-78.143065,40.458999],[-78.149426,40.448107],[-78.151879,40.444972],[-78.155447,40.438543],[-78.15722,40.43597],[-78.15941,40.433793],[-78.162955,40.428703],[-78.168615,40.421421],[-78.171104,40.417584],[-78.17382,40.414304],[-78.177947,40.408643],[-78.181932,40.404747],[-78.186282,40.399877],[-78.189099,40.395646],[-78.191454,40.391082],[-78.20546,40.372705],[-78.207103,40.369202],[-78.209045,40.367078],[-78.210929,40.362985],[-78.212035,40.359466],[-78.216408,40.353619],[-78.223421,40.347421],[-78.224578,40.346652],[-78.230924,40.339842],[-78.235694,40.333849],[-78.238124,40.330311],[-78.245022,40.319239],[-78.250091,40.312291],[-78.25217,40.307615],[-78.25446,40.303642],[-78.255436,40.300925],[-78.257305,40.297883],[-78.259854,40.294581],[-78.262477,40.288635],[-78.263724,40.28675],[-78.265907,40.281333],[-78.26765,40.277919],[-78.270963,40.273614],[-78.270803,40.272283],[-78.27406,40.266704],[-78.280341,40.258551],[-78.284006,40.25453],[-78.285375,40.252113],[-78.287904,40.24593],[-78.288764,40.242107],[-78.298563,40.245526],[-78.30671,40.248139],[-78.323922,40.25731],[-78.369462,40.274976],[-78.374735,40.276922],[-78.385692,40.281374],[-78.3931,40.284202],[-78.403644,40.288801],[-78.412471,40.292965],[-78.434288,40.302301],[-78.435075,40.300356],[-78.43611,40.295289],[-78.440165,40.28472],[-78.44049,40.28242],[-78.442462,40.276186],[-78.442178,40.271134],[-78.442794,40.259608],[-78.444753,40.252126],[-78.447106,40.245759],[-78.447895,40.244395],[-78.457272,40.25066],[-78.49394,40.278602],[-78.5057,40.287308],[-78.523709,40.291627],[-78.529696,40.29287],[-78.573071,40.308858],[-78.618889,40.326471],[-78.615941,40.330131],[-78.608878,40.34349],[-78.602855,40.351702],[-78.602236,40.353629],[-78.561466,40.36967],[-78.560954,40.375031],[-78.552889,40.434783],[-78.557721,40.441563],[-78.551183,40.456654],[-78.543651,40.45342],[-78.538346,40.452232],[-78.526849,40.446159],[-78.525071,40.443856],[-78.523758,40.443315],[-78.501491,40.432662],[-78.481404,40.423312],[-78.464284,40.415452],[-78.455676,40.405762],[-78.437422,40.418198],[-78.436216,40.420192],[-78.439026,40.420435],[-78.439742,40.423693],[-78.439376,40.425297],[-78.436615,40.427756],[-78.434924,40.428268],[-78.433985,40.431152],[-78.432421,40.429321],[-78.429206,40.429653],[-78.422112,40.433735],[-78.420841,40.429054],[-78.409123,40.437611],[-78.402223,40.440571],[-78.402128,40.444461],[-78.39912,40.444558],[-78.397015,40.445652],[-78.389302,40.45611],[-78.368235,40.474471],[-78.354435,40.485571],[-78.357769,40.487295],[-78.359187,40.489243],[-78.35954,40.491262],[-78.359112,40.494571],[-78.357496,40.499121],[-78.354738,40.503672],[-78.351528,40.508122],[-78.347398,40.511898],[-78.336095,40.521665],[-78.325058,40.52523],[-78.322038,40.527529],[-78.320119,40.528275],[-78.314273,40.533084],[-78.311069,40.536797],[-78.308746,40.540324],[-78.306592,40.550418],[-78.305623,40.552933],[-78.325391,40.552277],[-78.346269,40.552138],[-78.349677,40.552229],[-78.376816,40.563069],[-78.403634,40.57384],[-78.420316,40.580446],[-78.447783,40.591659]]]},"properties":{"district":"080","name":"State House District 80"}},{"type":"Feature","geometry":{"type":"Polygon","coordinates":[[[-77.698955,40.720704],[-77.683848,40.72872],[-77.681334,40.729758],[-77.676611,40.716452],[-77.682476,40.713259],[-77.686926,40.711738],[-77.70117,40.704982],[-77.699239,40.698065],[-77.700629,40.696641],[-77.700474,40.694852],[-77.703066,40.69268],[-77.707837,40.691451],[-77.708356,40.690488],[-77.703787,40.679936],[-77.699629,40.681097],[-77.694451,40.682025],[-77.689778,40.683754],[-77.685346,40.684904],[-77.682275,40.685122],[-77.682708,40.682717],[-77.68708,40.67675],[-77.690614,40.675036],[-77.698644,40.669677],[-77.710846,40.662003],[-77.715353,40.659926],[-77.720737,40.657968],[-77.720434,40.654575],[-77.728193,40.648573],[-77.731454,40.646519],[-77.735142,40.644741],[-77.743681,40.638599],[-77.75162,40.6323],[-77.758907,40.629589],[-77.77248,40.625932],[-77.777057,40.621677],[-77.779853,40.619655],[-77.787931,40.611856],[-77.792116,40.608392],[-77.795922,40.604451],[-77.799127,40.602283],[-77.801329,40.599569],[-77.809675,40.59089],[-77.811561,40.589182],[-77.814911,40.58508],[-77.81944,40.580084],[-77.8216,40.578931],[-77.822157,40.576973],[-77.823758,40.575482],[-77.830114,40.566902],[-77.832545,40.562534],[-77.841827,40.550035],[-77.816513,40.500074],[-77.821763,40.495699],[-77.828245,40.491558],[-77.832329,40.487013],[-77.835874,40.484232],[-77.844137,40.473447],[-77.848675,40.468897],[-77.855255,40.461089],[-77.859146,40.457675],[-77.860918,40.455171],[-77.864839,40.451184],[-77.870182,40.445244],[-77.874719,40.441529],[-77.87587,40.439999],[-77.880034,40.436506],[-77.885411,40.430822],[-77.888746,40.42866],[-77.890893,40.426204],[-77.892904,40.422559],[-77.896369,40.417778],[-77.905776,40.414386],[-77.90805,40.414018],[-77.912416,40.408176],[-77.9126,40.404754],[-77.913929,40.400115],[-77.913844,40.398679],[-77.889116,40.398965],[-77.889107,40.392185],[-77.887717,40.391358],[-77.877701,40.39355],[-77.873095,40.393216],[-77.870289,40.392261],[-77.87003,40.39018],[-77.872533,40.38557],[-77.872558,40.381196],[-77.867582,40.374078],[-77.865195,40.37153],[-77.861203,40.369842],[-77.859329,40.36676],[-77.856914,40.365228],[-77.852906,40.36479],[-77.850048,40.365751],[-77.845221,40.368766],[-77.838343,40.36903],[-77.83378,40.366891],[-77.829837,40.363895],[-77.823729,40.361438],[-77.818636,40.360542],[-77.814698,40.362489],[-77.810402,40.368075],[-77.810393,40.368591],[-77.76174,40.36873],[-77.756631,40.373809],[-77.756359,40.374592],[-77.75212,40.378545],[-77.733119,40.334914],[-77.728033,40.323009],[-77.72287,40.310085],[-77.713042,40.287442],[-77.707393,40.273996],[-77.705668,40.271312],[-77.702857,40.263654],[-77.698954,40.265775],[-77.685163,40.276304],[-77.680159,40.280623],[-77.67586,40.284699],[-77.67181,40.289885],[-77.664195,40.280479],[-77.664275,40.278227],[-77.659871,40.274805],[-77.656416,40.270393],[-77.661279,40.266628],[-77.668976,40.260058],[-77.671155,40.257569],[-77.669271,40.255032],[-77.667711,40.252001],[-77.665494,40.252049],[-77.66365,40.253312],[-77.660869,40.254013],[-77.653447,40.257407],[-77.649502,40.257551],[-77.645698,40.256031],[-77.645023,40.253932],[-77.648474,40.249152],[-77.64999,40.247957],[-77.645402,40.238928],[-77.647419,40.234743],[-77.648878,40.233319],[-77.650158,40.228713],[-77.649951,40.226283],[-77.647642,40.222477],[-77.643394,40.223165],[-77.642831,40.21814],[-77.639893,40.217678],[-77.624711,40.227492],[-77.621201,40.229295],[-77.616167,40.232616],[-77.612967,40.233236],[-77.609171,40.232753],[-77.606612,40.229719],[-77.603952,40.229031],[-77.60277,40.227488],[-77.604888,40.224922],[-77.604768,40.206033],[-77.607416,40.20349],[-77.614665,40.198549],[-77.625032,40.18999],[-77.627552,40.188665],[-77.625022,40.18489],[-77.623052,40.183248],[-77.622493,40.181854],[-77.616385,40.17248],[-77.613642,40.170161],[-77.614303,40.166858],[-77.612918,40.161234],[-77.610432,40.158193],[-77.608943,40.153601],[-77.608261,40.152738],[-77.604175,40.151412],[-77.60147,40.147861],[-77.599331,40.147357],[-77.595974,40.143576],[-77.593277,40.141974],[-77.592239,40.139109],[-77.592952,40.135393],[-77.590348,40.133945],[-77.582596,40.13443],[-77.579542,40.131543],[-77.574671,40.127729],[-77.570267,40.126242],[-77.569044,40.126313],[-77.566497,40.122936],[-77.564638,40.121734],[-77.564466,40.119791],[-77.562871,40.119286],[-77.562621,40.114168],[-77.561016,40.108358],[-77.557914,40.103097],[-77.559728,40.100671],[-77.561588,40.098335],[-77.560417,40.094256],[-77.557114,40.094535],[-77.553883,40.095883],[-77.550847,40.093215],[-77.550361,40.091173],[-77.548097,40.09013],[-77.545141,40.09049],[-77.543176,40.08979],[-77.543084,40.087195],[-77.546688,40.08593],[-77.542551,40.083907],[-77.543666,40.082243],[-77.541627,40.081182],[-77.541003,40.079685],[-77.545635,40.078429],[-77.545039,40.077601],[-77.54151,40.077501],[-77.540285,40.076765],[-77.53993,40.073937],[-77.541965,40.069875],[-77.534889,40.070272],[-77.532251,40.067125],[-77.533296,40.06603],[-77.532962,40.063124],[-77.531727,40.060063],[-77.530495,40.059232],[-77.531267,40.054205],[-77.532481,40.048749],[-77.527805,40.047292],[-77.526271,40.04568],[-77.521992,40.046582],[-77.518514,40.045625],[-77.517107,40.044359],[-77.519147,40.042445],[-77.519756,40.040468],[-77.518703,40.0382],[-77.516707,40.03673],[-77.514893,40.034378],[-77.512472,40.033768],[-77.509553,40.031148],[-77.507632,40.028386],[-77.509208,40.024934],[-77.504922,40.01878],[-77.500114,40.013446],[-77.499604,40.010248],[-77.495403,40.005145],[-77.49286,40.003807],[-77.49166,40.002468],[-77.489232,40.001333],[-77.487595,39.999041],[-77.484331,39.995584],[-77.478956,39.991755],[-77.474392,39.991937],[-77.470972,39.986845],[-77.467889,39.98577],[-77.465783,39.984436],[-77.461769,39.977695],[-77.459661,39.975477],[-77.454109,39.972432],[-77.470967,39.944274],[-77.490121,39.955606],[-77.494029,39.957184],[-77.496608,39.959755],[-77.498397,39.960532],[-77.500923,39.963352],[-77.502405,39.966009],[-77.503866,39.967432],[-77.508432,39.968477],[-77.51055,39.969598],[-77.514167,39.9695],[-77.5161,39.970302],[-77.518196,39.972246],[-77.520115,39.972927],[-77.522033,39.974663],[-77.523767,39.974724],[-77.525921,39.975888],[-77.529801,39.979907],[-77.53304,39.981747],[-77.538013,39.981616],[-77.539566,39.982737],[-77.585818,40.009997],[-77.619307,40.03492],[-77.626966,40.027577],[-77.686963,39.970533],[-77.687935,39.969331],[-77.70347,39.977141],[-77.718456,39.984815],[-77.787935,40.016213],[-77.790184,40.014909],[-77.798563,40.007744],[-77.801485,40.005908],[-77.804712,40.002505],[-77.806894,39.999526],[-77.811177,39.996128],[-77.813023,39.993498],[-77.813557,39.991596],[-77.819015,39.985499],[-77.821989,39.983147],[-77.777855,39.966103],[-77.775189,39.965145],[-77.769492,39.963998],[-77.764985,39.963854],[-77.761058,39.962794],[-77.754596,39.959819],[-77.753072,39.95771],[-77.746832,39.95254],[-77.743543,39.95276],[-77.739447,39.950589],[-77.741594,39.948377],[-77.739301,39.946143],[-77.739499,39.943657],[-77.732426,39.937381],[-77.733995,39.936128],[-77.73505,39.933888],[-77.734539,39.932819],[-77.738106,39.928846],[-77.736605,39.924068],[-77.738726,39.920048],[-77.740725,39.920077],[-77.74284,39.919137],[-77.742855,39.916597],[-77.740415,39.911827],[-77.740815,39.908568],[-77.743507,39.905077],[-77.745192,39.905043],[-77.746509,39.901403],[-77.74473,39.897032],[-77.742029,39.895551],[-77.741697,39.89292],[-77.739792,39.889462],[-77.741013,39.885146],[-77.742124,39.883828],[-77.743699,39.880276],[-77.746215,39.879666],[-77.748477,39.877897],[-77.749803,39.874542],[-77.753472,39.873632],[-77.756594,39.870253],[-77.755625,39.858175],[-77.749306,39.856124],[-77.748987,39.850344],[-77.750536,39.848388],[-77.753253,39.848211],[-77.754932,39.849771],[-77.757274,39.850674],[-77.759589,39.849902],[-77.764166,39.850975],[-77.769403,39.849959],[-77.774252,39.84823],[-77.778799,39.848437],[-77.779401,39.847803],[-77.783973,39.848014],[-77.789283,39.846918],[-77.794974,39.8474],[-77.798934,39.846698],[-77.800568,39.847355],[-77.814853,39.865673],[-77.840644,39.890985],[-77.853836,39.903365],[-77.861953,39.917275],[-77.872646,39.930519],[-77.884534,39.945421],[-77.886056,39.946323],[-77.91486,39.943715],[-77.922899,39.941237],[-77.944045,39.940596],[-77.937789,39.948944],[-77.937973,39.950114],[-77.937362,39.956127],[-77.936553,39.961124],[-77.935027,39.962394],[-77.933845,39.965415],[-77.932411,39.972393],[-77.930297,39.973491],[-77.929985,39.974979],[-77.926589,39.97919],[-77.924865,39.984329],[-77.921508,39.988246],[-77.919792,39.992652],[-77.921089,39.996219],[-77.920952,40.00045],[-77.918602,40.004646],[-77.914329,40.010303],[-77.911827,40.01242],[-77.909309,40.0153],[-77.908065,40.015964],[-77.905632,40.018726],[-77.904785,40.022777],[-77.900909,40.026805],[-77.89495,40.032356],[-77.89357,40.03334],[-77.891029,40.037158],[-77.89019,40.039119],[-77.88813,40.040859],[-77.885896,40.044959],[-77.883327,40.048518],[-77.876655,40.054661],[-77.873773,40.055841],[-77.872369,40.057458],[-77.867991,40.060225],[-77.864489,40.061568],[-77.92556,40.103977],[-77.925905,40.101911],[-77.962783,40.10939],[-77.999473,40.11676],[-78.02314,40.121599],[-78.029525,40.122741],[-78.045945,40.126384],[-78.077247,40.133037],[-78.079528,40.133884],[-78.109932,40.150978],[-78.134242,40.164904],[-78.134718,40.165335],[-78.149259,40.174077],[-78.172087,40.187202],[-78.201998,40.2043],[-78.236302,40.224559],[-78.237401,40.226751],[-78.250103,40.272755],[-78.257305,40.297883],[-78.255436,40.300925],[-78.25446,40.303642],[-78.25217,40.307615],[-78.250091,40.312291],[-78.245022,40.319239],[-78.238124,40.330311],[-78.235694,40.333849],[-78.230924,40.339842],[-78.224578,40.346652],[-78.223421,40.347421],[-78.216408,40.353619],[-78.212035,40.359466],[-78.210929,40.362985],[-78.209045,40.367078],[-78.207103,40.369202],[-78.20546,40.372705],[-78.191454,40.391082],[-78.189099,40.395646],[-78.186282,40.399877],[-78.181932,40.404747],[-78.177947,40.408643],[-78.17382,40.414304],[-78.171104,40.417584],[-78.168615,40.421421],[-78.162955,40.428703],[-78.15941,40.433793],[-78.15722,40.43597],[-78.155447,40.438543],[-78.151879,40.444972],[-78.149426,40.448107],[-78.143065,40.458999],[-78.141639,40.46034],[-78.140787,40.462392],[-78.138574,40.465593],[-78.137593,40.467919],[-78.134233,40.473242],[-78.131323,40.479939],[-78.130081,40.48199],[-78.129498,40.485721],[-78.129448,40.489165],[-78.130012,40.492945],[-78.131215,40.494575],[-78.131741,40.496822],[-78.133911,40.498321],[-78.135633,40.498214],[-78.148898,40.487629],[-78.150883,40.486834],[-78.153373,40.488558],[-78.1539,40.492165],[-78.153626,40.496947],[-78.152614,40.50172],[-78.152235,40.50528],[-78.150476,40.510302],[-78.150318,40.514958],[-78.149797,40.518084],[-78.14924,40.525307],[-78.147328,40.533251],[-78.143913,40.539754],[-78.142346,40.541685],[-78.139947,40.546187],[-78.139364,40.550595],[-78.136224,40.556233],[-78.132745,40.561616],[-78.132422,40.56449],[-78.128638,40.567953],[-78.132991,40.57039],[-78.136162,40.569171],[-78.137659,40.565568],[-78.138377,40.562544],[-78.140989,40.557027],[-78.145135,40.553874],[-78.14514,40.549077],[-78.14703,40.547165],[-78.149884,40.546045],[-78.149016,40.543159],[-78.149955,40.541366],[-78.151479,40.540711],[-78.154404,40.540837],[-78.156299,40.540053],[-78.158091,40.537764],[-78.161718,40.537226],[-78.163553,40.536106],[-78.166433,40.531423],[-78.171747,40.534415],[-78.174329,40.534943],[-78.176818,40.534471],[-78.178501,40.536337],[-78.178307,40.537649],[-78.183104,40.542676],[-78.185595,40.543703],[-78.18682,40.545613],[-78.186565,40.547704],[-78.187756,40.548566],[-78.189145,40.551243],[-78.193103,40.554256],[-78.193526,40.555398],[-78.197083,40.558444],[-78.188007,40.570218],[-78.18596,40.573743],[-78.183557,40.576503],[-78.17828,40.583786],[-78.177886,40.587895],[-78.179295,40.592725],[-78.182891,40.595321],[-78.184212,40.595295],[-78.171675,40.612257],[-78.169732,40.613425],[-78.166371,40.617948],[-78.169732,40.621025],[-78.171784,40.624225],[-78.172306,40.626942],[-78.173427,40.628265],[-78.175949,40.628083],[-78.159933,40.644122],[-78.132611,40.642174],[-78.110706,40.629346],[-78.097485,40.621915],[-78.095403,40.623323],[-78.085063,40.63195],[-78.068036,40.644135],[-78.058513,40.65012],[-78.050912,40.654329],[-78.047663,40.655399],[-78.040934,40.65884],[-78.0309,40.662172],[-78.029627,40.66296],[-78.021691,40.666034],[-78.015527,40.668095],[-78.009226,40.670609],[-78.003862,40.673229],[-77.999924,40.674671],[-77.990334,40.677442],[-77.982402,40.678968],[-77.975731,40.681144],[-77.96386,40.684511],[-77.946596,40.690504],[-77.944975,40.691206],[-77.944459,40.691458],[-77.944235,40.691546],[-77.944122,40.691622],[-77.932604,40.696994],[-77.923136,40.701805],[-77.904641,40.710734],[-77.894282,40.716203],[-77.85922,40.730819],[-77.831415,40.741122],[-77.824903,40.743534],[-77.768549,40.719466],[-77.718677,40.727372],[-77.710548,40.714564],[-77.698955,40.720704]]]},"properties":{"district":"081","name":"State House District 81"}},{"type":"Feature","geometry":{"type":"Polygon","coordinates":[[[-77.559094,41.021818],[-77.5623,41.020321],[-77.568663,41.013897],[-77.569655,41.011173],[-77.573628,41.008366],[-77.577293,41.007698],[-77.580269,41.005504],[-77.583946,41.002166],[-77.591144,40.997458],[-77.59494,40.995352],[-77.600259,40.993969],[-77.603297,40.992479],[-77.604202,40.99069],[-77.608812,40.984141],[-77.617692,40.976386],[-77.621232,40.975016],[-77.624666,40.971785],[-77.626911,40.970933],[-77.63019,40.968863],[-77.633445,40.966037],[-77.63679,40.964678],[-77.637575,40.963213],[-77.641114,40.962468],[-77.648593,40.958911],[-77.652736,40.956594],[-77.65684,40.955572],[-77.662562,40.952589],[-77.670263,40.950405],[-77.69182,40.939056],[-77.710547,40.928954],[-77.73019,40.949828],[-77.733848,40.947464],[-77.74623,40.941652],[-77.749616,40.942314],[-77.763655,40.935859],[-77.796782,40.925925],[-77.805301,40.921176],[-77.812716,40.918995],[-77.793302,40.902528],[-77.77801,40.88936],[-77.765093,40.877416],[-77.764706,40.87774],[-77.759613,40.873363],[-77.755608,40.868131],[-77.75767,40.867278],[-77.756884,40.864581],[-77.753929,40.865957],[-77.729115,40.833807],[-77.738631,40.829027],[-77.751413,40.823248],[-77.725749,40.784757],[-77.71906,40.771021],[-77.710632,40.749328],[-77.70814,40.748589],[-77.708743,40.74446],[-77.704648,40.741419],[-77.703468,40.738978],[-77.703157,40.730068],[-77.69987,40.721602],[-77.698955,40.720704],[-77.710548,40.714564],[-77.718677,40.727372],[-77.768549,40.719466],[-77.824903,40.743534],[-77.831415,40.741122],[-77.845442,40.759091],[-77.855235,40.771834],[-77.853828,40.772983],[-77.851887,40.773167],[-77.854965,40.776054],[-77.851268,40.778242],[-77.855053,40.782397],[-77.859324,40.782571],[-77.860335,40.784477],[-77.858461,40.785123],[-77.858227,40.7867],[-77.854105,40.790049],[-77.857362,40.791734],[-77.855097,40.794416],[-77.854495,40.796191],[-77.856942,40.797968],[-77.865201,40.791738],[-77.867496,40.792977],[-77.869443,40.794902],[-77.872496,40.796794],[-77.876315,40.79228],[-77.877953,40.789784],[-77.881429,40.792572],[-77.883374,40.79516],[-77.882877,40.796778],[-77.885701,40.797317],[-77.886301,40.79923],[-77.881944,40.8012],[-77.882004,40.799498],[-77.876865,40.801833],[-77.87607,40.804555],[-77.874231,40.80579],[-77.882975,40.815834],[-77.86978,40.825138],[-77.851722,40.838099],[-77.897714,40.875287],[-77.910616,40.883392],[-77.928986,40.895074],[-77.961626,40.900077],[-77.975454,40.915812],[-77.964089,40.923599],[-77.985906,40.940322],[-78.007156,40.958539],[-78.060411,41.004183],[-78.058271,41.003655],[-78.056163,41.004256],[-78.05558,41.005537],[-78.055956,41.008273],[-78.06012,41.012213],[-78.062002,41.013271],[-78.066748,41.012773],[-78.069136,41.013242],[-78.069831,41.014694],[-78.069195,41.017229],[-78.067889,41.019484],[-78.070035,41.020447],[-78.072127,41.020336],[-78.075599,41.022185],[-78.074862,41.02355],[-78.071048,41.024421],[-78.071255,41.026582],[-78.073308,41.02705],[-78.077308,41.026601],[-78.079903,41.02948],[-78.079319,41.033184],[-78.076163,41.034479],[-78.073941,41.034069],[-78.071529,41.032789],[-78.069269,41.032721],[-78.067491,41.034734],[-78.06562,41.03578],[-78.061457,41.035963],[-78.058248,41.036708],[-78.057149,41.037533],[-78.057258,41.039351],[-78.059458,41.041398],[-78.063174,41.043976],[-78.06408,41.045913],[-78.059385,41.050834],[-78.059898,41.052203],[-78.062363,41.05323],[-78.065657,41.051741],[-78.068203,41.049959],[-78.071396,41.049918],[-78.072849,41.051922],[-78.073176,41.056488],[-78.074199,41.058649],[-78.07556,41.059657],[-78.077918,41.059747],[-78.084618,41.057392],[-78.088104,41.057144],[-78.089757,41.057556],[-78.090651,41.059412],[-78.088795,41.063427],[-78.085832,41.066336],[-78.085637,41.06865],[-78.092192,41.070414],[-78.095752,41.070903],[-78.097184,41.072349],[-78.093733,41.075833],[-78.092643,41.077956],[-78.092671,41.079562],[-78.098111,41.086039],[-78.101574,41.092164],[-78.103914,41.097623],[-78.107614,41.10551],[-78.111695,41.111061],[-78.11225,41.11364],[-78.111482,41.115226],[-78.108702,41.117645],[-78.103273,41.121202],[-78.100345,41.121783],[-78.097184,41.121124],[-78.094757,41.119666],[-78.094292,41.117228],[-78.092357,41.115679],[-78.09037,41.115633],[-78.087595,41.117173],[-78.086613,41.11943],[-78.086447,41.123573],[-78.084138,41.125945],[-78.081907,41.126308],[-78.077672,41.125167],[-78.073732,41.122055],[-78.070417,41.121878],[-78.068659,41.124308],[-78.070432,41.128981],[-78.070351,41.13058],[-78.068971,41.1319],[-78.065589,41.132341],[-78.063253,41.131366],[-78.058844,41.130909],[-78.056026,41.131995],[-78.054836,41.134177],[-78.054206,41.142665],[-78.052733,41.145317],[-78.049804,41.145979],[-78.046487,41.14569],[-78.04344,41.146508],[-78.041469,41.15021],[-78.039738,41.152579],[-78.038171,41.153603],[-78.034969,41.15392],[-78.028594,41.150325],[-78.024602,41.150785],[-78.020159,41.152734],[-78.017348,41.153187],[-78.014476,41.151996],[-78.012021,41.145071],[-78.009105,41.143316],[-78.005941,41.143601],[-78.003569,41.144856],[-78.000988,41.147773],[-78.000329,41.15095],[-78.001796,41.158133],[-78.000753,41.16166],[-77.997908,41.163369],[-77.995391,41.163125],[-77.990272,41.161704],[-77.986711,41.163799],[-77.985116,41.168734],[-77.984187,41.170236],[-77.980823,41.171639],[-77.978455,41.171721],[-77.973012,41.173021],[-77.970778,41.174697],[-77.970833,41.178314],[-77.973588,41.189093],[-77.973078,41.204188],[-77.970841,41.20672],[-77.96565,41.209584],[-77.963918,41.211467],[-77.962032,41.215289],[-77.959438,41.217497],[-77.955615,41.217427],[-77.950606,41.213791],[-77.943601,41.210292],[-77.940833,41.209436],[-77.93709,41.210336],[-77.935656,41.211741],[-77.935615,41.214891],[-77.938795,41.219789],[-77.939008,41.222707],[-77.937909,41.224841],[-77.936261,41.225998],[-77.931759,41.226467],[-77.926987,41.226205],[-77.923631,41.226427],[-77.920167,41.229239],[-77.916906,41.235385],[-77.913787,41.240565],[-77.910854,41.243553],[-77.906046,41.245991],[-77.900666,41.249954],[-77.898262,41.252665],[-77.897667,41.176918],[-77.798523,41.177151],[-77.790009,41.177142],[-77.789563,41.142127],[-77.777996,41.146612],[-77.775136,41.143055],[-77.746675,41.106261],[-77.743433,41.107699],[-77.739069,41.107426],[-77.736986,41.107906],[-77.733532,41.110191],[-77.730237,41.111368],[-77.728079,41.111323],[-77.725608,41.110142],[-77.724784,41.107393],[-77.72049,41.105536],[-77.717759,41.104954],[-77.713941,41.105975],[-77.712429,41.108547],[-77.712266,41.110346],[-77.70925,41.111527],[-77.706225,41.113872],[-77.703923,41.112899],[-77.699263,41.109724],[-77.69549,41.1076],[-77.690389,41.106249],[-77.686792,41.107419],[-77.683751,41.109306],[-77.681044,41.109076],[-77.676745,41.107092],[-77.675589,41.105976],[-77.672722,41.1052],[-77.670762,41.105636],[-77.667092,41.108281],[-77.664755,41.109027],[-77.662603,41.108523],[-77.660812,41.106758],[-77.660191,41.102845],[-77.65897,41.100955],[-77.652782,41.098268],[-77.650067,41.097553],[-77.647666,41.09808],[-77.641218,41.096685],[-77.639515,41.096922],[-77.636038,41.095187],[-77.633235,41.095436],[-77.628144,41.092549],[-77.621759,41.091185],[-77.620948,41.089087],[-77.618579,41.088583],[-77.61203,41.085809],[-77.608863,41.083342],[-77.606958,41.083166],[-77.600309,41.080007],[-77.598765,41.079779],[-77.595262,41.077711],[-77.591916,41.074439],[-77.592001,41.071627],[-77.588359,41.071629],[-77.583821,41.070097],[-77.582477,41.067366],[-77.581428,41.067115],[-77.575941,41.068687],[-77.573565,41.068682],[-77.570696,41.066285],[-77.567612,41.065377],[-77.561736,41.057642],[-77.570041,41.052926],[-77.571961,41.051608],[-77.578274,41.04856],[-77.580194,41.04727],[-77.559094,41.021818]]]},"properties":{"district":"082","name":"State House District 82"}},{"type":"Feature","geometry":{"type":"Polygon","coordinates":[[[-76.864544,41.019795],[-76.867382,41.019871],[-76.88738,41.019108],[-76.892088,41.018739],[-76.898784,41.019594],[-76.905412,41.019918],[-76.919459,41.020008],[-76.977795,41.019489],[-76.976982,41.021676],[-76.980234,41.02485],[-76.98027,41.026144],[-76.986422,41.026787],[-76.990025,41.026734],[-77.000161,41.028425],[-77.002215,41.029027],[-77.004642,41.028742],[-77.010633,41.029758],[-77.016165,41.030302],[-77.019089,41.028725],[-77.02132,41.02904],[-77.029109,41.028372],[-77.035352,41.028618],[-77.038231,41.028283],[-77.040593,41.028736],[-77.043733,41.028251],[-77.045983,41.026683],[-77.049013,41.026709],[-77.052635,41.025464],[-77.053755,41.025739],[-77.057352,41.024415],[-77.058754,41.025383],[-77.059791,41.030518],[-77.061382,41.033204],[-77.062007,41.03561],[-77.060996,41.037081],[-77.05877,41.038231],[-77.058088,41.085575],[-77.068236,41.085231],[-77.105083,41.072374],[-77.113839,41.069032],[-77.122955,41.069059],[-77.164278,41.068708],[-77.180521,41.084312],[-77.155343,41.098692],[-77.096865,41.132104],[-77.085843,41.138294],[-77.066617,41.148796],[-77.085793,41.193148],[-77.079903,41.206957],[-77.112555,41.201997],[-77.150841,41.194317],[-77.177447,41.189089],[-77.177489,41.194145],[-77.171522,41.195999],[-77.164852,41.199177],[-77.162398,41.201599],[-77.158838,41.208728],[-77.155835,41.21263],[-77.153159,41.215039],[-77.152715,41.216768],[-77.148458,41.222478],[-77.145758,41.224898],[-77.139397,41.228357],[-77.136469,41.229168],[-77.130262,41.229066],[-77.118553,41.225958],[-77.107972,41.224441],[-77.10324,41.223082],[-77.093741,41.221295],[-77.089647,41.237884],[-77.091645,41.241286],[-77.095058,41.243201],[-77.055107,41.245796],[-77.046743,41.246111],[-77.044818,41.248915],[-77.042431,41.250898],[-77.03969,41.257212],[-77.039458,41.259349],[-77.040376,41.26381],[-77.041366,41.265803],[-77.043006,41.267214],[-77.048177,41.267483],[-77.05153,41.26868],[-77.053884,41.270344],[-77.058199,41.274622],[-77.062164,41.277184],[-77.063174,41.278709],[-77.062492,41.281398],[-77.058056,41.28484],[-77.057271,41.285915],[-77.052814,41.289239],[-77.051828,41.291093],[-77.051683,41.293656],[-77.054717,41.297228],[-76.996454,41.297318],[-76.959163,41.296648],[-76.912729,41.296615],[-76.915029,41.294681],[-76.915199,41.289673],[-76.916135,41.286816],[-76.915957,41.284477],[-76.914673,41.283482],[-76.914691,41.281317],[-76.918195,41.278183],[-76.919077,41.275173],[-76.921074,41.271756],[-76.922779,41.266325],[-76.92555,41.263988],[-76.929883,41.262509],[-76.933594,41.26072],[-76.935941,41.261403],[-76.936515,41.259051],[-76.93595,41.257721],[-76.935402,41.248103],[-76.933713,41.243071],[-76.937849,41.24081],[-76.941335,41.236028],[-76.943399,41.234548],[-76.940945,41.2329],[-76.936956,41.231722],[-76.932771,41.232363],[-76.926835,41.231796],[-76.91712,41.233751],[-76.914826,41.234532],[-76.911841,41.233481],[-76.909806,41.23082],[-76.90682,41.229598],[-76.893808,41.230516],[-76.883511,41.231025],[-76.873353,41.232931],[-76.869407,41.233166],[-76.866656,41.232368],[-76.864935,41.230118],[-76.856571,41.230027],[-76.849948,41.229436],[-76.844461,41.228672],[-76.838357,41.227422],[-76.830641,41.227169],[-76.826511,41.229172],[-76.822334,41.228958],[-76.819252,41.227647],[-76.815224,41.2243],[-76.810788,41.220054],[-76.804486,41.209862],[-76.802707,41.204936],[-76.80277,41.201301],[-76.803381,41.1963],[-76.806573,41.189911],[-76.809664,41.18679],[-76.818468,41.180956],[-76.823619,41.178233],[-76.82926,41.17624],[-76.843336,41.17325],[-76.853391,41.172027],[-76.857386,41.170988],[-76.870189,41.165895],[-76.875982,41.16246],[-76.880963,41.158044],[-76.884155,41.157346],[-76.885542,41.155579],[-76.888145,41.153807],[-76.894778,41.141854],[-76.897522,41.135962],[-76.897919,41.13298],[-76.89577,41.124196],[-76.895882,41.119978],[-76.894884,41.116229],[-76.892204,41.110243],[-76.89144,41.10559],[-76.889685,41.101313],[-76.884383,41.093753],[-76.880889,41.09101],[-76.875243,41.08551],[-76.87271,41.082702],[-76.87084,41.081733],[-76.865202,41.080227],[-76.860045,41.075729],[-76.858335,41.073078],[-76.857879,41.068893],[-76.856985,41.066017],[-76.857741,41.062859],[-76.857576,41.055466],[-76.856192,41.050545],[-76.856424,41.047412],[-76.85776,41.044064],[-76.860376,41.040172],[-76.861293,41.03806],[-76.861524,41.033703],[-76.861249,41.028489],[-76.862524,41.024747],[-76.863631,41.023026],[-76.864544,41.019795]]]},"properties":{"district":"083","name":"State House District 83"}},{"type":"Feature","geometry":{"type":"Polygon","coordinates":[[[-77.598129,41.478576],[-77.598606,41.500117],[-77.598972,41.509943],[-77.599109,41.527539],[-77.599474,41.537244],[-77.599278,41.542271],[-77.54727,41.542874],[-77.505494,41.543121],[-77.400096,41.544031],[-77.337869,41.544081],[-77.298505,41.54439],[-77.294782,41.544104],[-77.284989,41.544118],[-77.26559,41.54456],[-77.257144,41.54462],[-77.170378,41.546171],[-77.16934,41.546273],[-77.14505,41.546573],[-77.117183,41.547134],[-77.093566,41.547784],[-77.022645,41.549606],[-77.010631,41.549822],[-76.960479,41.551371],[-76.959993,41.55403],[-76.963249,41.554772],[-76.963117,41.556128],[-76.961375,41.557947],[-76.958586,41.559083],[-76.955703,41.561458],[-76.952391,41.56505],[-76.949141,41.56653],[-76.947461,41.567987],[-76.943077,41.569323],[-76.938227,41.569408],[-76.936605,41.568819],[-76.932962,41.568992],[-76.929935,41.570408],[-76.92657,41.571091],[-76.925494,41.572384],[-76.925005,41.576211],[-76.922171,41.581037],[-76.919551,41.581049],[-76.917435,41.582703],[-76.913472,41.581696],[-76.908432,41.581463],[-76.907547,41.582269],[-76.903236,41.582983],[-76.898226,41.584563],[-76.896659,41.585919],[-76.893619,41.585753],[-76.890679,41.586777],[-76.88916,41.58656],[-76.882886,41.588375],[-76.878331,41.590546],[-76.877943,41.592564],[-76.874668,41.596667],[-76.837771,41.592559],[-76.792686,41.587821],[-76.742911,41.583768],[-76.694374,41.579883],[-76.604046,41.572492],[-76.509303,41.564709],[-76.469545,41.561501],[-76.411158,41.556765],[-76.385718,41.554983],[-76.350407,41.552018],[-76.273833,41.546073],[-76.220073,41.541278],[-76.223866,41.524544],[-76.228131,41.511137],[-76.252722,41.450758],[-76.276784,41.391568],[-76.282799,41.377244],[-76.284768,41.372965],[-76.296253,41.344393],[-76.309455,41.311903],[-76.310261,41.310198],[-76.374368,41.308676],[-76.407934,41.308418],[-76.425944,41.293447],[-76.459314,41.266009],[-76.478811,41.250083],[-76.495514,41.237167],[-76.499652,41.233856],[-76.521652,41.21426],[-76.552006,41.190042],[-76.592607,41.157765],[-76.624654,41.156355],[-76.640767,41.155718],[-76.678776,41.154172],[-76.723515,41.169596],[-76.729997,41.171881],[-76.733765,41.172049],[-76.790807,41.175732],[-76.825963,41.166671],[-76.828168,41.16578],[-76.83293,41.165744],[-76.834364,41.165315],[-76.856916,41.163641],[-76.870261,41.160055],[-76.871796,41.160018],[-76.880963,41.158044],[-76.875982,41.16246],[-76.870189,41.165895],[-76.857386,41.170988],[-76.853391,41.172027],[-76.843336,41.17325],[-76.82926,41.17624],[-76.823619,41.178233],[-76.818468,41.180956],[-76.809664,41.18679],[-76.806573,41.189911],[-76.803381,41.1963],[-76.80277,41.201301],[-76.802707,41.204936],[-76.804486,41.209862],[-76.810788,41.220054],[-76.815224,41.2243],[-76.819252,41.227647],[-76.822334,41.228958],[-76.826511,41.229172],[-76.830641,41.227169],[-76.838357,41.227422],[-76.844461,41.228672],[-76.849948,41.229436],[-76.856571,41.230027],[-76.864935,41.230118],[-76.866656,41.232368],[-76.869407,41.233166],[-76.873353,41.232931],[-76.883511,41.231025],[-76.893808,41.230516],[-76.90682,41.229598],[-76.909806,41.23082],[-76.911841,41.233481],[-76.914826,41.234532],[-76.91712,41.233751],[-76.926835,41.231796],[-76.932771,41.232363],[-76.936956,41.231722],[-76.940945,41.2329],[-76.943399,41.234548],[-76.941335,41.236028],[-76.937849,41.24081],[-76.933713,41.243071],[-76.935402,41.248103],[-76.93595,41.257721],[-76.936515,41.259051],[-76.935941,41.261403],[-76.933594,41.26072],[-76.929883,41.262509],[-76.92555,41.263988],[-76.922779,41.266325],[-76.921074,41.271756],[-76.919077,41.275173],[-76.918195,41.278183],[-76.914691,41.281317],[-76.914673,41.283482],[-76.915957,41.284477],[-76.916135,41.286816],[-76.915199,41.289673],[-76.915029,41.294681],[-76.912729,41.296615],[-76.959163,41.296648],[-76.996454,41.297318],[-77.054717,41.297228],[-77.051683,41.293656],[-77.051828,41.291093],[-77.052814,41.289239],[-77.057271,41.285915],[-77.058056,41.28484],[-77.062492,41.281398],[-77.063174,41.278709],[-77.062164,41.277184],[-77.058199,41.274622],[-77.053884,41.270344],[-77.05153,41.26868],[-77.048177,41.267483],[-77.043006,41.267214],[-77.041366,41.265803],[-77.040376,41.26381],[-77.039458,41.259349],[-77.03969,41.257212],[-77.042431,41.250898],[-77.044818,41.248915],[-77.046743,41.246111],[-77.055107,41.245796],[-77.095058,41.243201],[-77.091645,41.241286],[-77.089647,41.237884],[-77.093741,41.221295],[-77.10324,41.223082],[-77.107972,41.224441],[-77.118553,41.225958],[-77.130262,41.229066],[-77.136469,41.229168],[-77.139397,41.228357],[-77.145758,41.224898],[-77.148458,41.222478],[-77.152715,41.216768],[-77.153159,41.215039],[-77.155835,41.21263],[-77.158838,41.208728],[-77.162398,41.201599],[-77.164852,41.199177],[-77.171522,41.195999],[-77.177489,41.194145],[-77.177447,41.189089],[-77.150841,41.194317],[-77.112555,41.201997],[-77.079903,41.206957],[-77.085793,41.193148],[-77.066617,41.148796],[-77.085843,41.138294],[-77.096865,41.132104],[-77.155343,41.098692],[-77.180521,41.084312],[-77.222752,41.125073],[-77.236104,41.13754],[-77.249691,41.150907],[-77.262231,41.162409],[-77.272018,41.172534],[-77.27245,41.175443],[-77.275589,41.179105],[-77.277411,41.180539],[-77.283285,41.182673],[-77.288306,41.18299],[-77.290797,41.184123],[-77.293059,41.186473],[-77.293651,41.191069],[-77.292172,41.193733],[-77.29058,41.1951],[-77.291378,41.19628],[-77.294635,41.198739],[-77.29901,41.200967],[-77.306364,41.208077],[-77.312953,41.212413],[-77.320891,41.218932],[-77.323411,41.218638],[-77.32576,41.219698],[-77.328503,41.219256],[-77.333244,41.219771],[-77.334303,41.220476],[-77.342481,41.220685],[-77.349765,41.219918],[-77.35133,41.220949],[-77.348555,41.223096],[-77.349397,41.224284],[-77.349627,41.228873],[-77.352749,41.230002],[-77.358047,41.230597],[-77.361098,41.2331],[-77.362729,41.23358],[-77.367541,41.232369],[-77.37035,41.233079],[-77.374947,41.236809],[-77.379178,41.239105],[-77.387244,41.24495],[-77.390824,41.247786],[-77.399043,41.253053],[-77.402877,41.257068],[-77.404407,41.25817],[-77.405545,41.260917],[-77.410667,41.266221],[-77.416125,41.270056],[-77.421446,41.271143],[-77.424945,41.273103],[-77.427696,41.279132],[-77.4294,41.28214],[-77.434252,41.28453],[-77.442091,41.286091],[-77.445158,41.287762],[-77.450054,41.293262],[-77.451236,41.295157],[-77.452906,41.300019],[-77.456424,41.304639],[-77.461103,41.306321],[-77.468245,41.310429],[-77.471862,41.314273],[-77.475029,41.326689],[-77.474533,41.334021],[-77.475042,41.337036],[-77.475987,41.338294],[-77.480148,41.340762],[-77.485567,41.345281],[-77.492476,41.349637],[-77.499193,41.353577],[-77.502155,41.354464],[-77.516145,41.355867],[-77.526537,41.358528],[-77.531346,41.361088],[-77.537438,41.364803],[-77.540008,41.368101],[-77.541899,41.381296],[-77.544672,41.386271],[-77.546919,41.389634],[-77.550449,41.395826],[-77.562385,41.4105],[-77.564435,41.412683],[-77.568687,41.413666],[-77.57093,41.415238],[-77.575209,41.420498],[-77.57574,41.421602],[-77.58054,41.435579],[-77.584106,41.439726],[-77.584671,41.441301],[-77.597282,41.441056],[-77.59764,41.452972],[-77.598129,41.478576]]]},"properties":{"district":"084","name":"State House District 84"}},{"type":"Feature","geometry":{"type":"Polygon","coordinates":[[[-77.497649,40.596907],[-77.51734,40.589006],[-77.519917,40.5863],[-77.527712,40.583452],[-77.533088,40.582281],[-77.536064,40.579153],[-77.53834,40.578332],[-77.543614,40.577758],[-77.546461,40.577011],[-77.548746,40.575774],[-77.551572,40.575414],[-77.555051,40.57721],[-77.558944,40.583492],[-77.556163,40.584756],[-77.552214,40.587699],[-77.551771,40.589702],[-77.560655,40.592681],[-77.559035,40.594533],[-77.563071,40.59701],[-77.561886,40.6008],[-77.564785,40.605601],[-77.559866,40.607861],[-77.56073,40.608782],[-77.558949,40.61008],[-77.562741,40.612372],[-77.56993,40.612965],[-77.569593,40.611728],[-77.570515,40.60959],[-77.576014,40.605329],[-77.577982,40.604299],[-77.57682,40.602771],[-77.578742,40.601572],[-77.61654,40.637675],[-77.612549,40.640288],[-77.603393,40.645769],[-77.594206,40.649891],[-77.588533,40.65107],[-77.582166,40.655159],[-77.578765,40.658776],[-77.572163,40.662701],[-77.561988,40.667728],[-77.552207,40.672166],[-77.549578,40.674009],[-77.547233,40.674859],[-77.541118,40.677875],[-77.535619,40.680213],[-77.525991,40.684723],[-77.512632,40.690157],[-77.49348,40.698143],[-77.488559,40.701623],[-77.482733,40.703797],[-77.479049,40.705817],[-77.467851,40.71079],[-77.457259,40.714502],[-77.444851,40.720085],[-77.431338,40.725368],[-77.425801,40.727],[-77.42171,40.729696],[-77.411827,40.733949],[-77.406641,40.735971],[-77.401703,40.738427],[-77.38652,40.74494],[-77.384414,40.74622],[-77.37921,40.74823],[-77.36848,40.753292],[-77.366647,40.754551],[-77.355327,40.759414],[-77.356303,40.792147],[-77.356628,40.807334],[-77.321639,40.817102],[-77.243636,40.832009],[-77.212368,40.837988],[-77.129574,40.853794],[-77.074058,40.868333],[-77.052027,40.869387],[-77.048437,40.866584],[-77.045267,40.866122],[-77.043255,40.863666],[-77.040931,40.862848],[-77.038472,40.86288],[-77.037223,40.864612],[-77.031864,40.864114],[-77.028884,40.861706],[-77.024901,40.857489],[-77.019873,40.857929],[-77.015473,40.860924],[-77.014989,40.863692],[-77.012848,40.865818],[-77.011309,40.868768],[-77.004828,40.872129],[-77.000016,40.872572],[-76.998204,40.87199],[-76.995357,40.87272],[-76.995077,40.874455],[-76.99366,40.875139],[-76.988469,40.875845],[-76.983581,40.875797],[-76.973163,40.877132],[-76.970916,40.878547],[-76.970009,40.880928],[-76.956209,40.88402],[-76.956365,40.900714],[-76.952565,40.923135],[-76.953183,40.934643],[-76.956217,40.94092],[-76.954716,40.946262],[-76.955322,40.953613],[-76.905896,40.964007],[-76.905669,40.962428],[-76.900988,40.962988],[-76.894369,40.963304],[-76.894573,40.966079],[-76.892575,40.965239],[-76.892019,40.959349],[-76.891324,40.956914],[-76.889982,40.954797],[-76.88593,40.958574],[-76.88475,40.957398],[-76.880949,40.955655],[-76.878741,40.956293],[-76.8773,40.954579],[-76.876221,40.951089],[-76.873964,40.946752],[-76.872025,40.944017],[-76.869791,40.942121],[-76.867516,40.937852],[-76.864434,40.933194],[-76.863428,40.930318],[-76.859925,40.923978],[-76.85602,40.919118],[-76.854106,40.915426],[-76.851469,40.912846],[-76.842091,40.905598],[-76.840525,40.903955],[-76.837514,40.901978],[-76.83225,40.897503],[-76.826386,40.892159],[-76.822679,40.889699],[-76.806497,40.886003],[-76.803513,40.884633],[-76.800165,40.881921],[-76.798714,40.878366],[-76.800704,40.872595],[-76.804475,40.866201],[-76.806492,40.86219],[-76.808504,40.857273],[-76.810251,40.854565],[-76.812812,40.847106],[-76.818026,40.843293],[-76.820895,40.839898],[-76.825648,40.835503],[-76.829685,40.831029],[-76.836338,40.825761],[-76.840626,40.821324],[-76.847105,40.812565],[-76.849815,40.80893],[-76.849066,40.805493],[-76.852163,40.800839],[-76.856094,40.791211],[-76.856292,40.789697],[-76.858646,40.781784],[-76.858695,40.778211],[-76.859252,40.777043],[-76.858024,40.768411],[-76.856711,40.763999],[-76.857186,40.762387],[-76.856281,40.754787],[-76.856818,40.751025],[-76.857521,40.749612],[-76.856681,40.747311],[-76.856956,40.744271],[-76.855407,40.735043],[-76.855361,40.728558],[-76.856492,40.72263],[-76.859161,40.715855],[-76.861184,40.711598],[-76.865257,40.704606],[-76.867439,40.702584],[-76.868645,40.699979],[-76.873078,40.694781],[-76.874322,40.692905],[-76.87663,40.691545],[-76.87985,40.687192],[-76.887088,40.682589],[-76.889407,40.681966],[-76.892813,40.67978],[-76.896251,40.678674],[-76.903849,40.674096],[-76.910189,40.669255],[-76.91495,40.664662],[-76.917782,40.660628],[-76.920108,40.65587],[-76.923442,40.650853],[-76.927625,40.645707],[-76.931126,40.64293],[-76.934941,40.640451],[-76.936449,40.640127],[-76.939883,40.638142],[-76.939534,40.639083],[-76.940656,40.646175],[-76.943519,40.648356],[-76.945221,40.650333],[-76.953626,40.647866],[-76.958641,40.64711],[-76.961814,40.645674],[-76.965461,40.647212],[-76.967623,40.64528],[-76.9686,40.641223],[-76.97644,40.643069],[-76.976581,40.645374],[-76.980803,40.644793],[-76.983865,40.64374],[-76.988044,40.643591],[-76.989644,40.641761],[-76.997549,40.635878],[-76.998943,40.637789],[-77.003131,40.638717],[-77.004845,40.641742],[-77.006054,40.642615],[-77.005535,40.644432],[-77.004045,40.645572],[-77.007899,40.651933],[-77.008611,40.655776],[-77.007234,40.656033],[-77.008418,40.659912],[-77.010445,40.661609],[-77.013792,40.662164],[-77.016411,40.659945],[-77.01915,40.6595],[-77.022514,40.660886],[-77.024844,40.659029],[-77.025753,40.656063],[-77.029501,40.655562],[-77.031674,40.657092],[-77.063896,40.654018],[-77.07195,40.652956],[-77.085588,40.650361],[-77.11679,40.642519],[-77.153395,40.636519],[-77.166733,40.635899],[-77.174658,40.633041],[-77.180982,40.647089],[-77.193284,40.641512],[-77.20787,40.635321],[-77.218625,40.631786],[-77.233496,40.627116],[-77.244365,40.622924],[-77.25034,40.620831],[-77.273602,40.611082],[-77.281338,40.608175],[-77.287149,40.60656],[-77.291948,40.604868],[-77.298087,40.601966],[-77.311092,40.59638],[-77.316077,40.593873],[-77.319615,40.592459],[-77.347759,40.645919],[-77.36069,40.669991],[-77.363647,40.668722],[-77.368273,40.667593],[-77.3742,40.664967],[-77.383796,40.661751],[-77.387345,40.660074],[-77.395072,40.657256],[-77.407185,40.652317],[-77.418737,40.646502],[-77.423863,40.644464],[-77.425726,40.644106],[-77.439332,40.638187],[-77.442505,40.637103],[-77.448045,40.6344],[-77.452035,40.632812],[-77.45969,40.62896],[-77.467423,40.625541],[-77.471449,40.623452],[-77.473643,40.622836],[-77.478223,40.620345],[-77.480828,40.619533],[-77.484324,40.617741],[-77.486415,40.615899],[-77.489157,40.615224],[-77.49776,40.609484],[-77.497649,40.596907]]]},"properties":{"district":"085","name":"State House District 85"}},{"type":"Feature","geometry":{"type":"Polygon","coordinates":[[[-77.75212,40.378545],[-77.750679,40.380372],[-77.74365,40.387814],[-77.740216,40.390742],[-77.738201,40.39331],[-77.726814,40.403975],[-77.723465,40.407289],[-77.72119,40.40881],[-77.71657,40.412733],[-77.711896,40.41626],[-77.710745,40.417593],[-77.706236,40.420733],[-77.702495,40.423766],[-77.696169,40.428022],[-77.690213,40.432495],[-77.680117,40.440887],[-77.677011,40.443168],[-77.667338,40.450842],[-77.661977,40.455541],[-77.645997,40.468381],[-77.634174,40.477346],[-77.625958,40.482956],[-77.612459,40.490919],[-77.612509,40.514187],[-77.588621,40.529264],[-77.5797,40.534253],[-77.574046,40.537794],[-77.566648,40.541805],[-77.559613,40.545018],[-77.548837,40.550651],[-77.548136,40.551358],[-77.536565,40.557228],[-77.532456,40.559476],[-77.528227,40.562287],[-77.526312,40.563005],[-77.521964,40.566227],[-77.51563,40.569569],[-77.512735,40.573063],[-77.510384,40.574133],[-77.50628,40.576929],[-77.502139,40.57887],[-77.497506,40.58174],[-77.497649,40.596907],[-77.49776,40.609484],[-77.489157,40.615224],[-77.486415,40.615899],[-77.484324,40.617741],[-77.480828,40.619533],[-77.478223,40.620345],[-77.473643,40.622836],[-77.471449,40.623452],[-77.467423,40.625541],[-77.45969,40.62896],[-77.452035,40.632812],[-77.448045,40.6344],[-77.442505,40.637103],[-77.439332,40.638187],[-77.425726,40.644106],[-77.423863,40.644464],[-77.418737,40.646502],[-77.407185,40.652317],[-77.395072,40.657256],[-77.387345,40.660074],[-77.383796,40.661751],[-77.3742,40.664967],[-77.368273,40.667593],[-77.363647,40.668722],[-77.36069,40.669991],[-77.347759,40.645919],[-77.319615,40.592459],[-77.316077,40.593873],[-77.311092,40.59638],[-77.298087,40.601966],[-77.291948,40.604868],[-77.287149,40.60656],[-77.281338,40.608175],[-77.273602,40.611082],[-77.25034,40.620831],[-77.244365,40.622924],[-77.233496,40.627116],[-77.218625,40.631786],[-77.20787,40.635321],[-77.193284,40.641512],[-77.180982,40.647089],[-77.174658,40.633041],[-77.166733,40.635899],[-77.153395,40.636519],[-77.11679,40.642519],[-77.085588,40.650361],[-77.07195,40.652956],[-77.063896,40.654018],[-77.031674,40.657092],[-77.029501,40.655562],[-77.025753,40.656063],[-77.024844,40.659029],[-77.022514,40.660886],[-77.01915,40.6595],[-77.016411,40.659945],[-77.013792,40.662164],[-77.010445,40.661609],[-77.008418,40.659912],[-77.007234,40.656033],[-77.008611,40.655776],[-77.007899,40.651933],[-77.004045,40.645572],[-77.005535,40.644432],[-77.006054,40.642615],[-77.004845,40.641742],[-77.003131,40.638717],[-76.998943,40.637789],[-76.997549,40.635878],[-76.989644,40.641761],[-76.988044,40.643591],[-76.983865,40.64374],[-76.980803,40.644793],[-76.976581,40.645374],[-76.97644,40.643069],[-76.9686,40.641223],[-76.967623,40.64528],[-76.965461,40.647212],[-76.961814,40.645674],[-76.958641,40.64711],[-76.953626,40.647866],[-76.945221,40.650333],[-76.943519,40.648356],[-76.940656,40.646175],[-76.939534,40.639083],[-76.939883,40.638142],[-76.940671,40.636984],[-76.947981,40.62891],[-76.949148,40.628167],[-76.950836,40.627044],[-76.951708,40.623115],[-76.952942,40.619754],[-76.953551,40.61477],[-76.953128,40.611638],[-76.953105,40.604504],[-76.953852,40.601441],[-76.957444,40.594677],[-76.958755,40.592855],[-76.965268,40.58706],[-76.971904,40.583445],[-76.973263,40.583215],[-76.978378,40.580954],[-76.983673,40.578259],[-76.988161,40.574585],[-76.99054,40.571602],[-76.992396,40.567877],[-76.99299,40.564239],[-76.991862,40.561272],[-76.988864,40.557985],[-76.9868,40.554808],[-76.987202,40.553419],[-76.98424,40.547384],[-76.981989,40.543415],[-76.980546,40.538332],[-76.98153,40.531923],[-76.985121,40.527319],[-76.985663,40.524997],[-76.985104,40.516349],[-76.984029,40.513975],[-76.982298,40.51304],[-76.978351,40.507149],[-76.975229,40.504187],[-76.973456,40.501946],[-76.971632,40.500849],[-76.96909,40.497562],[-76.966284,40.495762],[-76.959053,40.492736],[-76.953083,40.490621],[-76.949466,40.484527],[-76.948876,40.480324],[-76.94876,40.473391],[-76.949397,40.469037],[-76.952809,40.462467],[-76.956392,40.458841],[-76.961143,40.45579],[-76.967785,40.453017],[-76.969496,40.452732],[-76.980452,40.447136],[-76.983672,40.444839],[-76.986813,40.441838],[-76.98943,40.438163],[-76.992264,40.436528],[-76.994582,40.43581],[-76.997915,40.43367],[-77.003235,40.4268],[-77.01627,40.425173],[-77.016977,40.420674],[-77.015847,40.41565],[-77.012939,40.411256],[-77.011734,40.407412],[-77.011887,40.405379],[-77.013125,40.402349],[-77.016013,40.39992],[-77.021469,40.39792],[-77.02611,40.39435],[-77.028645,40.391197],[-77.029341,40.388681],[-77.029144,40.386613],[-77.026841,40.38054],[-77.023067,40.376399],[-77.021539,40.372144],[-77.02165,40.368368],[-77.020799,40.36623],[-77.019178,40.364785],[-77.013028,40.362143],[-77.009505,40.359002],[-77.008191,40.358449],[-77.002227,40.357584],[-76.998022,40.356679],[-76.986409,40.356604],[-76.981996,40.35732],[-76.976822,40.356557],[-76.970625,40.356305],[-76.96115,40.358033],[-76.95721,40.357732],[-76.951737,40.358158],[-76.94485,40.357531],[-76.942745,40.357758],[-76.937547,40.357481],[-76.934597,40.356599],[-76.932672,40.355318],[-76.930374,40.350774],[-76.928521,40.347985],[-76.927828,40.34491],[-76.92618,40.34098],[-76.921206,40.336391],[-76.91727,40.332715],[-76.91497,40.328484],[-76.923678,40.325456],[-76.949282,40.316861],[-76.967996,40.311899],[-76.976861,40.309857],[-76.989954,40.308016],[-77.005128,40.305617],[-77.014719,40.304728],[-77.018359,40.30422],[-77.024519,40.303958],[-77.041769,40.304402],[-77.053816,40.30333],[-77.059659,40.303293],[-77.063874,40.301967],[-77.069479,40.302302],[-77.07466,40.302236],[-77.083942,40.30122],[-77.096365,40.300395],[-77.101744,40.298641],[-77.105438,40.298722],[-77.111869,40.297359],[-77.122644,40.296864],[-77.126881,40.296269],[-77.129612,40.294955],[-77.134849,40.294904],[-77.150397,40.291252],[-77.156323,40.290846],[-77.157825,40.290191],[-77.163907,40.289405],[-77.166019,40.289503],[-77.172307,40.288678],[-77.176742,40.288554],[-77.182795,40.287743],[-77.188185,40.28777],[-77.204496,40.28708],[-77.210802,40.285898],[-77.220743,40.284678],[-77.224378,40.28447],[-77.230902,40.283571],[-77.234177,40.283477],[-77.239163,40.284102],[-77.241691,40.282847],[-77.25134,40.281462],[-77.262132,40.279692],[-77.270057,40.278652],[-77.283664,40.275131],[-77.291576,40.272802],[-77.298581,40.271366],[-77.305505,40.269185],[-77.312235,40.26774],[-77.317288,40.26759],[-77.32179,40.270006],[-77.327118,40.273739],[-77.330491,40.275596],[-77.331504,40.277215],[-77.330696,40.280588],[-77.328034,40.283315],[-77.32608,40.286262],[-77.323924,40.288605],[-77.322769,40.292001],[-77.324119,40.292693],[-77.328561,40.292311],[-77.334844,40.289841],[-77.340647,40.286915],[-77.347875,40.282457],[-77.354299,40.279278],[-77.360718,40.274701],[-77.366099,40.272319],[-77.372068,40.268831],[-77.385114,40.262712],[-77.400124,40.257863],[-77.402457,40.256954],[-77.413859,40.255215],[-77.420845,40.255368],[-77.423177,40.25793],[-77.422935,40.259232],[-77.419795,40.26407],[-77.416761,40.266677],[-77.411044,40.269315],[-77.410561,40.272529],[-77.409304,40.274554],[-77.402893,40.280128],[-77.39569,40.284265],[-77.386967,40.290351],[-77.378835,40.294726],[-77.372927,40.298372],[-77.364762,40.302541],[-77.359873,40.306684],[-77.357785,40.310922],[-77.357635,40.312476],[-77.360082,40.314075],[-77.366018,40.313569],[-77.375693,40.310691],[-77.384596,40.307501],[-77.38953,40.305041],[-77.394445,40.303506],[-77.40208,40.299862],[-77.405066,40.29799],[-77.413778,40.293892],[-77.419492,40.290834],[-77.426595,40.28661],[-77.432441,40.282455],[-77.438503,40.278867],[-77.446191,40.273847],[-77.449808,40.271012],[-77.457825,40.266125],[-77.462876,40.262533],[-77.467809,40.25828],[-77.473596,40.254216],[-77.477333,40.252175],[-77.485315,40.247235],[-77.486766,40.246751],[-77.490264,40.24438],[-77.493054,40.243313],[-77.497315,40.240234],[-77.505356,40.236347],[-77.510109,40.234416],[-77.513309,40.232481],[-77.515502,40.230504],[-77.522117,40.22799],[-77.52675,40.225587],[-77.52896,40.222999],[-77.536868,40.219072],[-77.543189,40.219409],[-77.555823,40.21919],[-77.558085,40.218638],[-77.563725,40.21556],[-77.566278,40.213395],[-77.569127,40.212387],[-77.572562,40.209824],[-77.578341,40.206626],[-77.580439,40.203856],[-77.589954,40.196514],[-77.593549,40.19201],[-77.599704,40.188064],[-77.605448,40.185362],[-77.608887,40.19121],[-77.614665,40.198549],[-77.607416,40.20349],[-77.604768,40.206033],[-77.604888,40.224922],[-77.60277,40.227488],[-77.603952,40.229031],[-77.606612,40.229719],[-77.609171,40.232753],[-77.612967,40.233236],[-77.616167,40.232616],[-77.621201,40.229295],[-77.624711,40.227492],[-77.639893,40.217678],[-77.642831,40.21814],[-77.643394,40.223165],[-77.647642,40.222477],[-77.649951,40.226283],[-77.650158,40.228713],[-77.648878,40.233319],[-77.647419,40.234743],[-77.645402,40.238928],[-77.64999,40.247957],[-77.648474,40.249152],[-77.645023,40.253932],[-77.645698,40.256031],[-77.649502,40.257551],[-77.653447,40.257407],[-77.660869,40.254013],[-77.66365,40.253312],[-77.665494,40.252049],[-77.667711,40.252001],[-77.669271,40.255032],[-77.671155,40.257569],[-77.668976,40.260058],[-77.661279,40.266628],[-77.656416,40.270393],[-77.659871,40.274805],[-77.664275,40.278227],[-77.664195,40.280479],[-77.67181,40.289885],[-77.67586,40.284699],[-77.680159,40.280623],[-77.685163,40.276304],[-77.698954,40.265775],[-77.702857,40.263654],[-77.705668,40.271312],[-77.707393,40.273996],[-77.713042,40.287442],[-77.72287,40.310085],[-77.728033,40.323009],[-77.733119,40.334914],[-77.75212,40.378545]]]},"properties":{"district":"086","name":"State House District 86"}},{"type":"Feature","geometry":{"type":"Polygon","coordinates":[[[-77.137425,40.069945],[-77.155633,40.056667],[-77.162071,40.051697],[-77.173981,40.040779],[-77.177403,40.037434],[-77.187542,40.061137],[-77.204946,40.101594],[-77.21006,40.113755],[-77.213454,40.122859],[-77.204787,40.123812],[-77.198342,40.123047],[-77.195187,40.123037],[-77.195218,40.124882],[-77.190973,40.124867],[-77.192005,40.130302],[-77.194932,40.13561],[-77.195579,40.137673],[-77.195797,40.143632],[-77.190733,40.144801],[-77.180691,40.145678],[-77.175347,40.14698],[-77.168813,40.147572],[-77.166652,40.148458],[-77.164412,40.151076],[-77.159517,40.153132],[-77.160684,40.166912],[-77.163994,40.172733],[-77.16464,40.177481],[-77.165568,40.180235],[-77.166183,40.187254],[-77.168075,40.191514],[-77.162695,40.194202],[-77.160614,40.196096],[-77.158585,40.19916],[-77.149982,40.198836],[-77.111086,40.194956],[-77.10429,40.194864],[-77.106032,40.218873],[-77.103653,40.220112],[-77.102539,40.221936],[-77.103263,40.226264],[-77.104907,40.230486],[-77.108113,40.232718],[-77.103728,40.244342],[-77.102856,40.247948],[-77.101835,40.25017],[-77.098848,40.253379],[-77.099672,40.257833],[-77.100902,40.262096],[-77.095273,40.273655],[-77.096042,40.277425],[-77.095729,40.279141],[-77.093603,40.281119],[-77.090959,40.287734],[-77.086793,40.294553],[-77.083942,40.30122],[-77.07466,40.302236],[-77.069479,40.302302],[-77.063874,40.301967],[-77.059659,40.303293],[-77.053816,40.30333],[-77.041769,40.304402],[-77.024519,40.303958],[-77.018359,40.30422],[-77.014719,40.304728],[-77.007684,40.254447],[-77.007743,40.252626],[-77.006353,40.248914],[-77.005113,40.247409],[-77.005294,40.243451],[-77.006965,40.243201],[-77.006753,40.240555],[-77.004783,40.239423],[-77.005021,40.237062],[-77.007071,40.236516],[-77.006823,40.232618],[-77.007934,40.22431],[-77.011917,40.223896],[-77.01374,40.220997],[-77.013673,40.219173],[-77.025954,40.215724],[-77.027604,40.216975],[-77.031229,40.216541],[-77.032289,40.213191],[-77.032138,40.210804],[-77.030743,40.208679],[-77.02259,40.20893],[-77.019732,40.203037],[-77.019328,40.20138],[-77.013606,40.202857],[-76.997719,40.20754],[-76.996495,40.205038],[-77.000087,40.203524],[-76.999761,40.202447],[-76.996998,40.199968],[-76.990511,40.202735],[-76.990209,40.201515],[-76.985664,40.199158],[-76.98491,40.199662],[-76.986704,40.204434],[-76.9863,40.207598],[-76.987498,40.209886],[-76.984435,40.211185],[-76.983143,40.209016],[-76.976585,40.211832],[-76.965019,40.204532],[-76.94747,40.214977],[-76.942087,40.218027],[-76.94062,40.216578],[-76.934582,40.206238],[-76.928216,40.205237],[-76.925795,40.202751],[-76.926875,40.200164],[-76.931511,40.199385],[-76.931272,40.19759],[-76.929481,40.196853],[-76.926749,40.197758],[-76.924229,40.197307],[-76.918612,40.198311],[-76.914659,40.195671],[-76.913303,40.193187],[-76.908555,40.190729],[-76.909596,40.188856],[-76.912983,40.189189],[-76.913451,40.187677],[-76.911898,40.18488],[-76.914181,40.182773],[-76.91672,40.183237],[-76.920274,40.186474],[-76.924662,40.188258],[-76.926548,40.18848],[-76.928428,40.185552],[-76.928303,40.183802],[-76.926344,40.181471],[-76.92534,40.179034],[-76.923294,40.177087],[-76.919854,40.175304],[-76.915721,40.17367],[-76.911168,40.170919],[-76.90765,40.169372],[-76.905391,40.166539],[-76.907281,40.165484],[-76.909095,40.16614],[-76.910727,40.164946],[-76.916146,40.164051],[-76.919214,40.162804],[-76.925166,40.162058],[-76.929107,40.161274],[-76.93365,40.162026],[-76.939283,40.164264],[-76.942704,40.164133],[-76.949917,40.165784],[-76.954886,40.165363],[-76.960608,40.163765],[-76.964648,40.164863],[-76.966876,40.162704],[-76.973108,40.162989],[-76.978024,40.164777],[-76.981784,40.16303],[-76.980675,40.160556],[-76.97703,40.15888],[-76.973662,40.159287],[-76.972223,40.158731],[-76.971226,40.157022],[-76.973998,40.154824],[-76.974768,40.153226],[-76.979009,40.152029],[-76.980968,40.153516],[-76.98563,40.154354],[-76.986812,40.155127],[-76.992366,40.155167],[-76.995639,40.15371],[-76.999774,40.152898],[-77.000841,40.153572],[-77.003652,40.153102],[-77.005243,40.151431],[-77.011343,40.148449],[-77.019675,40.148309],[-77.021249,40.147709],[-77.022749,40.145814],[-77.026172,40.147428],[-77.028861,40.147732],[-77.031548,40.146642],[-77.036873,40.142096],[-77.055215,40.129061],[-77.059871,40.125327],[-77.062568,40.123585],[-77.076775,40.113579],[-77.137425,40.069945]]]},"properties":{"district":"087","name":"State House District 87"}},{"type":"Feature","geometry":{"type":"Polygon","coordinates":[[[-77.014719,40.304728],[-77.005128,40.305617],[-76.989954,40.308016],[-76.976861,40.309857],[-76.959181,40.280286],[-76.954737,40.269243],[-76.951873,40.26456],[-76.950727,40.262082],[-76.94798,40.257844],[-76.944924,40.25063],[-76.942784,40.242894],[-76.940147,40.236468],[-76.944473,40.234944],[-76.942306,40.23054],[-76.937628,40.232252],[-76.936465,40.228891],[-76.918174,40.232778],[-76.914104,40.234418],[-76.907115,40.238329],[-76.906553,40.23696],[-76.9094,40.235177],[-76.902939,40.235685],[-76.895933,40.235471],[-76.892668,40.234588],[-76.879624,40.243464],[-76.878707,40.243889],[-76.872929,40.237314],[-76.870318,40.235133],[-76.866473,40.231157],[-76.859023,40.226328],[-76.861751,40.223289],[-76.860893,40.219414],[-76.865024,40.218237],[-76.867015,40.216002],[-76.872744,40.215625],[-76.877498,40.217834],[-76.879784,40.217825],[-76.882802,40.216386],[-76.885625,40.213993],[-76.889345,40.213758],[-76.891801,40.215895],[-76.893447,40.219748],[-76.896961,40.224666],[-76.900102,40.223462],[-76.902886,40.224603],[-76.904313,40.223514],[-76.903321,40.221104],[-76.89964,40.217406],[-76.898676,40.214632],[-76.899978,40.212188],[-76.902575,40.212976],[-76.902821,40.214837],[-76.904123,40.217066],[-76.905952,40.217109],[-76.907465,40.21473],[-76.906152,40.211604],[-76.906817,40.208999],[-76.910063,40.208313],[-76.910537,40.205541],[-76.912249,40.204506],[-76.914916,40.20594],[-76.91487,40.208717],[-76.917853,40.210378],[-76.920352,40.209657],[-76.922214,40.20834],[-76.923962,40.205485],[-76.923532,40.203864],[-76.925795,40.202751],[-76.928216,40.205237],[-76.934582,40.206238],[-76.94062,40.216578],[-76.942087,40.218027],[-76.94747,40.214977],[-76.965019,40.204532],[-76.976585,40.211832],[-76.983143,40.209016],[-76.984435,40.211185],[-76.987498,40.209886],[-76.9863,40.207598],[-76.986704,40.204434],[-76.98491,40.199662],[-76.985664,40.199158],[-76.990209,40.201515],[-76.990511,40.202735],[-76.996998,40.199968],[-76.999761,40.202447],[-77.000087,40.203524],[-76.996495,40.205038],[-76.997719,40.20754],[-77.013606,40.202857],[-77.019328,40.20138],[-77.019732,40.203037],[-77.02259,40.20893],[-77.030743,40.208679],[-77.032138,40.210804],[-77.032289,40.213191],[-77.031229,40.216541],[-77.027604,40.216975],[-77.025954,40.215724],[-77.013673,40.219173],[-77.01374,40.220997],[-77.011917,40.223896],[-77.007934,40.22431],[-77.006823,40.232618],[-77.007071,40.236516],[-77.005021,40.237062],[-77.004783,40.239423],[-77.006753,40.240555],[-77.006965,40.243201],[-77.005294,40.243451],[-77.005113,40.247409],[-77.006353,40.248914],[-77.007743,40.252626],[-77.007684,40.254447],[-77.014719,40.304728]]]},"properties":{"district":"088","name":"State House District 88"}},{"type":"Feature","geometry":{"type":"Polygon","coordinates":[[[-77.470967,39.944274],[-77.471085,39.944077],[-77.470053,39.923069],[-77.469611,39.916169],[-77.468626,39.907234],[-77.468791,39.904319],[-77.46835,39.898639],[-77.467128,39.877996],[-77.466184,39.86455],[-77.466091,39.861116],[-77.465124,39.849893],[-77.522212,39.850252],[-77.597777,39.850677],[-77.641074,39.850882],[-77.641104,39.85015],[-77.646439,39.85017],[-77.671977,39.849817],[-77.694646,39.850345],[-77.70998,39.85047],[-77.731477,39.849964],[-77.739057,39.852686],[-77.749306,39.856124],[-77.755625,39.858175],[-77.756594,39.870253],[-77.753472,39.873632],[-77.749803,39.874542],[-77.748477,39.877897],[-77.746215,39.879666],[-77.743699,39.880276],[-77.742124,39.883828],[-77.741013,39.885146],[-77.739792,39.889462],[-77.741697,39.89292],[-77.742029,39.895551],[-77.74473,39.897032],[-77.746509,39.901403],[-77.745192,39.905043],[-77.743507,39.905077],[-77.740815,39.908568],[-77.740415,39.911827],[-77.742855,39.916597],[-77.74284,39.919137],[-77.740725,39.920077],[-77.738726,39.920048],[-77.736605,39.924068],[-77.738106,39.928846],[-77.734539,39.932819],[-77.73505,39.933888],[-77.733995,39.936128],[-77.732426,39.937381],[-77.739499,39.943657],[-77.739301,39.946143],[-77.741594,39.948377],[-77.739447,39.950589],[-77.743543,39.95276],[-77.746832,39.95254],[-77.753072,39.95771],[-77.754596,39.959819],[-77.761058,39.962794],[-77.764985,39.963854],[-77.769492,39.963998],[-77.775189,39.965145],[-77.777855,39.966103],[-77.821989,39.983147],[-77.819015,39.985499],[-77.813557,39.991596],[-77.813023,39.993498],[-77.811177,39.996128],[-77.806894,39.999526],[-77.804712,40.002505],[-77.801485,40.005908],[-77.798563,40.007744],[-77.790184,40.014909],[-77.787935,40.016213],[-77.718456,39.984815],[-77.70347,39.977141],[-77.687935,39.969331],[-77.686963,39.970533],[-77.626966,40.027577],[-77.619307,40.03492],[-77.585818,40.009997],[-77.539566,39.982737],[-77.538013,39.981616],[-77.53304,39.981747],[-77.529801,39.979907],[-77.525921,39.975888],[-77.523767,39.974724],[-77.522033,39.974663],[-77.520115,39.972927],[-77.518196,39.972246],[-77.5161,39.970302],[-77.514167,39.9695],[-77.51055,39.969598],[-77.508432,39.968477],[-77.503866,39.967432],[-77.502405,39.966009],[-77.500923,39.963352],[-77.498397,39.960532],[-77.496608,39.959755],[-77.494029,39.957184],[-77.490121,39.955606],[-77.470967,39.944274]]]},"properties":{"district":"089","name":"State House District 89"}},{"type":"Feature","geometry":{"type":"Polygon","coordinates":[[[-78.099403,39.722099],[-78.0839,39.7355],[-78.069297,39.748298],[-78.067901,39.749999],[-78.067199,39.752899],[-78.064498,39.757701],[-78.059501,39.763801],[-78.058097,39.7649],[-78.055198,39.768501],[-78.0531,39.770301],[-78.050903,39.7737],[-78.0494,39.775001],[-78.046402,39.7793],[-78.045196,39.7802],[-78.042999,39.783401],[-78.0372,39.79],[-78.036499,39.791999],[-78.0326,39.795299],[-78.028503,39.7999],[-78.022399,39.804901],[-78.019096,39.807098],[-78.014701,39.811698],[-78.008499,39.819801],[-78.0027,39.826599],[-78,39.831882],[-77.998062,39.833938],[-77.995437,39.838016],[-77.992775,39.843727],[-77.990753,39.845958],[-77.983833,39.856498],[-77.978057,39.866355],[-77.976493,39.87046],[-77.975135,39.871788],[-77.97258,39.878032],[-77.970413,39.885227],[-77.969024,39.887371],[-77.969009,39.88879],[-77.967018,39.892967],[-77.965119,39.894649],[-77.964743,39.899626],[-77.962692,39.901726],[-77.959222,39.909371],[-77.958853,39.911827],[-77.956543,39.914824],[-77.95616,39.917271],[-77.954616,39.920479],[-77.954386,39.923209],[-77.955588,39.924572],[-77.956188,39.927024],[-77.955511,39.928861],[-77.953171,39.931633],[-77.947273,39.93494],[-77.945915,39.936748],[-77.944045,39.940596],[-77.922899,39.941237],[-77.91486,39.943715],[-77.886056,39.946323],[-77.884534,39.945421],[-77.872646,39.930519],[-77.861953,39.917275],[-77.853836,39.903365],[-77.840644,39.890985],[-77.814853,39.865673],[-77.800568,39.847355],[-77.798934,39.846698],[-77.794974,39.8474],[-77.789283,39.846918],[-77.783973,39.848014],[-77.779401,39.847803],[-77.778799,39.848437],[-77.774252,39.84823],[-77.769403,39.849959],[-77.764166,39.850975],[-77.759589,39.849902],[-77.757274,39.850674],[-77.754932,39.849771],[-77.753253,39.848211],[-77.750536,39.848388],[-77.748987,39.850344],[-77.749306,39.856124],[-77.739057,39.852686],[-77.731477,39.849964],[-77.70998,39.85047],[-77.694646,39.850345],[-77.671977,39.849817],[-77.646439,39.85017],[-77.641104,39.85015],[-77.641074,39.850882],[-77.597777,39.850677],[-77.522212,39.850252],[-77.465124,39.849893],[-77.464605,39.838927],[-77.463175,39.820473],[-77.463035,39.813236],[-77.462268,39.795902],[-77.461573,39.775118],[-77.460656,39.753611],[-77.459417,39.735423],[-77.459134,39.719984],[-77.46397,39.720043],[-77.499457,39.719981],[-77.502821,39.719886],[-77.540659,39.720128],[-77.567486,39.72041],[-77.624731,39.720481],[-77.653904,39.720656],[-77.669563,39.720664],[-77.67849,39.720907],[-77.715488,39.721074],[-77.724073,39.720894],[-77.72888,39.721201],[-77.751843,39.721318],[-77.755761,39.721243],[-77.7821,39.721465],[-77.790354,39.721647],[-77.803234,39.721686],[-77.865539,39.722067],[-77.874719,39.722217],[-77.893524,39.722148],[-77.893923,39.722265],[-77.910431,39.72223],[-77.929484,39.722327],[-77.966442,39.722385],[-78.022222,39.722393],[-78.046854,39.722281],[-78.059713,39.722472],[-78.099403,39.722099]]]},"properties":{"district":"090","name":"State House District 90"}},{"type":"Feature","geometry":{"type":"Polygon","coordinates":[[[-76.998583,39.831385],[-77.000312,39.831219],[-76.99965,39.819634],[-76.999413,39.750099],[-76.999318,39.720106],[-77.020818,39.720082],[-77.039859,39.719893],[-77.057911,39.719946],[-77.161438,39.719896],[-77.176057,39.719816],[-77.240549,39.719886],[-77.306618,39.719907],[-77.375448,39.719894],[-77.391594,39.71982],[-77.459134,39.719984],[-77.459417,39.735423],[-77.460656,39.753611],[-77.461573,39.775118],[-77.462268,39.795902],[-77.463035,39.813236],[-77.463175,39.820473],[-77.464605,39.838927],[-77.465124,39.849893],[-77.466091,39.861116],[-77.466184,39.86455],[-77.467128,39.877996],[-77.46835,39.898639],[-77.468791,39.904319],[-77.468626,39.907234],[-77.469611,39.916169],[-77.470053,39.923069],[-77.471085,39.944077],[-77.421362,39.981294],[-77.394602,39.965145],[-77.387657,39.958971],[-77.376451,39.956487],[-77.354761,39.942811],[-77.353673,39.943444],[-77.34805,39.944963],[-77.346181,39.948468],[-77.342481,39.948827],[-77.339642,39.947],[-77.341,39.945173],[-77.338505,39.94394],[-77.335897,39.943345],[-77.33228,39.940336],[-77.330111,39.937075],[-77.327375,39.936388],[-77.32398,39.934255],[-77.318432,39.933931],[-77.317204,39.934423],[-77.313305,39.9326],[-77.310185,39.932424],[-77.307896,39.933866],[-77.30438,39.934511],[-77.301167,39.932932],[-77.296612,39.933717],[-77.294476,39.932047],[-77.294125,39.928736],[-77.300881,39.930831],[-77.305223,39.930932],[-77.311406,39.926254],[-77.306289,39.920806],[-77.303065,39.916863],[-77.300481,39.915739],[-77.293201,39.915874],[-77.29219,39.9162],[-77.291551,39.910849],[-77.28032,39.895665],[-77.263446,39.87315],[-77.247763,39.88156],[-77.228192,39.890231],[-77.229396,39.891128],[-77.225777,39.893524],[-77.227251,39.895109],[-77.219144,39.89883],[-77.222017,39.902376],[-77.207998,39.90888],[-77.208022,39.910877],[-77.189175,39.917124],[-77.175578,39.921855],[-77.153757,39.928953],[-77.150942,39.925164],[-77.148565,39.923463],[-77.147169,39.920895],[-77.140805,39.914768],[-77.140167,39.912303],[-77.132441,39.908204],[-77.128018,39.908621],[-77.126295,39.908063],[-77.125433,39.906379],[-77.122205,39.905404],[-77.119887,39.903559],[-77.116119,39.901513],[-77.107078,39.903622],[-77.104841,39.904568],[-77.10266,39.904568],[-77.099637,39.907436],[-77.097423,39.908004],[-77.095832,39.907013],[-77.093505,39.907959],[-77.094431,39.909297],[-77.093878,39.912013],[-77.091869,39.912286],[-77.090514,39.914177],[-77.084351,39.91405],[-77.085034,39.911468],[-77.086551,39.909922],[-77.085478,39.905822],[-77.086087,39.903059],[-77.085078,39.901413],[-77.08336,39.896559],[-77.083305,39.894686],[-77.082151,39.89255],[-77.075832,39.892722],[-77.074931,39.891301],[-77.069327,39.891042],[-77.06699,39.887938],[-77.066463,39.886488],[-77.068072,39.883333],[-77.070609,39.882129],[-77.078086,39.88096],[-77.079822,39.875779],[-77.076486,39.873251],[-77.074691,39.874559],[-77.071724,39.875308],[-77.067091,39.874108],[-77.065651,39.872391],[-77.066389,39.870387],[-77.069026,39.870275],[-77.072117,39.86933],[-77.073288,39.86821],[-77.072597,39.865613],[-77.073964,39.862275],[-77.073833,39.859148],[-77.070459,39.85786],[-77.067948,39.859599],[-77.066488,39.858658],[-77.066563,39.856515],[-77.069217,39.853616],[-77.070717,39.851183],[-77.071293,39.849055],[-77.072808,39.84846],[-77.071826,39.846711],[-77.073702,39.841751],[-77.075208,39.841569],[-77.079128,39.83898],[-77.078837,39.836793],[-77.077167,39.836719],[-77.077078,39.834423],[-77.078962,39.831665],[-77.076196,39.831488],[-77.0748,39.829888],[-77.069065,39.826371],[-77.066542,39.823804],[-77.063145,39.824037],[-77.060389,39.826218],[-77.058316,39.828778],[-77.056396,39.829524],[-77.052112,39.830138],[-77.050476,39.829229],[-77.046518,39.828948],[-77.043481,39.827842],[-77.038595,39.827671],[-77.036524,39.828776],[-77.035715,39.830494],[-77.033066,39.832522],[-77.03062,39.833132],[-77.026495,39.826895],[-77.024078,39.826875],[-77.015557,39.825023],[-77.013231,39.827224],[-77.010582,39.827568],[-77.008457,39.829765],[-77.003533,39.831028],[-76.998583,39.831385]]]},"properties":{"district":"091","name":"State House District 91"}},{"type":"Feature","geometry":{"type":"Polygon","coordinates":[[[-76.707881,40.110626],[-76.709495,40.107814],[-76.707753,40.104558],[-76.705593,40.101934],[-76.705106,40.100507],[-76.709123,40.095204],[-76.713108,40.090948],[-76.712805,40.088761],[-76.708633,40.086387],[-76.707807,40.084055],[-76.708431,40.082952],[-76.712573,40.082601],[-76.717507,40.081446],[-76.72332,40.082588],[-76.724228,40.083101],[-76.726307,40.089088],[-76.727841,40.091264],[-76.729361,40.094988],[-76.731244,40.097984],[-76.733738,40.100613],[-76.737466,40.105559],[-76.740264,40.10667],[-76.744758,40.105388],[-76.745589,40.104098],[-76.745681,40.101718],[-76.749721,40.097691],[-76.758533,40.098667],[-76.762806,40.099774],[-76.767604,40.101648],[-76.772705,40.103201],[-76.774687,40.104386],[-76.777581,40.104051],[-76.779302,40.100802],[-76.782678,40.099353],[-76.786288,40.099714],[-76.788225,40.10077],[-76.788708,40.104737],[-76.791046,40.106528],[-76.793176,40.109806],[-76.796599,40.110565],[-76.797677,40.108509],[-76.794699,40.107262],[-76.794706,40.104498],[-76.798076,40.103358],[-76.80062,40.101694],[-76.80256,40.098623],[-76.804556,40.097678],[-76.806268,40.098158],[-76.808449,40.100089],[-76.810092,40.09979],[-76.812987,40.094054],[-76.814124,40.094062],[-76.818045,40.098412],[-76.823181,40.095884],[-76.825453,40.095756],[-76.827758,40.096747],[-76.831648,40.097233],[-76.833007,40.096475],[-76.832271,40.093515],[-76.830015,40.089418],[-76.832255,40.087386],[-76.832399,40.083547],[-76.834623,40.081995],[-76.83849,40.083462],[-76.840474,40.087223],[-76.840879,40.090313],[-76.840179,40.093908],[-76.840334,40.095613],[-76.842317,40.099068],[-76.845757,40.098597],[-76.847673,40.093784],[-76.846137,40.088842],[-76.846404,40.087584],[-76.849404,40.084404],[-76.85103,40.084249],[-76.855559,40.085356],[-76.862532,40.085861],[-76.864466,40.084814],[-76.865228,40.082606],[-76.861779,40.074223],[-76.860203,40.071273],[-76.863568,40.066527],[-76.863942,40.064174],[-76.865734,40.063918],[-76.869048,40.067677],[-76.869946,40.072205],[-76.871305,40.072365],[-76.874075,40.071277],[-76.873979,40.069213],[-76.871148,40.066924],[-76.872275,40.065261],[-76.874305,40.065261],[-76.87742,40.064091],[-76.881553,40.061875],[-76.882198,40.059004],[-76.879844,40.05422],[-76.880359,40.052678],[-76.882197,40.050828],[-76.885285,40.04899],[-76.890093,40.048388],[-76.892209,40.047346],[-76.898925,40.045002],[-76.892709,40.040376],[-76.881855,40.03448],[-76.878551,40.031519],[-76.875321,40.027257],[-76.86722,40.019307],[-76.854799,40.005409],[-76.856061,40.004934],[-76.85922,40.002037],[-76.851004,39.996157],[-76.849577,39.997772],[-76.848242,39.996838],[-76.845893,39.997528],[-76.841046,39.991743],[-76.838439,39.989995],[-76.83901,39.988207],[-76.841141,39.985131],[-76.84235,39.982111],[-76.842312,39.978924],[-76.843678,39.976352],[-76.849429,39.973486],[-76.846067,39.967412],[-76.840245,39.962886],[-76.835863,39.9585],[-76.831872,39.952722],[-76.831986,39.950117],[-76.829632,39.947103],[-76.828556,39.943513],[-76.835055,39.94533],[-76.843366,39.946261],[-76.871471,39.94849],[-76.883564,39.949028],[-76.889944,39.949004],[-76.890971,39.950085],[-76.903253,39.954273],[-76.91391,39.959073],[-76.919491,39.961265],[-76.924999,39.963831],[-76.932688,39.966984],[-76.936892,39.962381],[-76.939612,39.962291],[-76.961123,39.962789],[-76.958853,39.959486],[-76.954686,39.958317],[-76.94404,39.953998],[-76.944632,39.950874],[-76.948705,39.948891],[-76.949825,39.949248],[-76.952673,39.953014],[-76.95624,39.953529],[-76.958023,39.951821],[-76.958878,39.948241],[-76.961219,39.946153],[-76.963148,39.945697],[-76.964192,39.94397],[-76.96351,39.941814],[-76.96459,39.940644],[-76.964187,39.937081],[-76.966202,39.935192],[-76.969615,39.939897],[-76.986105,39.964382],[-76.992672,39.973197],[-77.010547,40.000481],[-77.018648,40.013947],[-77.021266,40.014942],[-77.026238,40.018378],[-77.028727,40.018248],[-77.033211,40.018724],[-77.04069,40.02132],[-77.046018,40.022295],[-77.056181,40.023438],[-77.060063,40.025934],[-77.068485,40.028872],[-77.070304,40.030182],[-77.072354,40.034009],[-77.078563,40.037868],[-77.080812,40.043222],[-77.085483,40.047489],[-77.089166,40.051555],[-77.092628,40.05392],[-77.09647,40.054953],[-77.098823,40.056225],[-77.104316,40.057957],[-77.106307,40.059759],[-77.112011,40.061446],[-77.11393,40.062627],[-77.123444,40.066193],[-77.127916,40.068689],[-77.134272,40.069168],[-77.137425,40.069945],[-77.076775,40.113579],[-77.062568,40.123585],[-77.059871,40.125327],[-77.055215,40.129061],[-77.036873,40.142096],[-77.031548,40.146642],[-77.028861,40.147732],[-77.026172,40.147428],[-77.022749,40.145814],[-77.021249,40.147709],[-77.019675,40.148309],[-77.011343,40.148449],[-77.005243,40.151431],[-77.003652,40.153102],[-77.000841,40.153572],[-76.999774,40.152898],[-76.995639,40.15371],[-76.992366,40.155167],[-76.986812,40.155127],[-76.98563,40.154354],[-76.980968,40.153516],[-76.979009,40.152029],[-76.974768,40.153226],[-76.973998,40.154824],[-76.971226,40.157022],[-76.972223,40.158731],[-76.973662,40.159287],[-76.97703,40.15888],[-76.980675,40.160556],[-76.981784,40.16303],[-76.978024,40.164777],[-76.973108,40.162989],[-76.966876,40.162704],[-76.964648,40.164863],[-76.960608,40.163765],[-76.954886,40.165363],[-76.949917,40.165784],[-76.942704,40.164133],[-76.939283,40.164264],[-76.93365,40.162026],[-76.929107,40.161274],[-76.925166,40.162058],[-76.919214,40.162804],[-76.916146,40.164051],[-76.910727,40.164946],[-76.909095,40.16614],[-76.907281,40.165484],[-76.905391,40.166539],[-76.90765,40.169372],[-76.911168,40.170919],[-76.915721,40.17367],[-76.919854,40.175304],[-76.923294,40.177087],[-76.92534,40.179034],[-76.926344,40.181471],[-76.928303,40.183802],[-76.928428,40.185552],[-76.926548,40.18848],[-76.924662,40.188258],[-76.920274,40.186474],[-76.91672,40.183237],[-76.914181,40.182773],[-76.911898,40.18488],[-76.913451,40.187677],[-76.912983,40.189189],[-76.909596,40.188856],[-76.908555,40.190729],[-76.913303,40.193187],[-76.914659,40.195671],[-76.918612,40.198311],[-76.924229,40.197307],[-76.926749,40.197758],[-76.929481,40.196853],[-76.931272,40.19759],[-76.931511,40.199385],[-76.926875,40.200164],[-76.925795,40.202751],[-76.923532,40.203864],[-76.923962,40.205485],[-76.922214,40.20834],[-76.920352,40.209657],[-76.917853,40.210378],[-76.91487,40.208717],[-76.914916,40.20594],[-76.912249,40.204506],[-76.910537,40.205541],[-76.910063,40.208313],[-76.906817,40.208999],[-76.906152,40.211604],[-76.907465,40.21473],[-76.905952,40.217109],[-76.904123,40.217066],[-76.902821,40.214837],[-76.902575,40.212976],[-76.899978,40.212188],[-76.898676,40.214632],[-76.89964,40.217406],[-76.903321,40.221104],[-76.904313,40.223514],[-76.902886,40.224603],[-76.900102,40.223462],[-76.896961,40.224666],[-76.893447,40.219748],[-76.891801,40.215895],[-76.889345,40.213758],[-76.885625,40.213993],[-76.882802,40.216386],[-76.879784,40.217825],[-76.877498,40.217834],[-76.872744,40.215625],[-76.867015,40.216002],[-76.865024,40.218237],[-76.860893,40.219414],[-76.861751,40.223289],[-76.859023,40.226328],[-76.856358,40.225902],[-76.852342,40.224564],[-76.84073,40.222048],[-76.839468,40.221615],[-76.834785,40.217962],[-76.833066,40.21608],[-76.832926,40.214592],[-76.830223,40.207753],[-76.828859,40.20502],[-76.824696,40.202319],[-76.821638,40.201343],[-76.817464,40.200881],[-76.815406,40.201126],[-76.810609,40.200605],[-76.804093,40.200605],[-76.800585,40.200111],[-76.795384,40.19734],[-76.792065,40.194606],[-76.790189,40.193781],[-76.787668,40.19155],[-76.785936,40.190947],[-76.780628,40.187607],[-76.775513,40.185194],[-76.774014,40.184091],[-76.767369,40.181369],[-76.763034,40.178955],[-76.756379,40.177052],[-76.753195,40.176043],[-76.750844,40.173372],[-76.749112,40.167113],[-76.748851,40.162734],[-76.748041,40.159143],[-76.748259,40.155761],[-76.746892,40.151009],[-76.74579,40.145793],[-76.745568,40.139298],[-76.744725,40.136804],[-76.744608,40.133025],[-76.743537,40.13085],[-76.740557,40.12788],[-76.737236,40.125245],[-76.732652,40.122732],[-76.729168,40.12192],[-76.726887,40.121965],[-76.72162,40.12007],[-76.714029,40.115275],[-76.710932,40.113843],[-76.707881,40.110626]]]},"properties":{"district":"092","name":"State House District 92"}},{"type":"Feature","geometry":{"type":"Polygon","coordinates":[[[-76.609425,39.721297],[-76.612283,39.723051],[-76.607734,39.726018],[-76.609453,39.733047],[-76.608864,39.73498],[-76.61141,39.734814],[-76.612049,39.733331],[-76.614438,39.732704],[-76.614903,39.735548],[-76.622338,39.738169],[-76.626219,39.737177],[-76.628046,39.738864],[-76.631467,39.739085],[-76.633697,39.742617],[-76.637816,39.742124],[-76.637253,39.7442],[-76.63467,39.746154],[-76.634924,39.748109],[-76.636311,39.749548],[-76.640744,39.751488],[-76.644264,39.75401],[-76.646048,39.756904],[-76.648573,39.757816],[-76.647961,39.759013],[-76.650357,39.762325],[-76.650064,39.763698],[-76.651458,39.764934],[-76.653271,39.767927],[-76.659668,39.769373],[-76.663709,39.771356],[-76.671866,39.771026],[-76.677838,39.769134],[-76.676155,39.76212],[-76.673738,39.757847],[-76.672585,39.753595],[-76.6732,39.752749],[-76.672233,39.746451],[-76.674458,39.747284],[-76.676382,39.746168],[-76.677148,39.750942],[-76.68072,39.750735],[-76.68236,39.758628],[-76.68409,39.765547],[-76.686489,39.76861],[-76.69041,39.7693],[-76.696051,39.771835],[-76.692677,39.775121],[-76.692142,39.774604],[-76.687964,39.777829],[-76.684384,39.779685],[-76.685992,39.780902],[-76.686243,39.78442],[-76.682304,39.786549],[-76.683964,39.789307],[-76.676889,39.790149],[-76.674975,39.78939],[-76.673653,39.782899],[-76.670172,39.777287],[-76.671382,39.783635],[-76.667405,39.791194],[-76.669111,39.794228],[-76.668826,39.795744],[-76.667281,39.797418],[-76.661797,39.802145],[-76.65922,39.803775],[-76.658087,39.806087],[-76.654932,39.806773],[-76.653515,39.807733],[-76.65288,39.809918],[-76.651213,39.812537],[-76.649682,39.813382],[-76.64785,39.815902],[-76.650106,39.818682],[-76.649294,39.819856],[-76.645996,39.820223],[-76.64639,39.82416],[-76.740914,39.802946],[-76.74439,39.805207],[-76.746896,39.806134],[-76.75226,39.810216],[-76.754242,39.815982],[-76.757167,39.818422],[-76.759203,39.818626],[-76.761495,39.820439],[-76.763311,39.820302],[-76.764847,39.822483],[-76.763721,39.825513],[-76.764309,39.828166],[-76.759372,39.830602],[-76.760254,39.832535],[-76.762773,39.835896],[-76.771062,39.839062],[-76.772393,39.840271],[-76.772226,39.841663],[-76.773734,39.843881],[-76.766713,39.847677],[-76.764849,39.846237],[-76.760787,39.848902],[-76.760648,39.853292],[-76.758384,39.855517],[-76.752942,39.862241],[-76.758406,39.865507],[-76.754414,39.867565],[-76.749409,39.867017],[-76.746972,39.867951],[-76.745706,39.870247],[-76.747673,39.870581],[-76.749252,39.874583],[-76.751729,39.876833],[-76.753458,39.879678],[-76.756507,39.882041],[-76.75585,39.882688],[-76.760246,39.885562],[-76.758833,39.88745],[-76.755989,39.887817],[-76.754321,39.887278],[-76.748342,39.889998],[-76.746238,39.888428],[-76.742544,39.886915],[-76.741426,39.887613],[-76.742247,39.889556],[-76.748372,39.892254],[-76.74672,39.893947],[-76.743428,39.895733],[-76.745803,39.897642],[-76.745299,39.900207],[-76.744167,39.902118],[-76.744496,39.903464],[-76.74752,39.904412],[-76.757334,39.90854],[-76.759285,39.911424],[-76.762814,39.912134],[-76.763826,39.913007],[-76.764181,39.915528],[-76.761264,39.916499],[-76.757086,39.915602],[-76.753529,39.914041],[-76.748223,39.914199],[-76.742816,39.917081],[-76.74216,39.918114],[-76.733433,39.922374],[-76.723688,39.927944],[-76.713572,39.932846],[-76.704616,39.938086],[-76.699976,39.938246],[-76.697699,39.940231],[-76.699622,39.940967],[-76.696444,39.943067],[-76.689544,39.946388],[-76.69101,39.944059],[-76.686844,39.942548],[-76.682353,39.94641],[-76.682456,39.948444],[-76.680532,39.949083],[-76.681468,39.950922],[-76.660317,39.960919],[-76.658298,39.957003],[-76.649683,39.953833],[-76.647503,39.946723],[-76.645907,39.94421],[-76.644134,39.938098],[-76.644046,39.935012],[-76.641797,39.931252],[-76.637238,39.927022],[-76.633665,39.922044],[-76.6305,39.916975],[-76.625354,39.912726],[-76.623464,39.91073],[-76.621382,39.909751],[-76.61476,39.907844],[-76.613026,39.905297],[-76.616582,39.903727],[-76.615346,39.902227],[-76.621526,39.89964],[-76.6203,39.895895],[-76.618139,39.895671],[-76.61356,39.894401],[-76.615596,39.893126],[-76.617911,39.893412],[-76.61918,39.891819],[-76.615008,39.887272],[-76.611156,39.890245],[-76.607646,39.891266],[-76.603298,39.891654],[-76.601117,39.894058],[-76.598118,39.888935],[-76.599303,39.888511],[-76.608122,39.883444],[-76.611079,39.880297],[-76.612774,39.877667],[-76.615441,39.871107],[-76.612534,39.87019],[-76.608286,39.866193],[-76.60412,39.866815],[-76.598924,39.865378],[-76.597812,39.863402],[-76.593735,39.862145],[-76.589104,39.861949],[-76.584976,39.857975],[-76.581264,39.857168],[-76.579568,39.855675],[-76.574901,39.857153],[-76.571433,39.855976],[-76.571733,39.852822],[-76.563306,39.850467],[-76.561609,39.850982],[-76.559547,39.849411],[-76.553698,39.848225],[-76.550279,39.849374],[-76.549145,39.848719],[-76.546417,39.845008],[-76.543167,39.844822],[-76.539336,39.846329],[-76.537206,39.846411],[-76.535838,39.844467],[-76.532,39.840957],[-76.528118,39.839352],[-76.52755,39.835953],[-76.525115,39.833339],[-76.520842,39.832036],[-76.522368,39.82934],[-76.521315,39.828088],[-76.518509,39.828196],[-76.517214,39.826071],[-76.515247,39.827031],[-76.510099,39.825634],[-76.505228,39.82516],[-76.501809,39.825927],[-76.498927,39.825512],[-76.498383,39.823113],[-76.496066,39.81966],[-76.493344,39.817998],[-76.490822,39.817159],[-76.486834,39.816661],[-76.487633,39.818094],[-76.486908,39.819752],[-76.483639,39.819809],[-76.480966,39.816812],[-76.47944,39.813902],[-76.481682,39.81194],[-76.480264,39.810793],[-76.477275,39.813134],[-76.47595,39.81164],[-76.475848,39.807549],[-76.469674,39.805454],[-76.469936,39.803971],[-76.471665,39.80196],[-76.46908,39.800665],[-76.464901,39.80149],[-76.464202,39.798129],[-76.462927,39.796027],[-76.46072,39.795538],[-76.460208,39.796994],[-76.46112,39.799316],[-76.455553,39.799493],[-76.453638,39.801229],[-76.451686,39.796748],[-76.44787,39.797309],[-76.445848,39.794525],[-76.443826,39.793388],[-76.441897,39.793696],[-76.440445,39.79497],[-76.438623,39.797798],[-76.43727,39.79849],[-76.435262,39.79782],[-76.431866,39.799456],[-76.429503,39.795755],[-76.426798,39.794053],[-76.422712,39.792646],[-76.421609,39.790982],[-76.416434,39.788785],[-76.413785,39.790404],[-76.412291,39.789899],[-76.4062,39.785616],[-76.409244,39.764801],[-76.412432,39.74193],[-76.404968,39.727876],[-76.404526,39.721239],[-76.414841,39.721175],[-76.438881,39.721305],[-76.444096,39.721147],[-76.451822,39.721306],[-76.465073,39.721147],[-76.479138,39.721116],[-76.483363,39.721319],[-76.514789,39.721127],[-76.523628,39.721306],[-76.552265,39.721367],[-76.571589,39.721102],[-76.583876,39.721302],[-76.592003,39.720884],[-76.595462,39.720449],[-76.601427,39.721299],[-76.609425,39.721297]]]},"properties":{"district":"093","name":"State House District 93"}},{"type":"Feature","geometry":{"type":"Polygon","coordinates":[[[-76.69457,39.972893],[-76.693091,39.973052],[-76.694724,39.977313],[-76.69471,39.982821],[-76.692355,39.982094],[-76.687588,39.983152],[-76.687978,39.984172],[-76.683905,39.985692],[-76.681078,39.985441],[-76.673643,39.987802],[-76.668722,39.987954],[-76.667164,39.985718],[-76.663885,39.982344],[-76.654286,39.983347],[-76.653648,39.981736],[-76.647984,39.984149],[-76.647148,39.98305],[-76.64225,39.979041],[-76.636822,39.978948],[-76.629816,39.977848],[-76.621602,39.980044],[-76.616092,39.973442],[-76.60225,39.977272],[-76.588981,39.983298],[-76.583333,39.983564],[-76.575052,39.986465],[-76.571946,39.987276],[-76.564383,39.990536],[-76.559575,39.991511],[-76.556078,39.994343],[-76.553034,39.995051],[-76.550829,39.996542],[-76.548263,39.996985],[-76.542689,39.999819],[-76.541224,40.00146],[-76.537559,40.001197],[-76.535206,40.001917],[-76.527059,40.007626],[-76.519749,40.010339],[-76.512005,40.012489],[-76.509586,40.009423],[-76.505581,40.005961],[-76.503787,40.003247],[-76.500611,40.000624],[-76.498454,39.99673],[-76.498051,39.992458],[-76.496833,39.987974],[-76.496671,39.982525],[-76.495352,39.976128],[-76.491349,39.969585],[-76.490205,39.96673],[-76.487389,39.962135],[-76.484461,39.959],[-76.483005,39.958188],[-76.479207,39.954813],[-76.477021,39.951508],[-76.47358,39.947352],[-76.467577,39.943049],[-76.463425,39.941754],[-76.45975,39.94125],[-76.458922,39.940261],[-76.453892,39.938153],[-76.448969,39.934338],[-76.443804,39.932268],[-76.440573,39.931779],[-76.436907,39.930407],[-76.435794,39.930522],[-76.430401,39.928907],[-76.422156,39.925832],[-76.411538,39.919839],[-76.40567,39.915955],[-76.395131,39.914008],[-76.391674,39.912819],[-76.385786,39.906167],[-76.385334,39.901933],[-76.383897,39.898187],[-76.383777,39.893617],[-76.380832,39.89042],[-76.379769,39.887913],[-76.379516,39.886435],[-76.38008,39.881902],[-76.381709,39.87906],[-76.380692,39.873675],[-76.379508,39.872931],[-76.378656,39.868808],[-76.376657,39.865642],[-76.374255,39.864666],[-76.369641,39.860399],[-76.367598,39.859287],[-76.361674,39.857054],[-76.360701,39.85585],[-76.356824,39.853326],[-76.350759,39.84709],[-76.351273,39.84232],[-76.350543,39.837756],[-76.348907,39.836226],[-76.342401,39.828866],[-76.341068,39.825918],[-76.338255,39.822062],[-76.336388,39.820937],[-76.332826,39.817648],[-76.328353,39.814788],[-76.322289,39.813022],[-76.315702,39.810037],[-76.313351,39.80797],[-76.313199,39.806436],[-76.311074,39.80363],[-76.306506,39.799368],[-76.305303,39.798757],[-76.297162,39.79148],[-76.290182,39.785011],[-76.28515,39.781211],[-76.283265,39.780184],[-76.279839,39.77964],[-76.277404,39.77769],[-76.276113,39.77562],[-76.271598,39.765806],[-76.267475,39.759358],[-76.264457,39.756567],[-76.260577,39.752035],[-76.256564,39.75004],[-76.249584,39.73998],[-76.245573,39.737174],[-76.240582,39.730313],[-76.23869,39.725093],[-76.239805,39.721335],[-76.241574,39.721503],[-76.254293,39.721202],[-76.258924,39.721299],[-76.335202,39.721301],[-76.384583,39.721303],[-76.386683,39.721203],[-76.404526,39.721239],[-76.404968,39.727876],[-76.412432,39.74193],[-76.409244,39.764801],[-76.4062,39.785616],[-76.412291,39.789899],[-76.413785,39.790404],[-76.416434,39.788785],[-76.421609,39.790982],[-76.422712,39.792646],[-76.426798,39.794053],[-76.429503,39.795755],[-76.431866,39.799456],[-76.435262,39.79782],[-76.43727,39.79849],[-76.438623,39.797798],[-76.440445,39.79497],[-76.441897,39.793696],[-76.443826,39.793388],[-76.445848,39.794525],[-76.44787,39.797309],[-76.451686,39.796748],[-76.453638,39.801229],[-76.455553,39.799493],[-76.46112,39.799316],[-76.460208,39.796994],[-76.46072,39.795538],[-76.462927,39.796027],[-76.464202,39.798129],[-76.464901,39.80149],[-76.46908,39.800665],[-76.471665,39.80196],[-76.469936,39.803971],[-76.469674,39.805454],[-76.475848,39.807549],[-76.47595,39.81164],[-76.477275,39.813134],[-76.480264,39.810793],[-76.481682,39.81194],[-76.47944,39.813902],[-76.480966,39.816812],[-76.483639,39.819809],[-76.486908,39.819752],[-76.487633,39.818094],[-76.486834,39.816661],[-76.490822,39.817159],[-76.493344,39.817998],[-76.496066,39.81966],[-76.498383,39.823113],[-76.498927,39.825512],[-76.501809,39.825927],[-76.505228,39.82516],[-76.510099,39.825634],[-76.515247,39.827031],[-76.517214,39.826071],[-76.518509,39.828196],[-76.521315,39.828088],[-76.522368,39.82934],[-76.520842,39.832036],[-76.525115,39.833339],[-76.52755,39.835953],[-76.528118,39.839352],[-76.532,39.840957],[-76.535838,39.844467],[-76.537206,39.846411],[-76.539336,39.846329],[-76.543167,39.844822],[-76.546417,39.845008],[-76.549145,39.848719],[-76.550279,39.849374],[-76.553698,39.848225],[-76.559547,39.849411],[-76.561609,39.850982],[-76.563306,39.850467],[-76.571733,39.852822],[-76.571433,39.855976],[-76.574901,39.857153],[-76.579568,39.855675],[-76.581264,39.857168],[-76.584976,39.857975],[-76.589104,39.861949],[-76.593735,39.862145],[-76.597812,39.863402],[-76.598924,39.865378],[-76.60412,39.866815],[-76.608286,39.866193],[-76.612534,39.87019],[-76.615441,39.871107],[-76.612774,39.877667],[-76.611079,39.880297],[-76.608122,39.883444],[-76.599303,39.888511],[-76.598118,39.888935],[-76.601117,39.894058],[-76.603298,39.891654],[-76.607646,39.891266],[-76.611156,39.890245],[-76.615008,39.887272],[-76.61918,39.891819],[-76.617911,39.893412],[-76.615596,39.893126],[-76.61356,39.894401],[-76.618139,39.895671],[-76.6203,39.895895],[-76.621526,39.89964],[-76.615346,39.902227],[-76.616582,39.903727],[-76.613026,39.905297],[-76.61476,39.907844],[-76.621382,39.909751],[-76.623464,39.91073],[-76.625354,39.912726],[-76.6305,39.916975],[-76.633665,39.922044],[-76.637238,39.927022],[-76.641797,39.931252],[-76.644046,39.935012],[-76.644134,39.938098],[-76.645907,39.94421],[-76.647503,39.946723],[-76.649683,39.953833],[-76.658298,39.957003],[-76.660317,39.960919],[-76.681468,39.950922],[-76.683543,39.953579],[-76.685349,39.954594],[-76.685534,39.95773],[-76.687503,39.959317],[-76.688988,39.963814],[-76.688852,39.965966],[-76.693763,39.971149],[-76.69457,39.972893]]]},"properties":{"district":"094","name":"State House District 94"}},{"type":"Feature","geometry":{"type":"Polygon","coordinates":[[[-76.76107,39.980961],[-76.759675,39.981776],[-76.759356,39.985487],[-76.755844,39.989433],[-76.750756,39.988184],[-76.749487,39.990156],[-76.746686,39.992584],[-76.742294,39.986213],[-76.745177,39.9847],[-76.74488,39.981822],[-76.743117,39.973047],[-76.735278,39.971563],[-76.731935,39.972678],[-76.732604,39.975877],[-76.734019,39.975657],[-76.734999,39.979246],[-76.738026,39.979751],[-76.738067,39.981891],[-76.735811,39.982576],[-76.732114,39.982846],[-76.731476,39.981304],[-76.728443,39.981875],[-76.72447,39.980971],[-76.723665,39.982736],[-76.720137,39.981846],[-76.717231,39.97853],[-76.709373,39.979037],[-76.700679,39.978018],[-76.697296,39.977925],[-76.69457,39.972893],[-76.693763,39.971149],[-76.688852,39.965966],[-76.688988,39.963814],[-76.687503,39.959317],[-76.685534,39.95773],[-76.685349,39.954594],[-76.683543,39.953579],[-76.681468,39.950922],[-76.680532,39.949083],[-76.682456,39.948444],[-76.682353,39.94641],[-76.686844,39.942548],[-76.69101,39.944059],[-76.689544,39.946388],[-76.696444,39.943067],[-76.699622,39.940967],[-76.697699,39.940231],[-76.699976,39.938246],[-76.704616,39.938086],[-76.713572,39.932846],[-76.723688,39.927944],[-76.733433,39.922374],[-76.74216,39.918114],[-76.742816,39.917081],[-76.748223,39.914199],[-76.747623,39.915509],[-76.748832,39.920406],[-76.751127,39.921408],[-76.751723,39.924308],[-76.750416,39.926959],[-76.75045,39.928886],[-76.752169,39.929036],[-76.754072,39.930464],[-76.755245,39.934275],[-76.75692,39.936055],[-76.758603,39.936501],[-76.759158,39.938697],[-76.75691,39.940036],[-76.758676,39.944391],[-76.757227,39.945846],[-76.754473,39.94613],[-76.751962,39.945437],[-76.74558,39.945326],[-76.744419,39.947402],[-76.748779,39.9523],[-76.75819,39.949426],[-76.764129,39.946836],[-76.76568,39.946877],[-76.769152,39.956044],[-76.769311,39.957532],[-76.763427,39.95792],[-76.763632,39.959606],[-76.76178,39.959746],[-76.761622,39.958064],[-76.758062,39.958571],[-76.758137,39.956573],[-76.756581,39.955921],[-76.755506,39.953905],[-76.753487,39.954497],[-76.75126,39.956166],[-76.751553,39.958709],[-76.758384,39.96103],[-76.762305,39.962023],[-76.762814,39.965288],[-76.755146,39.966116],[-76.755832,39.969321],[-76.751337,39.969613],[-76.751312,39.970962],[-76.756822,39.977225],[-76.757036,39.975235],[-76.761987,39.973998],[-76.762665,39.977063],[-76.75826,39.978865],[-76.76107,39.980961]]]},"properties":{"district":"095","name":"State House District 95"}},{"type":"Feature","geometry":{"type":"Polygon","coordinates":[[[-76.366791,40.124331],[-76.363255,40.12716],[-76.340434,40.126729],[-76.336042,40.127123],[-76.324144,40.126645],[-76.316077,40.125926],[-76.30423,40.126256],[-76.288474,40.128354],[-76.283204,40.129491],[-76.280656,40.128944],[-76.279494,40.128596],[-76.278544,40.126676],[-76.279652,40.125517],[-76.283732,40.123929],[-76.2842,40.122754],[-76.282551,40.112522],[-76.283929,40.110301],[-76.28451,40.107237],[-76.283234,40.102262],[-76.280283,40.093424],[-76.281122,40.091341],[-76.276307,40.08735],[-76.271425,40.084534],[-76.282371,40.077715],[-76.285503,40.074999],[-76.286705,40.072637],[-76.288075,40.067207],[-76.284601,40.065311],[-76.275582,40.059203],[-76.26815,40.055238],[-76.262015,40.052571],[-76.260471,40.054602],[-76.258455,40.055825],[-76.254054,40.052824],[-76.256553,40.050354],[-76.255684,40.047874],[-76.256867,40.046846],[-76.261335,40.046231],[-76.261,40.042723],[-76.258353,40.042565],[-76.258655,40.041109],[-76.26317,40.03961],[-76.262846,40.041685],[-76.265381,40.043969],[-76.264123,40.045855],[-76.266556,40.046345],[-76.271533,40.048061],[-76.278073,40.04969],[-76.27796,40.048448],[-76.279196,40.047583],[-76.285852,40.04626],[-76.294282,40.045274],[-76.293779,40.042419],[-76.297703,40.042011],[-76.297137,40.038886],[-76.315199,40.036942],[-76.318495,40.037831],[-76.326138,40.038537],[-76.325274,40.040842],[-76.326925,40.050264],[-76.328848,40.050512],[-76.342078,40.053146],[-76.343035,40.055749],[-76.342321,40.057236],[-76.345474,40.058502],[-76.345024,40.06047],[-76.34258,40.063117],[-76.343861,40.064502],[-76.345923,40.063132],[-76.347278,40.06426],[-76.344788,40.0679],[-76.345596,40.069852],[-76.34481,40.071459],[-76.347168,40.073613],[-76.348725,40.076099],[-76.350224,40.077067],[-76.351673,40.08006],[-76.34959,40.082272],[-76.346162,40.082161],[-76.344494,40.085072],[-76.345565,40.086427],[-76.346294,40.089628],[-76.347458,40.091433],[-76.350901,40.094004],[-76.355611,40.09456],[-76.359722,40.093595],[-76.363606,40.103095],[-76.365043,40.106066],[-76.367045,40.108849],[-76.360662,40.108367],[-76.360207,40.107254],[-76.355869,40.106545],[-76.351285,40.108116],[-76.34709,40.110329],[-76.350639,40.112951],[-76.353122,40.113474],[-76.352509,40.115891],[-76.353639,40.118191],[-76.355936,40.118672],[-76.356799,40.120644],[-76.358529,40.122453],[-76.362507,40.123431],[-76.364573,40.12452],[-76.366791,40.124331]],[[-76.344686,40.108284],[-76.342304,40.106695],[-76.338189,40.107593],[-76.340647,40.108613],[-76.344686,40.108284]],[[-76.347219,40.099909],[-76.346997,40.098361],[-76.344517,40.098409],[-76.345977,40.094286],[-76.33945,40.095673],[-76.339179,40.093164],[-76.336156,40.095312],[-76.335144,40.098513],[-76.335967,40.100653],[-76.335311,40.102805],[-76.335797,40.104383],[-76.346907,40.10027],[-76.347219,40.099909]],[[-76.26757,40.047264],[-76.263986,40.046218],[-76.261818,40.048604],[-76.264601,40.050123],[-76.26757,40.047264]]]},"properties":{"district":"096","name":"State House District 96"}},{"type":"Feature","geometry":{"type":"MultiPolygon","coordinates":[[[[-76.279494,40.128596],[-76.263348,40.126428],[-76.258036,40.12614],[-76.247449,40.121144],[-76.240602,40.116802],[-76.226645,40.115111],[-76.228768,40.111902],[-76.228495,40.110355],[-76.226186,40.10799],[-76.228226,40.106357],[-76.230512,40.106967],[-76.233063,40.109928],[-76.235538,40.110591],[-76.237968,40.108725],[-76.238477,40.107191],[-76.237421,40.10402],[-76.237913,40.102725],[-76.240434,40.102795],[-76.244073,40.10738],[-76.247349,40.106792],[-76.248478,40.104934],[-76.247222,40.101565],[-76.244613,40.096674],[-76.246597,40.09535],[-76.250274,40.096587],[-76.252214,40.095635],[-76.251893,40.094029],[-76.250218,40.092079],[-76.247663,40.087411],[-76.24809,40.086621],[-76.239231,40.081336],[-76.23232,40.076281],[-76.215975,40.065298],[-76.184788,40.043469],[-76.163593,40.028245],[-76.142213,40.014282],[-76.136015,40.010056],[-76.139452,40.010274],[-76.140074,40.008765],[-76.142078,40.008088],[-76.144951,40.009717],[-76.146428,40.011847],[-76.148912,40.009392],[-76.151973,40.009528],[-76.152913,40.006046],[-76.154396,40.00479],[-76.157344,40.006477],[-76.15771,40.008287],[-76.15932,40.010865],[-76.161177,40.010831],[-76.163029,40.008009],[-76.164353,40.007235],[-76.16934,40.01001],[-76.171055,40.009587],[-76.171137,40.007601],[-76.168996,40.005281],[-76.169321,40.002757],[-76.171992,40.003385],[-76.173619,40.005742],[-76.175009,40.005381],[-76.175334,40.002249],[-76.178316,40.002652],[-76.178529,40.004925],[-76.180932,40.004127],[-76.180836,40.001427],[-76.183424,40.001504],[-76.184862,40.004592],[-76.18617,40.006023],[-76.18774,40.004324],[-76.187138,40.000482],[-76.187971,39.999336],[-76.189875,39.999332],[-76.192406,40.002717],[-76.194447,40.000945],[-76.194132,39.998092],[-76.19587,39.997874],[-76.197398,40.000316],[-76.199216,40.000788],[-76.199823,39.999234],[-76.199232,39.997324],[-76.20053,39.995528],[-76.204565,39.994618],[-76.203997,39.992107],[-76.207016,39.991569],[-76.208256,39.993195],[-76.21102,39.994616],[-76.212343,39.99437],[-76.213076,39.991051],[-76.212063,39.988979],[-76.212615,39.988055],[-76.216881,39.990325],[-76.218513,39.988425],[-76.214592,39.985439],[-76.213098,39.982933],[-76.214201,39.981223],[-76.218887,39.981605],[-76.222231,39.980449],[-76.223741,39.978872],[-76.225789,39.979168],[-76.225723,39.976774],[-76.22439,39.974897],[-76.224229,39.971988],[-76.22884,39.968295],[-76.229761,39.966979],[-76.229089,39.964874],[-76.22951,39.962919],[-76.235521,39.960512],[-76.238208,39.963311],[-76.239456,39.96362],[-76.241139,39.961911],[-76.2399,39.958933],[-76.242109,39.95776],[-76.242925,39.958794],[-76.245587,39.959005],[-76.246811,39.957321],[-76.250112,39.955608],[-76.250043,39.953353],[-76.246608,39.952584],[-76.245422,39.951485],[-76.249718,39.950945],[-76.255185,39.945162],[-76.258901,39.942687],[-76.259958,39.940232],[-76.259478,39.938551],[-76.26018,39.936407],[-76.262147,39.933695],[-76.263983,39.93396],[-76.265643,39.935715],[-76.269829,39.937609],[-76.270913,39.937273],[-76.272309,39.93349],[-76.274461,39.932901],[-76.276369,39.93374],[-76.278159,39.933291],[-76.283618,39.934592],[-76.288769,39.934001],[-76.290471,39.932336],[-76.289837,39.929079],[-76.294129,39.929583],[-76.295375,39.930741],[-76.296318,39.935492],[-76.297304,39.937698],[-76.30043,39.93994],[-76.303239,39.938944],[-76.304265,39.936915],[-76.306432,39.93807],[-76.307057,39.940733],[-76.308743,39.942244],[-76.310615,39.941644],[-76.310271,39.938452],[-76.307932,39.936921],[-76.308361,39.935279],[-76.310627,39.934886],[-76.311803,39.937503],[-76.311611,39.939307],[-76.312572,39.9406],[-76.316105,39.94187],[-76.318925,39.941423],[-76.318473,39.939015],[-76.319267,39.937243],[-76.323764,39.936904],[-76.322325,39.933477],[-76.32263,39.932023],[-76.328731,39.927181],[-76.32892,39.925895],[-76.325064,39.922923],[-76.32252,39.922467],[-76.320074,39.920889],[-76.318169,39.918553],[-76.31643,39.915056],[-76.316595,39.913118],[-76.322263,39.911594],[-76.324494,39.910313],[-76.329312,39.910698],[-76.331021,39.909114],[-76.328342,39.90809],[-76.328389,39.903661],[-76.332676,39.901769],[-76.332383,39.89995],[-76.334076,39.898725],[-76.335291,39.896658],[-76.343753,39.899468],[-76.345989,39.899713],[-76.356486,39.8979],[-76.357098,39.896198],[-76.359157,39.893837],[-76.356156,39.889171],[-76.360199,39.887319],[-76.365247,39.887002],[-76.368375,39.888121],[-76.379769,39.887913],[-76.380832,39.89042],[-76.383777,39.893617],[-76.383897,39.898187],[-76.385334,39.901933],[-76.385786,39.906167],[-76.391674,39.912819],[-76.395131,39.914008],[-76.40567,39.915955],[-76.411538,39.919839],[-76.422156,39.925832],[-76.430401,39.928907],[-76.435794,39.930522],[-76.436907,39.930407],[-76.440573,39.931779],[-76.443804,39.932268],[-76.448969,39.934338],[-76.453892,39.938153],[-76.458922,39.940261],[-76.45975,39.94125],[-76.463425,39.941754],[-76.467577,39.943049],[-76.47358,39.947352],[-76.477021,39.951508],[-76.479207,39.954813],[-76.483005,39.958188],[-76.484461,39.959],[-76.487389,39.962135],[-76.490205,39.96673],[-76.491349,39.969585],[-76.495352,39.976128],[-76.496671,39.982525],[-76.496833,39.987974],[-76.498051,39.992458],[-76.498454,39.99673],[-76.500611,40.000624],[-76.503787,40.003247],[-76.505581,40.005961],[-76.509586,40.009423],[-76.512005,40.012489],[-76.512236,40.013442],[-76.490728,40.019967],[-76.488421,40.018951],[-76.485427,40.019568],[-76.476773,40.020169],[-76.477086,40.021644],[-76.471415,40.021678],[-76.456497,40.020728],[-76.451582,40.024854],[-76.43335,40.032595],[-76.422111,40.035668],[-76.418589,40.035486],[-76.418705,40.037338],[-76.409884,40.037168],[-76.405419,40.037731],[-76.394566,40.040358],[-76.388285,40.041364],[-76.381965,40.041077],[-76.375621,40.040106],[-76.376531,40.035196],[-76.383359,40.03576],[-76.382697,40.028123],[-76.379731,40.025055],[-76.378615,40.021776],[-76.383908,40.020499],[-76.382028,40.015626],[-76.375095,40.012756],[-76.375091,40.010445],[-76.377318,40.009467],[-76.377115,40.006598],[-76.375537,40.006254],[-76.367487,40.00584],[-76.363,40.006904],[-76.362027,40.003634],[-76.363534,40.002472],[-76.36217,39.999343],[-76.365599,39.998773],[-76.362936,39.992611],[-76.361789,39.992967],[-76.360117,39.989884],[-76.357494,39.987286],[-76.356513,39.98546],[-76.354109,39.984896],[-76.35233,39.986985],[-76.355033,39.993156],[-76.345452,39.995174],[-76.344581,39.997849],[-76.342228,39.998711],[-76.33885,39.996592],[-76.335671,39.993825],[-76.332803,39.989912],[-76.329757,39.987811],[-76.32782,39.988046],[-76.32638,39.989709],[-76.327649,39.9926],[-76.328854,39.997601],[-76.328046,40.000689],[-76.331893,40.009288],[-76.331407,40.011234],[-76.329152,40.012008],[-76.327158,40.01054],[-76.325656,40.007708],[-76.324904,40.003435],[-76.323876,40.000784],[-76.322451,39.999696],[-76.320427,40.001243],[-76.321074,40.005247],[-76.317672,40.006888],[-76.314751,40.005985],[-76.313057,40.003649],[-76.312409,39.998637],[-76.310294,39.996179],[-76.307932,39.995989],[-76.305817,39.998256],[-76.303589,40.005309],[-76.302747,40.005989],[-76.302622,40.008835],[-76.30545,40.015612],[-76.30551,40.01966],[-76.30449,40.021492],[-76.302566,40.021099],[-76.299562,40.016986],[-76.296533,40.015286],[-76.295073,40.015693],[-76.294335,40.019331],[-76.295572,40.022065],[-76.298941,40.024037],[-76.292207,40.024465],[-76.28802,40.022514],[-76.290242,40.021158],[-76.290397,40.019264],[-76.289113,40.017927],[-76.286814,40.018024],[-76.286729,40.016295],[-76.284562,40.015499],[-76.283208,40.013448],[-76.282379,40.006767],[-76.279131,40.0074],[-76.277773,40.008448],[-76.278857,40.01064],[-76.280515,40.012022],[-76.281592,40.015318],[-76.283952,40.019453],[-76.278442,40.020628],[-76.279565,40.024047],[-76.276704,40.024359],[-76.275042,40.026572],[-76.271573,40.02567],[-76.258106,40.028823],[-76.260669,40.033803],[-76.25815,40.036509],[-76.261288,40.037005],[-76.265866,40.036029],[-76.266321,40.032767],[-76.263737,40.029581],[-76.267172,40.027882],[-76.271063,40.027939],[-76.271249,40.02915],[-76.274436,40.028939],[-76.2733,40.03178],[-76.273507,40.03782],[-76.274155,40.040444],[-76.273983,40.043264],[-76.27529,40.045804],[-76.27796,40.048448],[-76.278073,40.04969],[-76.271533,40.048061],[-76.266556,40.046345],[-76.264123,40.045855],[-76.265381,40.043969],[-76.262846,40.041685],[-76.26317,40.03961],[-76.258655,40.041109],[-76.258353,40.042565],[-76.261,40.042723],[-76.261335,40.046231],[-76.256867,40.046846],[-76.255684,40.047874],[-76.256553,40.050354],[-76.254054,40.052824],[-76.258455,40.055825],[-76.260471,40.054602],[-76.262015,40.052571],[-76.26815,40.055238],[-76.275582,40.059203],[-76.284601,40.065311],[-76.288075,40.067207],[-76.286705,40.072637],[-76.285503,40.074999],[-76.282371,40.077715],[-76.271425,40.084534],[-76.276307,40.08735],[-76.281122,40.091341],[-76.280283,40.093424],[-76.283234,40.102262],[-76.28451,40.107237],[-76.283929,40.110301],[-76.282551,40.112522],[-76.2842,40.122754],[-76.283732,40.123929],[-76.279652,40.125517],[-76.278544,40.126676],[-76.279494,40.128596]]],[[[-76.26757,40.047264],[-76.264601,40.050123],[-76.261818,40.048604],[-76.263986,40.046218],[-76.26757,40.047264]]]]},"properties":{"district":"097","name":"State House District 97"}},{"type":"Feature","geometry":{"type":"Polygon","coordinates":[[[-76.466307,40.2284],[-76.469311,40.227409],[-76.468198,40.226445],[-76.465874,40.222162],[-76.464823,40.221527],[-76.465152,40.219575],[-76.46404,40.217217],[-76.465089,40.214585],[-76.466752,40.214203],[-76.470191,40.211355],[-76.472737,40.210801],[-76.477971,40.210357],[-76.482551,40.211184],[-76.486652,40.211169],[-76.488506,40.211879],[-76.495467,40.209143],[-76.499313,40.209377],[-76.501595,40.207166],[-76.504001,40.207529],[-76.50609,40.206089],[-76.505496,40.205064],[-76.507839,40.204125],[-76.506933,40.202266],[-76.509601,40.200295],[-76.510919,40.196854],[-76.513043,40.194643],[-76.514013,40.192519],[-76.513674,40.190319],[-76.514913,40.188526],[-76.515713,40.185827],[-76.51983,40.180849],[-76.519852,40.178682],[-76.518929,40.176883],[-76.520811,40.17432],[-76.521232,40.169675],[-76.517178,40.169352],[-76.517143,40.165658],[-76.518111,40.163509],[-76.517467,40.162212],[-76.515282,40.161157],[-76.515099,40.159579],[-76.516343,40.15806],[-76.51471,40.157483],[-76.510229,40.15806],[-76.507343,40.156682],[-76.500446,40.159113],[-76.49876,40.154988],[-76.498976,40.152699],[-76.498184,40.14815],[-76.497151,40.145893],[-76.499506,40.14397],[-76.499525,40.142611],[-76.501573,40.140291],[-76.503657,40.141399],[-76.504776,40.140411],[-76.50444,40.135579],[-76.504845,40.133618],[-76.499664,40.133493],[-76.498215,40.133985],[-76.496429,40.132904],[-76.497487,40.131663],[-76.501057,40.130694],[-76.499784,40.125723],[-76.501641,40.124222],[-76.500636,40.120629],[-76.499208,40.118878],[-76.502401,40.117542],[-76.498994,40.116077],[-76.497182,40.1145],[-76.495592,40.114199],[-76.492817,40.116474],[-76.490126,40.114319],[-76.488841,40.112465],[-76.485497,40.112837],[-76.483905,40.112077],[-76.484041,40.109398],[-76.477814,40.109974],[-76.477643,40.113066],[-76.475597,40.113777],[-76.468605,40.112793],[-76.468295,40.111187],[-76.461461,40.111015],[-76.458689,40.107994],[-76.486443,40.107973],[-76.490122,40.108072],[-76.492233,40.103629],[-76.491595,40.102079],[-76.493814,40.099219],[-76.496397,40.098438],[-76.497133,40.09634],[-76.500073,40.09715],[-76.501296,40.096236],[-76.498112,40.094356],[-76.496603,40.092629],[-76.497529,40.091488],[-76.501427,40.092696],[-76.500019,40.090378],[-76.500248,40.088672],[-76.501809,40.088564],[-76.504598,40.089971],[-76.505366,40.08822],[-76.503178,40.087714],[-76.501042,40.084027],[-76.503079,40.08031],[-76.506794,40.079616],[-76.508967,40.078201],[-76.513208,40.076935],[-76.510741,40.07478],[-76.514435,40.074579],[-76.516327,40.073646],[-76.519659,40.075896],[-76.520325,40.077745],[-76.52225,40.076509],[-76.52127,40.074638],[-76.51977,40.074018],[-76.518668,40.07211],[-76.518382,40.068698],[-76.515094,40.063759],[-76.518131,40.060554],[-76.518655,40.058351],[-76.517179,40.056646],[-76.520337,40.05469],[-76.522361,40.054455],[-76.526955,40.055262],[-76.531422,40.052713],[-76.533874,40.050818],[-76.534524,40.051348],[-76.538768,40.051462],[-76.541455,40.051037],[-76.553895,40.046725],[-76.555823,40.046373],[-76.561872,40.046183],[-76.563854,40.045816],[-76.571217,40.045669],[-76.576411,40.046397],[-76.581546,40.048113],[-76.588482,40.049313],[-76.592897,40.050831],[-76.597588,40.051867],[-76.603811,40.052474],[-76.613366,40.054477],[-76.620598,40.054729],[-76.630745,40.056657],[-76.63581,40.058364],[-76.643618,40.059619],[-76.644508,40.058069],[-76.653722,40.059813],[-76.660653,40.06246],[-76.663825,40.063227],[-76.671267,40.069028],[-76.675504,40.073596],[-76.676042,40.075987],[-76.677477,40.077474],[-76.680428,40.083192],[-76.683489,40.08631],[-76.687529,40.092303],[-76.693163,40.098762],[-76.697187,40.102492],[-76.702285,40.106542],[-76.707881,40.110626],[-76.710932,40.113843],[-76.714029,40.115275],[-76.72162,40.12007],[-76.715907,40.131479],[-76.711198,40.133272],[-76.706999,40.13607],[-76.710092,40.137084],[-76.705696,40.143012],[-76.7038,40.144454],[-76.699874,40.14511],[-76.699067,40.145806],[-76.698916,40.148424],[-76.696158,40.150117],[-76.695594,40.154097],[-76.697352,40.15664],[-76.692316,40.15741],[-76.690799,40.156252],[-76.691676,40.154287],[-76.689939,40.152238],[-76.690135,40.148114],[-76.68689,40.149436],[-76.683151,40.151795],[-76.680859,40.150986],[-76.680612,40.149063],[-76.678137,40.148734],[-76.676756,40.149463],[-76.67641,40.15297],[-76.674223,40.1544],[-76.672209,40.153874],[-76.670563,40.154487],[-76.672742,40.157608],[-76.669984,40.158874],[-76.666783,40.16125],[-76.666369,40.163024],[-76.662043,40.163467],[-76.660988,40.165101],[-76.655065,40.163959],[-76.653104,40.16605],[-76.649665,40.165371],[-76.644103,40.164906],[-76.640611,40.167269],[-76.63841,40.166738],[-76.637377,40.168981],[-76.634744,40.17054],[-76.632102,40.170616],[-76.627899,40.175282],[-76.627685,40.176739],[-76.623206,40.179312],[-76.621189,40.179841],[-76.619482,40.179303],[-76.615948,40.180607],[-76.614767,40.182452],[-76.612215,40.183945],[-76.612987,40.185381],[-76.608047,40.188348],[-76.606519,40.18999],[-76.603232,40.189545],[-76.602929,40.188771],[-76.599865,40.188264],[-76.592712,40.18938],[-76.591188,40.190257],[-76.58789,40.190559],[-76.58697,40.189695],[-76.582682,40.190952],[-76.581982,40.193467],[-76.579051,40.194856],[-76.575376,40.194175],[-76.57026,40.194559],[-76.569532,40.196073],[-76.579143,40.220394],[-76.585686,40.237643],[-76.588471,40.245383],[-76.591336,40.252087],[-76.60296,40.282472],[-76.604789,40.287429],[-76.576429,40.291637],[-76.568759,40.292855],[-76.555624,40.295165],[-76.55367,40.297124],[-76.553304,40.299556],[-76.554243,40.301528],[-76.552629,40.302088],[-76.553045,40.304169],[-76.550858,40.305366],[-76.550527,40.30804],[-76.548662,40.309758],[-76.554357,40.312685],[-76.55564,40.315227],[-76.557441,40.316282],[-76.557907,40.318714],[-76.555389,40.319796],[-76.555062,40.321215],[-76.540752,40.324166],[-76.525576,40.327468],[-76.524647,40.325875],[-76.524992,40.324327],[-76.52307,40.322838],[-76.522137,40.324315],[-76.517495,40.325543],[-76.515874,40.3244],[-76.510564,40.32621],[-76.509852,40.328434],[-76.508531,40.328906],[-76.50684,40.327137],[-76.504256,40.327827],[-76.501711,40.326108],[-76.500533,40.327879],[-76.498676,40.329108],[-76.492526,40.330637],[-76.489534,40.32936],[-76.488164,40.330591],[-76.484892,40.330124],[-76.475035,40.271251],[-76.47059,40.249066],[-76.469263,40.248491],[-76.467665,40.245585],[-76.465342,40.243947],[-76.469415,40.243725],[-76.466307,40.2284]]]},"properties":{"district":"098","name":"State House District 98"}},{"type":"Feature","geometry":{"type":"Polygon","coordinates":[[[-76.183607,40.207416],[-76.184173,40.211006],[-76.186909,40.214486],[-76.185411,40.219957],[-76.186458,40.221039],[-76.190362,40.22078],[-76.192186,40.22371],[-76.193309,40.224167],[-76.194962,40.228538],[-76.197302,40.22825],[-76.200128,40.229649],[-76.201168,40.230964],[-76.200803,40.232916],[-76.202289,40.236215],[-76.200349,40.237777],[-76.203531,40.241219],[-76.205639,40.241803],[-76.209285,40.240918],[-76.211912,40.244025],[-76.213813,40.244782],[-76.213965,40.247182],[-76.21666,40.248504],[-76.215279,40.252589],[-76.216151,40.253509],[-76.216013,40.256932],[-76.211229,40.25995],[-76.209292,40.261794],[-76.211253,40.292723],[-76.175737,40.306481],[-76.151475,40.315695],[-76.151215,40.315971],[-76.149509,40.314454],[-76.113668,40.291693],[-76.091764,40.277692],[-76.085434,40.279421],[-76.083406,40.280427],[-76.081311,40.283085],[-76.077071,40.285139],[-76.073666,40.289334],[-76.071972,40.29213],[-76.06962,40.294041],[-76.068927,40.295374],[-76.060079,40.301068],[-76.057549,40.302237],[-76.055464,40.304133],[-76.055065,40.307281],[-76.053693,40.30787],[-76.046141,40.308963],[-76.042804,40.314124],[-76.043211,40.315204],[-76.041479,40.317906],[-76.041108,40.322058],[-76.037195,40.324106],[-76.036107,40.318736],[-76.03171,40.315668],[-76.032985,40.31449],[-76.022253,40.309824],[-76.01926,40.309536],[-76.016078,40.304786],[-76.015842,40.302286],[-76.016416,40.300093],[-76.015729,40.298313],[-76.011334,40.298599],[-76.012278,40.296268],[-76.009186,40.296277],[-76.006522,40.299554],[-75.988928,40.307428],[-75.983007,40.312186],[-75.981601,40.310679],[-75.984351,40.309464],[-75.9752,40.305693],[-75.977317,40.302578],[-75.978008,40.299868],[-75.975881,40.299953],[-75.977732,40.296986],[-75.976815,40.294831],[-75.972152,40.295127],[-75.970611,40.29813],[-75.968906,40.297872],[-75.967424,40.291323],[-75.968009,40.28929],[-75.966986,40.288171],[-75.967731,40.28522],[-75.970822,40.281727],[-75.973687,40.281367],[-75.974375,40.280231],[-75.974655,40.276274],[-75.977462,40.273073],[-75.982786,40.271805],[-75.983374,40.271269],[-75.982826,40.267193],[-75.98877,40.263585],[-75.994097,40.263262],[-75.994047,40.26195],[-75.990835,40.258451],[-75.989055,40.253289],[-75.975217,40.249037],[-75.961034,40.246447],[-75.950627,40.244909],[-75.941444,40.2446],[-75.934331,40.244722],[-75.919768,40.202838],[-75.930221,40.194268],[-75.943437,40.182676],[-75.929574,40.173556],[-75.890984,40.148435],[-75.875162,40.138071],[-75.873375,40.137107],[-75.877787,40.135478],[-75.890457,40.129531],[-75.912548,40.120633],[-75.942997,40.109266],[-75.94128,40.100919],[-75.936135,40.078585],[-75.936225,40.065285],[-75.934332,40.047566],[-75.93587,40.037466],[-75.936677,40.036392],[-75.954894,40.039887],[-75.965888,40.045054],[-75.967538,40.046112],[-76.003106,40.051612],[-75.997706,40.054111],[-75.99867,40.063114],[-76.005134,40.079252],[-76.006864,40.07889],[-76.011078,40.081069],[-76.014,40.083066],[-76.013569,40.080063],[-76.015922,40.076074],[-76.019083,40.07516],[-76.025548,40.072183],[-76.029635,40.071041],[-76.037435,40.070252],[-76.040806,40.062455],[-76.042684,40.060558],[-76.045668,40.059148],[-76.04658,40.053235],[-76.057863,40.092727],[-76.061938,40.107851],[-76.064305,40.115532],[-76.067143,40.12617],[-76.074958,40.152931],[-76.0809,40.174226],[-76.082518,40.175995],[-76.084787,40.176998],[-76.086955,40.177113],[-76.094008,40.166343],[-76.104852,40.172282],[-76.10673,40.170727],[-76.108032,40.171592],[-76.109318,40.173911],[-76.110824,40.175173],[-76.114372,40.176666],[-76.117306,40.177273],[-76.120818,40.180048],[-76.122792,40.180717],[-76.123833,40.182918],[-76.127749,40.185541],[-76.133118,40.187812],[-76.134064,40.189649],[-76.135961,40.191065],[-76.142272,40.191431],[-76.145592,40.19475],[-76.14695,40.195429],[-76.151067,40.195772],[-76.16292,40.209535],[-76.166134,40.211504],[-76.183607,40.207416]]]},"properties":{"district":"099","name":"State House District 99"}},{"type":"Feature","geometry":{"type":"Polygon","coordinates":[[[-75.189203,40.073174],[-75.188461,40.07275],[-75.176438,40.084649],[-75.161957,40.07613],[-75.146683,40.067547],[-75.148107,40.060903],[-75.149219,40.058432],[-75.150789,40.058861],[-75.152809,40.061803],[-75.15446,40.061153],[-75.1565,40.064394],[-75.159893,40.06197],[-75.162561,40.059242],[-75.164602,40.059044],[-75.17326,40.050667],[-75.175804,40.052241],[-75.192935,40.035463],[-75.187776,40.030771],[-75.187995,40.029796],[-75.190284,40.02886],[-75.190643,40.027748],[-75.196519,40.027444],[-75.198241,40.029135],[-75.198053,40.03084],[-75.200156,40.03264],[-75.200303,40.034754],[-75.20147,40.036459],[-75.203081,40.034848],[-75.205478,40.034908],[-75.207225,40.03741],[-75.208676,40.038308],[-75.210582,40.040884],[-75.21221,40.044731],[-75.211726,40.047316],[-75.21344,40.04851],[-75.21487,40.050971],[-75.217333,40.052902],[-75.217933,40.055026],[-75.216496,40.05609],[-75.21332,40.057113],[-75.210963,40.060573],[-75.20079,40.070707],[-75.197337,40.067706],[-75.194371,40.07059],[-75.193222,40.06909],[-75.189203,40.073174]]]},"properties":{"district":"200","name":"State House District 200"}},{"type":"Feature","geometry":{"type":"Polygon","coordinates":[[[-75.178141,40.022595],[-75.181668,40.025657],[-75.187776,40.030771],[-75.192935,40.035463],[-75.175804,40.052241],[-75.17326,40.050667],[-75.164602,40.059044],[-75.162561,40.059242],[-75.159893,40.06197],[-75.1565,40.064394],[-75.15446,40.061153],[-75.152809,40.061803],[-75.150789,40.058861],[-75.149219,40.058432],[-75.147057,40.058326],[-75.14757,40.055973],[-75.150333,40.056256],[-75.150558,40.054705],[-75.14156,40.053599],[-75.146705,40.030127],[-75.157682,40.024274],[-75.159214,40.023192],[-75.160053,40.026023],[-75.161425,40.027764],[-75.165491,40.030242],[-75.167087,40.028509],[-75.170798,40.029724],[-75.172521,40.028047],[-75.174572,40.029244],[-75.177734,40.026169],[-75.178141,40.022595]]]},"properties":{"district":"201","name":"State House District 201"}},{"type":"Feature","geometry":{"type":"Polygon","coordinates":[[[-75.066045,40.051181],[-75.054287,40.044448],[-75.04086,40.036757],[-75.044671,40.034771],[-75.040741,40.030276],[-75.043815,40.028691],[-75.043685,40.026514],[-75.044721,40.025179],[-75.04655,40.024241],[-75.04838,40.026324],[-75.049304,40.024351],[-75.052702,40.022592],[-75.053604,40.023615],[-75.057513,40.021597],[-75.062394,40.027444],[-75.067957,40.026583],[-75.078277,40.032301],[-75.080866,40.029556],[-75.084691,40.031765],[-75.07207,40.045024],[-75.066045,40.051181]]]},"properties":{"district":"202","name":"State House District 202"}},{"type":"Feature","geometry":{"type":"Polygon","coordinates":[[[-75.118553,40.051132],[-75.109431,40.045874],[-75.108092,40.047982],[-75.10627,40.049548],[-75.094056,40.056771],[-75.087425,40.063599],[-75.066045,40.051181],[-75.07207,40.045024],[-75.084691,40.031765],[-75.085381,40.031491],[-75.08641,40.031024],[-75.096098,40.036574],[-75.105848,40.041902],[-75.112042,40.037847],[-75.114896,40.034447],[-75.12386,40.035562],[-75.123535,40.038719],[-75.123977,40.041893],[-75.126311,40.042203],[-75.125968,40.043728],[-75.128834,40.044086],[-75.127488,40.050217],[-75.120384,40.049307],[-75.118553,40.051132]]]},"properties":{"district":"203","name":"State House District 203"}},{"type":"Feature","geometry":{"type":"Polygon","coordinates":[[[-76.136015,40.010056],[-76.132101,40.012817],[-76.131491,40.014752],[-76.12991,40.014433],[-76.127987,40.011488],[-76.126037,40.011592],[-76.123194,40.015513],[-76.121512,40.014924],[-76.11951,40.010577],[-76.117776,40.009487],[-76.114872,40.011381],[-76.111363,40.010952],[-76.108328,40.012319],[-76.105151,40.01194],[-76.103457,40.010068],[-76.101011,40.009697],[-76.099512,40.011009],[-76.096327,40.01242],[-76.096302,40.014893],[-76.091754,40.014838],[-76.089575,40.015388],[-76.087445,40.019652],[-76.082355,40.019035],[-76.081191,40.018217],[-76.080712,40.014455],[-76.079031,40.015638],[-76.078598,40.017125],[-76.074427,40.015522],[-76.073539,40.016428],[-76.069736,40.017928],[-76.06765,40.019568],[-76.065343,40.017088],[-76.062239,40.016756],[-76.061165,40.017264],[-76.059236,40.020322],[-76.05935,40.021605],[-76.05697,40.027505],[-76.050508,40.044348],[-76.04658,40.053235],[-76.045668,40.059148],[-76.042684,40.060558],[-76.040806,40.062455],[-76.037435,40.070252],[-76.029635,40.071041],[-76.025548,40.072183],[-76.019083,40.07516],[-76.015922,40.076074],[-76.013569,40.080063],[-76.014,40.083066],[-76.011078,40.081069],[-76.006864,40.07889],[-76.005134,40.079252],[-75.99867,40.063114],[-75.997706,40.054111],[-76.003106,40.051612],[-75.967538,40.046112],[-75.965888,40.045054],[-75.954894,40.039887],[-75.936677,40.036392],[-75.945793,40.024065],[-75.967478,39.994439],[-75.982504,39.973327],[-75.986702,39.96724],[-75.986163,39.963887],[-75.98865,39.961613],[-75.990394,39.959294],[-75.992014,39.95555],[-75.994143,39.953703],[-75.994629,39.952429],[-75.99104,39.947576],[-75.992241,39.945672],[-75.9896,39.944706],[-75.9888,39.940841],[-75.985056,39.937871],[-75.982152,39.935619],[-75.980966,39.933479],[-75.982311,39.929516],[-75.984083,39.931765],[-75.98566,39.931808],[-75.987363,39.9298],[-75.991467,39.929003],[-75.991167,39.927258],[-75.992597,39.92657],[-75.997165,39.928671],[-75.997303,39.927009],[-75.995827,39.924595],[-75.997132,39.922062],[-75.994896,39.916585],[-75.996103,39.914552],[-75.99552,39.911356],[-75.997516,39.909891],[-75.995989,39.903786],[-75.99455,39.90254],[-75.995133,39.898916],[-75.993329,39.898996],[-75.989047,39.895679],[-75.986823,39.892192],[-75.989371,39.890616],[-75.991258,39.887591],[-75.991495,39.88524],[-75.990583,39.884585],[-75.992347,39.88216],[-75.991088,39.880389],[-75.988386,39.878218],[-75.986698,39.874377],[-75.987466,39.872478],[-75.990492,39.870936],[-75.991644,39.868713],[-75.998451,39.872123],[-75.998426,39.874042],[-75.999951,39.874755],[-76.002432,39.874353],[-76.004472,39.872178],[-76.004442,39.86887],[-76.005638,39.867346],[-76.007007,39.858219],[-76.0076,39.857432],[-76.006734,39.853958],[-76.008575,39.851965],[-76.01158,39.853178],[-76.014291,39.852797],[-76.015805,39.853758],[-76.018825,39.85408],[-76.01991,39.853524],[-76.022823,39.849844],[-76.020387,39.847642],[-76.020755,39.845027],[-76.019152,39.840965],[-76.019965,39.840029],[-76.017809,39.838173],[-76.017783,39.834876],[-76.016473,39.831481],[-76.022826,39.8308],[-76.023784,39.827134],[-76.027034,39.824153],[-76.030232,39.823973],[-76.0331,39.825988],[-76.036582,39.826869],[-76.037953,39.825909],[-76.036307,39.823317],[-76.033118,39.820498],[-76.031072,39.817526],[-76.031071,39.814766],[-76.029925,39.812505],[-76.035216,39.811835],[-76.035123,39.808143],[-76.035858,39.806241],[-76.038501,39.80173],[-76.040223,39.801121],[-76.042793,39.802718],[-76.04572,39.803778],[-76.048287,39.803968],[-76.049472,39.802208],[-76.045738,39.800989],[-76.043507,39.797852],[-76.041365,39.797196],[-76.043382,39.794376],[-76.045104,39.793033],[-76.043637,39.791242],[-76.048525,39.78924],[-76.049678,39.783784],[-76.052183,39.781874],[-76.055388,39.780279],[-76.058397,39.779861],[-76.060311,39.77633],[-76.060524,39.775011],[-76.064564,39.771189],[-76.064923,39.770283],[-76.062468,39.765098],[-76.064891,39.761884],[-76.067427,39.75965],[-76.069461,39.759844],[-76.076461,39.761813],[-76.079568,39.761963],[-76.081852,39.761351],[-76.084352,39.758644],[-76.085794,39.75589],[-76.083646,39.754577],[-76.082599,39.75305],[-76.084195,39.750464],[-76.084334,39.748342],[-76.088033,39.744932],[-76.09204,39.743116],[-76.094035,39.742733],[-76.096877,39.743111],[-76.098608,39.745486],[-76.100467,39.745525],[-76.100657,39.742877],[-76.10205,39.739884],[-76.099415,39.73794],[-76.096188,39.737236],[-76.092592,39.734187],[-76.09262,39.733534],[-76.096762,39.729087],[-76.099887,39.727443],[-76.102479,39.724033],[-76.105201,39.723981],[-76.10796,39.725374],[-76.111177,39.728521],[-76.109945,39.730541],[-76.108565,39.734836],[-76.113616,39.737125],[-76.115357,39.736596],[-76.119924,39.736364],[-76.120651,39.735128],[-76.119778,39.73193],[-76.120304,39.729848],[-76.118521,39.726432],[-76.119195,39.723444],[-76.122252,39.723407],[-76.124712,39.726606],[-76.128262,39.727657],[-76.134045,39.727171],[-76.136451,39.725682],[-76.136317,39.723243],[-76.135484,39.721147],[-76.143742,39.721522],[-76.1611,39.721481],[-76.184712,39.721307],[-76.200051,39.721408],[-76.210176,39.721309],[-76.224175,39.721412],[-76.239805,39.721335],[-76.23869,39.725093],[-76.240582,39.730313],[-76.245573,39.737174],[-76.249584,39.73998],[-76.256564,39.75004],[-76.260577,39.752035],[-76.264457,39.756567],[-76.267475,39.759358],[-76.271598,39.765806],[-76.276113,39.77562],[-76.277404,39.77769],[-76.279839,39.77964],[-76.283265,39.780184],[-76.28515,39.781211],[-76.290182,39.785011],[-76.297162,39.79148],[-76.305303,39.798757],[-76.306506,39.799368],[-76.311074,39.80363],[-76.313199,39.806436],[-76.313351,39.80797],[-76.315702,39.810037],[-76.322289,39.813022],[-76.328353,39.814788],[-76.332826,39.817648],[-76.336388,39.820937],[-76.338255,39.822062],[-76.341068,39.825918],[-76.342401,39.828866],[-76.348907,39.836226],[-76.350543,39.837756],[-76.351273,39.84232],[-76.350759,39.84709],[-76.356824,39.853326],[-76.360701,39.85585],[-76.361674,39.857054],[-76.367598,39.859287],[-76.369641,39.860399],[-76.374255,39.864666],[-76.376657,39.865642],[-76.378656,39.868808],[-76.379508,39.872931],[-76.380692,39.873675],[-76.381709,39.87906],[-76.38008,39.881902],[-76.379516,39.886435],[-76.379769,39.887913],[-76.368375,39.888121],[-76.365247,39.887002],[-76.360199,39.887319],[-76.356156,39.889171],[-76.359157,39.893837],[-76.357098,39.896198],[-76.356486,39.8979],[-76.345989,39.899713],[-76.343753,39.899468],[-76.335291,39.896658],[-76.334076,39.898725],[-76.332383,39.89995],[-76.332676,39.901769],[-76.328389,39.903661],[-76.328342,39.90809],[-76.331021,39.909114],[-76.329312,39.910698],[-76.324494,39.910313],[-76.322263,39.911594],[-76.316595,39.913118],[-76.31643,39.915056],[-76.318169,39.918553],[-76.320074,39.920889],[-76.32252,39.922467],[-76.325064,39.922923],[-76.32892,39.925895],[-76.328731,39.927181],[-76.32263,39.932023],[-76.322325,39.933477],[-76.323764,39.936904],[-76.319267,39.937243],[-76.318473,39.939015],[-76.318925,39.941423],[-76.316105,39.94187],[-76.312572,39.9406],[-76.311611,39.939307],[-76.311803,39.937503],[-76.310627,39.934886],[-76.308361,39.935279],[-76.307932,39.936921],[-76.310271,39.938452],[-76.310615,39.941644],[-76.308743,39.942244],[-76.307057,39.940733],[-76.306432,39.93807],[-76.304265,39.936915],[-76.303239,39.938944],[-76.30043,39.93994],[-76.297304,39.937698],[-76.296318,39.935492],[-76.295375,39.930741],[-76.294129,39.929583],[-76.289837,39.929079],[-76.290471,39.932336],[-76.288769,39.934001],[-76.283618,39.934592],[-76.278159,39.933291],[-76.276369,39.93374],[-76.274461,39.932901],[-76.272309,39.93349],[-76.270913,39.937273],[-76.269829,39.937609],[-76.265643,39.935715],[-76.263983,39.93396],[-76.262147,39.933695],[-76.26018,39.936407],[-76.259478,39.938551],[-76.259958,39.940232],[-76.258901,39.942687],[-76.255185,39.945162],[-76.249718,39.950945],[-76.245422,39.951485],[-76.246608,39.952584],[-76.250043,39.953353],[-76.250112,39.955608],[-76.246811,39.957321],[-76.245587,39.959005],[-76.242925,39.958794],[-76.242109,39.95776],[-76.2399,39.958933],[-76.241139,39.961911],[-76.239456,39.96362],[-76.238208,39.963311],[-76.235521,39.960512],[-76.22951,39.962919],[-76.229089,39.964874],[-76.229761,39.966979],[-76.22884,39.968295],[-76.224229,39.971988],[-76.22439,39.974897],[-76.225723,39.976774],[-76.225789,39.979168],[-76.223741,39.978872],[-76.222231,39.980449],[-76.218887,39.981605],[-76.214201,39.981223],[-76.213098,39.982933],[-76.214592,39.985439],[-76.218513,39.988425],[-76.216881,39.990325],[-76.212615,39.988055],[-76.212063,39.988979],[-76.213076,39.991051],[-76.212343,39.99437],[-76.21102,39.994616],[-76.208256,39.993195],[-76.207016,39.991569],[-76.203997,39.992107],[-76.204565,39.994618],[-76.20053,39.995528],[-76.199232,39.997324],[-76.199823,39.999234],[-76.199216,40.000788],[-76.197398,40.000316],[-76.19587,39.997874],[-76.194132,39.998092],[-76.194447,40.000945],[-76.192406,40.002717],[-76.189875,39.999332],[-76.187971,39.999336],[-76.187138,40.000482],[-76.18774,40.004324],[-76.18617,40.006023],[-76.184862,40.004592],[-76.183424,40.001504],[-76.180836,40.001427],[-76.180932,40.004127],[-76.178529,40.004925],[-76.178316,40.002652],[-76.175334,40.002249],[-76.175009,40.005381],[-76.173619,40.005742],[-76.171992,40.003385],[-76.169321,40.002757],[-76.168996,40.005281],[-76.171137,40.007601],[-76.171055,40.009587],[-76.16934,40.01001],[-76.164353,40.007235],[-76.163029,40.008009],[-76.161177,40.010831],[-76.15932,40.010865],[-76.15771,40.008287],[-76.157344,40.006477],[-76.154396,40.00479],[-76.152913,40.006046],[-76.151973,40.009528],[-76.148912,40.009392],[-76.146428,40.011847],[-76.144951,40.009717],[-76.142078,40.008088],[-76.140074,40.008765],[-76.139452,40.010274],[-76.136015,40.010056]]]},"properties":{"district":"100","name":"State House District 100"}},{"type":"Feature","geometry":{"type":"Polygon","coordinates":[[[-76.336461,40.251284],[-76.347279,40.25009],[-76.360572,40.248192],[-76.368198,40.247416],[-76.399367,40.243212],[-76.407544,40.241928],[-76.43541,40.238221],[-76.466307,40.2284],[-76.469415,40.243725],[-76.465342,40.243947],[-76.467665,40.245585],[-76.469263,40.248491],[-76.47059,40.249066],[-76.475035,40.271251],[-76.484892,40.330124],[-76.48584,40.333721],[-76.482807,40.334229],[-76.479915,40.332241],[-76.474568,40.331299],[-76.472674,40.332733],[-76.470098,40.332701],[-76.466182,40.335739],[-76.467799,40.338511],[-76.461149,40.33958],[-76.462161,40.341974],[-76.469625,40.340742],[-76.478343,40.344504],[-76.483842,40.344887],[-76.488738,40.345812],[-76.492003,40.367498],[-76.493489,40.376522],[-76.477784,40.377631],[-76.416867,40.384503],[-76.410788,40.384883],[-76.411236,40.385685],[-76.403292,40.386597],[-76.370342,40.387872],[-76.353199,40.389401],[-76.350268,40.374686],[-76.34681,40.350932],[-76.345219,40.341933],[-76.343012,40.326629],[-76.336461,40.251284]]]},"properties":{"district":"101","name":"State House District 101"}},{"type":"Feature","geometry":{"type":"Polygon","coordinates":[[[-76.211253,40.292723],[-76.238467,40.282118],[-76.241549,40.280846],[-76.261063,40.273346],[-76.307578,40.255066],[-76.336461,40.251284],[-76.343012,40.326629],[-76.345219,40.341933],[-76.34681,40.350932],[-76.350268,40.374686],[-76.353199,40.389401],[-76.370342,40.387872],[-76.403292,40.386597],[-76.411236,40.385685],[-76.410788,40.384883],[-76.416867,40.384503],[-76.477784,40.377631],[-76.493489,40.376522],[-76.492003,40.367498],[-76.488738,40.345812],[-76.483842,40.344887],[-76.478343,40.344504],[-76.469625,40.340742],[-76.462161,40.341974],[-76.461149,40.33958],[-76.467799,40.338511],[-76.466182,40.335739],[-76.470098,40.332701],[-76.472674,40.332733],[-76.474568,40.331299],[-76.479915,40.332241],[-76.482807,40.334229],[-76.48584,40.333721],[-76.484892,40.330124],[-76.488164,40.330591],[-76.489534,40.32936],[-76.492526,40.330637],[-76.498676,40.329108],[-76.500533,40.327879],[-76.501711,40.326108],[-76.504256,40.327827],[-76.50684,40.327137],[-76.508531,40.328906],[-76.509852,40.328434],[-76.510564,40.32621],[-76.515874,40.3244],[-76.517495,40.325543],[-76.522137,40.324315],[-76.52307,40.322838],[-76.524992,40.324327],[-76.524647,40.325875],[-76.525576,40.327468],[-76.540752,40.324166],[-76.555062,40.321215],[-76.555389,40.319796],[-76.557907,40.318714],[-76.557441,40.316282],[-76.55564,40.315227],[-76.554357,40.312685],[-76.548662,40.309758],[-76.550527,40.30804],[-76.550858,40.305366],[-76.553045,40.304169],[-76.552629,40.302088],[-76.554243,40.301528],[-76.553304,40.299556],[-76.55367,40.297124],[-76.555624,40.295165],[-76.568759,40.292855],[-76.576429,40.291637],[-76.604789,40.287429],[-76.607807,40.295704],[-76.611365,40.304361],[-76.612647,40.30818],[-76.626255,40.341158],[-76.636269,40.366439],[-76.665653,40.442163],[-76.665674,40.442405],[-76.67804,40.474717],[-76.633025,40.500087],[-76.624687,40.504681],[-76.589258,40.524877],[-76.566575,40.537603],[-76.554071,40.54471],[-76.535414,40.555157],[-76.499684,40.532602],[-76.496432,40.530765],[-76.456836,40.506094],[-76.440181,40.495952],[-76.411672,40.478355],[-76.390927,40.46545],[-76.375587,40.455776],[-76.37472,40.45538],[-76.352254,40.441459],[-76.339505,40.433384],[-76.328437,40.42682],[-76.318676,40.420331],[-76.302655,40.410769],[-76.299135,40.408318],[-76.274405,40.392732],[-76.249673,40.377221],[-76.2434,40.373482],[-76.231916,40.366292],[-76.205528,40.360661],[-76.16238,40.324737],[-76.157883,40.320949],[-76.151215,40.315971],[-76.151475,40.315695],[-76.175737,40.306481],[-76.211253,40.292723]]]},"properties":{"district":"102","name":"State House District 102"}},{"type":"Feature","geometry":{"type":"Polygon","coordinates":[[[-76.976861,40.309857],[-76.967996,40.311899],[-76.949282,40.316861],[-76.923678,40.325456],[-76.91497,40.328484],[-76.914183,40.328758],[-76.912129,40.325495],[-76.9118,40.322634],[-76.913485,40.317548],[-76.916954,40.312432],[-76.9216,40.302682],[-76.903885,40.300867],[-76.897106,40.300331],[-76.893499,40.299754],[-76.89455,40.305826],[-76.893908,40.308223],[-76.893805,40.322094],[-76.895235,40.325751],[-76.888859,40.32624],[-76.887842,40.324501],[-76.883737,40.321295],[-76.881112,40.320984],[-76.880893,40.31864],[-76.882305,40.318627],[-76.88043,40.310379],[-76.878114,40.308608],[-76.879088,40.304124],[-76.877041,40.302279],[-76.87719,40.301256],[-76.879653,40.300105],[-76.880453,40.298433],[-76.88117,40.29308],[-76.8821,40.289589],[-76.881163,40.283053],[-76.878088,40.283636],[-76.876134,40.279484],[-76.869439,40.281091],[-76.867034,40.276173],[-76.86107,40.27785],[-76.857941,40.2711],[-76.861189,40.270127],[-76.865576,40.270299],[-76.870977,40.267758],[-76.869385,40.263138],[-76.876828,40.260724],[-76.878746,40.258074],[-76.874298,40.255696],[-76.865496,40.256019],[-76.863749,40.255569],[-76.862015,40.251753],[-76.865732,40.250721],[-76.870294,40.248785],[-76.878707,40.243889],[-76.879624,40.243464],[-76.892668,40.234588],[-76.895933,40.235471],[-76.902939,40.235685],[-76.9094,40.235177],[-76.906553,40.23696],[-76.907115,40.238329],[-76.914104,40.234418],[-76.918174,40.232778],[-76.936465,40.228891],[-76.937628,40.232252],[-76.942306,40.23054],[-76.944473,40.234944],[-76.940147,40.236468],[-76.942784,40.242894],[-76.944924,40.25063],[-76.94798,40.257844],[-76.950727,40.262082],[-76.951873,40.26456],[-76.954737,40.269243],[-76.959181,40.280286],[-76.976861,40.309857]]]},"properties":{"district":"103","name":"State House District 103"}},{"type":"Feature","geometry":{"type":"Polygon","coordinates":[[[-76.859023,40.226328],[-76.866473,40.231157],[-76.870318,40.235133],[-76.872929,40.237314],[-76.878707,40.243889],[-76.870294,40.248785],[-76.865732,40.250721],[-76.862015,40.251753],[-76.863749,40.255569],[-76.865496,40.256019],[-76.874298,40.255696],[-76.878746,40.258074],[-76.876828,40.260724],[-76.869385,40.263138],[-76.870977,40.267758],[-76.865576,40.270299],[-76.861189,40.270127],[-76.857941,40.2711],[-76.852763,40.272354],[-76.850655,40.27192],[-76.850107,40.273216],[-76.847648,40.272581],[-76.845021,40.273213],[-76.838922,40.271996],[-76.836867,40.267318],[-76.830397,40.266836],[-76.821425,40.266923],[-76.814573,40.267213],[-76.804034,40.269169],[-76.80334,40.268817],[-76.799368,40.270071],[-76.785703,40.272645],[-76.786349,40.275254],[-76.778557,40.275781],[-76.776821,40.274338],[-76.77073,40.275138],[-76.764332,40.274215],[-76.747607,40.272259],[-76.745916,40.269504],[-76.742065,40.270496],[-76.73915,40.270331],[-76.738315,40.263894],[-76.737226,40.263449],[-76.734015,40.263956],[-76.729895,40.266427],[-76.727668,40.266057],[-76.726712,40.264932],[-76.725706,40.261828],[-76.727977,40.259517],[-76.733769,40.256343],[-76.736807,40.252791],[-76.736981,40.251248],[-76.771642,40.252253],[-76.783587,40.242891],[-76.787063,40.241279],[-76.787483,40.239434],[-76.789232,40.237941],[-76.791411,40.233511],[-76.793655,40.23081],[-76.801792,40.217489],[-76.794965,40.213921],[-76.786126,40.215048],[-76.778918,40.214889],[-76.758978,40.21148],[-76.752932,40.210709],[-76.736065,40.210185],[-76.735421,40.20673],[-76.741273,40.204569],[-76.735935,40.19788],[-76.738495,40.196726],[-76.741586,40.1966],[-76.745086,40.18766],[-76.738515,40.18647],[-76.733737,40.184739],[-76.753257,40.178264],[-76.756379,40.177052],[-76.763034,40.178955],[-76.767369,40.181369],[-76.774014,40.184091],[-76.775513,40.185194],[-76.780628,40.187607],[-76.785936,40.190947],[-76.787668,40.19155],[-76.790189,40.193781],[-76.792065,40.194606],[-76.795384,40.19734],[-76.800585,40.200111],[-76.804093,40.200605],[-76.810609,40.200605],[-76.815406,40.201126],[-76.817464,40.200881],[-76.821638,40.201343],[-76.824696,40.202319],[-76.828859,40.20502],[-76.830223,40.207753],[-76.832926,40.214592],[-76.833066,40.21608],[-76.834785,40.217962],[-76.839468,40.221615],[-76.84073,40.222048],[-76.852342,40.224564],[-76.856358,40.225902],[-76.859023,40.226328]]]},"properties":{"district":"104","name":"State House District 104"}},{"type":"Feature","geometry":{"type":"Polygon","coordinates":[[[-76.91497,40.328484],[-76.91727,40.332715],[-76.921206,40.336391],[-76.909361,40.344121],[-76.91021,40.345743],[-76.908506,40.34655],[-76.904459,40.34652],[-76.900445,40.345708],[-76.898989,40.347129],[-76.896678,40.347951],[-76.889435,40.342516],[-76.887551,40.338606],[-76.88135,40.340721],[-76.87181,40.343529],[-76.854911,40.348189],[-76.847685,40.331984],[-76.84109,40.334312],[-76.838296,40.334983],[-76.817012,40.336817],[-76.814441,40.337369],[-76.809308,40.340035],[-76.805803,40.341136],[-76.804222,40.335073],[-76.804841,40.334051],[-76.804001,40.331242],[-76.802819,40.330376],[-76.80087,40.32627],[-76.797448,40.325531],[-76.798542,40.323326],[-76.798542,40.319223],[-76.796829,40.316328],[-76.801917,40.310925],[-76.805301,40.306932],[-76.802501,40.305615],[-76.798869,40.305714],[-76.788856,40.305115],[-76.785905,40.302813],[-76.780803,40.303295],[-76.779614,40.299719],[-76.780643,40.298568],[-76.776112,40.293997],[-76.774291,40.294035],[-76.768106,40.295664],[-76.768527,40.297035],[-76.767276,40.298362],[-76.756381,40.300769],[-76.75493,40.29834],[-76.755119,40.297195],[-76.752591,40.293097],[-76.749222,40.289524],[-76.743842,40.287134],[-76.741851,40.28658],[-76.741413,40.285128],[-76.745399,40.284561],[-76.743297,40.283041],[-76.743697,40.281163],[-76.747347,40.282545],[-76.748873,40.280919],[-76.747603,40.279217],[-76.74942,40.277712],[-76.748427,40.276108],[-76.747607,40.272259],[-76.764332,40.274215],[-76.77073,40.275138],[-76.776821,40.274338],[-76.778557,40.275781],[-76.786349,40.275254],[-76.785703,40.272645],[-76.799368,40.270071],[-76.80334,40.268817],[-76.804034,40.269169],[-76.814573,40.267213],[-76.821425,40.266923],[-76.830397,40.266836],[-76.836867,40.267318],[-76.838922,40.271996],[-76.845021,40.273213],[-76.847648,40.272581],[-76.850107,40.273216],[-76.850655,40.27192],[-76.852763,40.272354],[-76.857941,40.2711],[-76.86107,40.27785],[-76.867034,40.276173],[-76.869439,40.281091],[-76.876134,40.279484],[-76.878088,40.283636],[-76.881163,40.283053],[-76.8821,40.289589],[-76.88117,40.29308],[-76.880453,40.298433],[-76.879653,40.300105],[-76.87719,40.301256],[-76.877041,40.302279],[-76.879088,40.304124],[-76.878114,40.308608],[-76.88043,40.310379],[-76.882305,40.318627],[-76.880893,40.31864],[-76.881112,40.320984],[-76.883737,40.321295],[-76.887842,40.324501],[-76.888859,40.32624],[-76.895235,40.325751],[-76.893805,40.322094],[-76.893908,40.308223],[-76.89455,40.305826],[-76.893499,40.299754],[-76.897106,40.300331],[-76.903885,40.300867],[-76.9216,40.302682],[-76.916954,40.312432],[-76.913485,40.317548],[-76.9118,40.322634],[-76.912129,40.325495],[-76.914183,40.328758],[-76.91497,40.328484]]]},"properties":{"district":"105","name":"State House District 105"}},{"type":"Feature","geometry":{"type":"Polygon","coordinates":[[[-76.72162,40.12007],[-76.726887,40.121965],[-76.729168,40.12192],[-76.732652,40.122732],[-76.737236,40.125245],[-76.740557,40.12788],[-76.743537,40.13085],[-76.744608,40.133025],[-76.744725,40.136804],[-76.745568,40.139298],[-76.74579,40.145793],[-76.746892,40.151009],[-76.748259,40.155761],[-76.748041,40.159143],[-76.748851,40.162734],[-76.749112,40.167113],[-76.750844,40.173372],[-76.753195,40.176043],[-76.756379,40.177052],[-76.753257,40.178264],[-76.733737,40.184739],[-76.738515,40.18647],[-76.745086,40.18766],[-76.741586,40.1966],[-76.738495,40.196726],[-76.735935,40.19788],[-76.741273,40.204569],[-76.735421,40.20673],[-76.736065,40.210185],[-76.752932,40.210709],[-76.758978,40.21148],[-76.778918,40.214889],[-76.786126,40.215048],[-76.794965,40.213921],[-76.801792,40.217489],[-76.793655,40.23081],[-76.791411,40.233511],[-76.789232,40.237941],[-76.787483,40.239434],[-76.787063,40.241279],[-76.783587,40.242891],[-76.771642,40.252253],[-76.736981,40.251248],[-76.736807,40.252791],[-76.733769,40.256343],[-76.727977,40.259517],[-76.725706,40.261828],[-76.726712,40.264932],[-76.727668,40.266057],[-76.729895,40.266427],[-76.734015,40.263956],[-76.737226,40.263449],[-76.738315,40.263894],[-76.73915,40.270331],[-76.742065,40.270496],[-76.745916,40.269504],[-76.747607,40.272259],[-76.748427,40.276108],[-76.74942,40.277712],[-76.747603,40.279217],[-76.748873,40.280919],[-76.747347,40.282545],[-76.743697,40.281163],[-76.743297,40.283041],[-76.745399,40.284561],[-76.741413,40.285128],[-76.741851,40.28658],[-76.742684,40.2875],[-76.744266,40.292495],[-76.744445,40.300501],[-76.745881,40.302894],[-76.749691,40.304786],[-76.750269,40.307819],[-76.732471,40.311719],[-76.71552,40.315142],[-76.695564,40.316144],[-76.694204,40.316375],[-76.720124,40.376517],[-76.739069,40.420409],[-76.749258,40.444198],[-76.724028,40.453698],[-76.718559,40.455511],[-76.708871,40.459946],[-76.70433,40.462297],[-76.696189,40.465447],[-76.687067,40.470417],[-76.683086,40.4718],[-76.67804,40.474717],[-76.665674,40.442405],[-76.665653,40.442163],[-76.636269,40.366439],[-76.626255,40.341158],[-76.612647,40.30818],[-76.611365,40.304361],[-76.607807,40.295704],[-76.604789,40.287429],[-76.60296,40.282472],[-76.591336,40.252087],[-76.588471,40.245383],[-76.585686,40.237643],[-76.579143,40.220394],[-76.569532,40.196073],[-76.57026,40.194559],[-76.575376,40.194175],[-76.579051,40.194856],[-76.581982,40.193467],[-76.582682,40.190952],[-76.58697,40.189695],[-76.58789,40.190559],[-76.591188,40.190257],[-76.592712,40.18938],[-76.599865,40.188264],[-76.602929,40.188771],[-76.603232,40.189545],[-76.606519,40.18999],[-76.608047,40.188348],[-76.612987,40.185381],[-76.612215,40.183945],[-76.614767,40.182452],[-76.615948,40.180607],[-76.619482,40.179303],[-76.621189,40.179841],[-76.623206,40.179312],[-76.627685,40.176739],[-76.627899,40.175282],[-76.632102,40.170616],[-76.634744,40.17054],[-76.637377,40.168981],[-76.63841,40.166738],[-76.640611,40.167269],[-76.644103,40.164906],[-76.649665,40.165371],[-76.653104,40.16605],[-76.655065,40.163959],[-76.660988,40.165101],[-76.662043,40.163467],[-76.666369,40.163024],[-76.666783,40.16125],[-76.669984,40.158874],[-76.672742,40.157608],[-76.670563,40.154487],[-76.672209,40.153874],[-76.674223,40.1544],[-76.67641,40.15297],[-76.676756,40.149463],[-76.678137,40.148734],[-76.680612,40.149063],[-76.680859,40.150986],[-76.683151,40.151795],[-76.68689,40.149436],[-76.690135,40.148114],[-76.689939,40.152238],[-76.691676,40.154287],[-76.690799,40.156252],[-76.692316,40.15741],[-76.697352,40.15664],[-76.695594,40.154097],[-76.696158,40.150117],[-76.698916,40.148424],[-76.699067,40.145806],[-76.699874,40.14511],[-76.7038,40.144454],[-76.705696,40.143012],[-76.710092,40.137084],[-76.706999,40.13607],[-76.711198,40.133272],[-76.715907,40.131479],[-76.72162,40.12007]]]},"properties":{"district":"106","name":"State House District 106"}},{"type":"Feature","geometry":{"type":"Polygon","coordinates":[[[-76.939883,40.638142],[-76.936449,40.640127],[-76.934941,40.640451],[-76.931126,40.64293],[-76.927625,40.645707],[-76.923442,40.650853],[-76.920108,40.65587],[-76.917782,40.660628],[-76.91495,40.664662],[-76.910189,40.669255],[-76.903849,40.674096],[-76.896251,40.678674],[-76.892813,40.67978],[-76.889407,40.681966],[-76.887088,40.682589],[-76.87985,40.687192],[-76.87663,40.691545],[-76.874322,40.692905],[-76.873078,40.694781],[-76.868645,40.699979],[-76.867439,40.702584],[-76.865257,40.704606],[-76.861184,40.711598],[-76.859161,40.715855],[-76.856492,40.72263],[-76.855361,40.728558],[-76.855407,40.735043],[-76.856956,40.744271],[-76.856681,40.747311],[-76.857521,40.749612],[-76.856818,40.751025],[-76.856281,40.754787],[-76.857186,40.762387],[-76.856711,40.763999],[-76.858024,40.768411],[-76.859252,40.777043],[-76.858695,40.778211],[-76.858646,40.781784],[-76.856292,40.789697],[-76.856094,40.791211],[-76.852163,40.800839],[-76.849066,40.805493],[-76.849815,40.80893],[-76.847105,40.812565],[-76.836251,40.812491],[-76.832647,40.81109],[-76.830895,40.809497],[-76.798696,40.814116],[-76.798159,40.813607],[-76.788895,40.819021],[-76.797025,40.822406],[-76.788444,40.82783],[-76.783231,40.822921],[-76.773138,40.817566],[-76.761563,40.817116],[-76.758306,40.804053],[-76.755481,40.789362],[-76.750131,40.776263],[-76.739794,40.778845],[-76.722164,40.78137],[-76.696089,40.785474],[-76.6964,40.804069],[-76.696638,40.8296],[-76.697185,40.860765],[-76.687471,40.86127],[-76.671722,40.861833],[-76.653324,40.86525],[-76.650235,40.876033],[-76.642704,40.875696],[-76.642535,40.883913],[-76.625222,40.88324],[-76.584728,40.879895],[-76.570194,40.879102],[-76.550898,40.882609],[-76.528024,40.882613],[-76.506625,40.882859],[-76.504377,40.881226],[-76.503787,40.878726],[-76.506364,40.876833],[-76.50933,40.873977],[-76.509739,40.870502],[-76.508095,40.868227],[-76.507752,40.864049],[-76.506814,40.86295],[-76.502481,40.861769],[-76.500808,40.85995],[-76.499992,40.856081],[-76.498006,40.854075],[-76.499211,40.852526],[-76.499251,40.850336],[-76.50526,40.84886],[-76.508093,40.846637],[-76.507433,40.844379],[-76.508054,40.842131],[-76.506665,40.839356],[-76.505389,40.838405],[-76.505011,40.835303],[-76.502568,40.8317],[-76.502565,40.828757],[-76.501285,40.82465],[-76.498456,40.823897],[-76.495245,40.824183],[-76.490558,40.825219],[-76.487236,40.826324],[-76.485071,40.82605],[-76.480994,40.826923],[-76.473372,40.827189],[-76.470653,40.828688],[-76.46854,40.827915],[-76.463906,40.828303],[-76.45788,40.830161],[-76.450811,40.830378],[-76.448858,40.831067],[-76.445807,40.830808],[-76.440871,40.831381],[-76.437511,40.832487],[-76.429929,40.832218],[-76.423347,40.833399],[-76.412975,40.833264],[-76.411487,40.83349],[-76.405783,40.8224],[-76.403867,40.8192],[-76.398055,40.808305],[-76.394049,40.801247],[-76.392645,40.797359],[-76.380334,40.775445],[-76.396602,40.76983],[-76.431773,40.756971],[-76.432321,40.756848],[-76.468905,40.743391],[-76.46384,40.743529],[-76.460115,40.745122],[-76.457025,40.744519],[-76.453603,40.744563],[-76.449871,40.746535],[-76.447929,40.748754],[-76.445146,40.750088],[-76.441287,40.749078],[-76.440363,40.749908],[-76.438002,40.749716],[-76.43623,40.751107],[-76.431306,40.751168],[-76.428743,40.750448],[-76.423465,40.750624],[-76.417067,40.751682],[-76.411226,40.751297],[-76.405765,40.74974],[-76.400295,40.751926],[-76.394388,40.75306],[-76.389305,40.752279],[-76.388921,40.748384],[-76.38444,40.74494],[-76.382267,40.744763],[-76.381018,40.745762],[-76.380346,40.751127],[-76.377015,40.753607],[-76.372703,40.752116],[-76.353382,40.730839],[-76.327066,40.723457],[-76.31448,40.719998],[-76.304718,40.717123],[-76.300362,40.715319],[-76.304353,40.713885],[-76.319212,40.700636],[-76.329522,40.692748],[-76.317921,40.676368],[-76.282132,40.628931],[-76.298504,40.622446],[-76.288617,40.604995],[-76.261401,40.557418],[-76.249753,40.537325],[-76.24011,40.520529],[-76.246028,40.519598],[-76.256008,40.517067],[-76.262998,40.516697],[-76.272152,40.517586],[-76.282109,40.516137],[-76.290744,40.515413],[-76.295786,40.515269],[-76.302326,40.514658],[-76.311801,40.515878],[-76.314579,40.51591],[-76.322544,40.51416],[-76.326203,40.514515],[-76.330435,40.51591],[-76.339109,40.515351],[-76.344845,40.513044],[-76.350536,40.511968],[-76.3524,40.511157],[-76.362063,40.510069],[-76.369222,40.509597],[-76.374678,40.507172],[-76.378157,40.506012],[-76.384348,40.505739],[-76.387682,40.504552],[-76.399498,40.501286],[-76.405071,40.49936],[-76.405874,40.498729],[-76.412766,40.49725],[-76.415912,40.496022],[-76.4186,40.495615],[-76.427311,40.495434],[-76.434418,40.495622],[-76.436605,40.496229],[-76.440181,40.495952],[-76.456836,40.506094],[-76.496432,40.530765],[-76.499684,40.532602],[-76.535414,40.555157],[-76.571818,40.577533],[-76.58448,40.58511],[-76.597183,40.593185],[-76.641433,40.620922],[-76.668823,40.637599],[-76.691889,40.652303],[-76.701507,40.658014],[-76.702361,40.65574],[-76.703924,40.65537],[-76.713167,40.659551],[-76.718273,40.658389],[-76.719988,40.656736],[-76.721729,40.653483],[-76.724788,40.653061],[-76.730473,40.653793],[-76.73276,40.654733],[-76.737973,40.654897],[-76.742224,40.654388],[-76.745894,40.654464],[-76.749698,40.65315],[-76.751901,40.650826],[-76.756232,40.648088],[-76.761511,40.64788],[-76.764913,40.647089],[-76.770203,40.646874],[-76.776127,40.645553],[-76.778281,40.645986],[-76.784081,40.643117],[-76.785853,40.641732],[-76.790388,40.640784],[-76.793851,40.640514],[-76.794558,40.641727],[-76.798185,40.644752],[-76.800854,40.645332],[-76.802492,40.64728],[-76.805656,40.646384],[-76.809065,40.64342],[-76.809902,40.641916],[-76.810149,40.634846],[-76.813202,40.633309],[-76.822471,40.633523],[-76.825119,40.634502],[-76.827405,40.633946],[-76.83183,40.629811],[-76.833162,40.627602],[-76.836074,40.626272],[-76.840104,40.625439],[-76.848056,40.625899],[-76.854599,40.62572],[-76.861359,40.626673],[-76.864254,40.627585],[-76.86663,40.626514],[-76.869483,40.623481],[-76.869528,40.618383],[-76.872717,40.616313],[-76.881262,40.617041],[-76.883426,40.617968],[-76.886822,40.617708],[-76.890254,40.616279],[-76.891462,40.614331],[-76.889741,40.612909],[-76.890039,40.610331],[-76.892646,40.610052],[-76.898869,40.610452],[-76.903342,40.611892],[-76.908258,40.611206],[-76.913229,40.611096],[-76.916558,40.61018],[-76.919859,40.610133],[-76.921044,40.608756],[-76.91778,40.604846],[-76.918672,40.603466],[-76.920427,40.604031],[-76.921849,40.605742],[-76.925496,40.608891],[-76.932912,40.611895],[-76.936962,40.612841],[-76.949148,40.628167],[-76.947981,40.62891],[-76.940671,40.636984],[-76.939883,40.638142]]]},"properties":{"district":"107","name":"State House District 107"}},{"type":"Feature","geometry":{"type":"Polygon","coordinates":[[[-76.8773,40.954579],[-76.877397,40.960145],[-76.881082,40.967332],[-76.882249,40.968763],[-76.881875,40.973101],[-76.88024,40.975354],[-76.875587,40.984582],[-76.870113,40.991934],[-76.868554,40.994972],[-76.867584,40.998468],[-76.86743,41.007749],[-76.864544,41.019795],[-76.863631,41.023026],[-76.862524,41.024747],[-76.861249,41.028489],[-76.861524,41.033703],[-76.861293,41.03806],[-76.860376,41.040172],[-76.85776,41.044064],[-76.856424,41.047412],[-76.856192,41.050545],[-76.857576,41.055466],[-76.857741,41.062859],[-76.856985,41.066017],[-76.857879,41.068893],[-76.858335,41.073078],[-76.860045,41.075729],[-76.865202,41.080227],[-76.87084,41.081733],[-76.87271,41.082702],[-76.875243,41.08551],[-76.880889,41.09101],[-76.884383,41.093753],[-76.889685,41.101313],[-76.89144,41.10559],[-76.892204,41.110243],[-76.894884,41.116229],[-76.895882,41.119978],[-76.89577,41.124196],[-76.897919,41.13298],[-76.897522,41.135962],[-76.894778,41.141854],[-76.888145,41.153807],[-76.885542,41.155579],[-76.884155,41.157346],[-76.880963,41.158044],[-76.871796,41.160018],[-76.870261,41.160055],[-76.856916,41.163641],[-76.834364,41.165315],[-76.83293,41.165744],[-76.828168,41.16578],[-76.825963,41.166671],[-76.790807,41.175732],[-76.733765,41.172049],[-76.729997,41.171881],[-76.723515,41.169596],[-76.678776,41.154172],[-76.640767,41.155718],[-76.630892,41.125208],[-76.624712,41.104171],[-76.620849,41.089957],[-76.620458,41.08484],[-76.617898,41.081358],[-76.615495,41.079708],[-76.616595,41.076042],[-76.618216,41.074211],[-76.617363,41.073353],[-76.616039,41.068748],[-76.616965,41.065964],[-76.618971,41.063759],[-76.586817,41.057299],[-76.569915,41.053761],[-76.562263,41.034214],[-76.562847,41.023447],[-76.566208,41.008587],[-76.565233,40.999812],[-76.532642,40.975695],[-76.527342,40.971512],[-76.525057,40.967789],[-76.521815,40.967064],[-76.521498,40.964676],[-76.517473,40.960465],[-76.514951,40.958959],[-76.514561,40.956751],[-76.516273,40.952521],[-76.515868,40.950255],[-76.512421,40.946102],[-76.518371,40.943686],[-76.526549,40.940811],[-76.529395,40.940143],[-76.525824,40.934567],[-76.523771,40.934166],[-76.52178,40.931653],[-76.520138,40.926634],[-76.52224,40.922743],[-76.52673,40.920712],[-76.528329,40.918472],[-76.524862,40.915936],[-76.525286,40.910579],[-76.528024,40.882613],[-76.550898,40.882609],[-76.570194,40.879102],[-76.584728,40.879895],[-76.625222,40.88324],[-76.642535,40.883913],[-76.642704,40.875696],[-76.650235,40.876033],[-76.653324,40.86525],[-76.671722,40.861833],[-76.687471,40.86127],[-76.697185,40.860765],[-76.696638,40.8296],[-76.6964,40.804069],[-76.696089,40.785474],[-76.722164,40.78137],[-76.739794,40.778845],[-76.750131,40.776263],[-76.755481,40.789362],[-76.758306,40.804053],[-76.761563,40.817116],[-76.773138,40.817566],[-76.783231,40.822921],[-76.788444,40.82783],[-76.797025,40.822406],[-76.788895,40.819021],[-76.798159,40.813607],[-76.798696,40.814116],[-76.830895,40.809497],[-76.832647,40.81109],[-76.836251,40.812491],[-76.847105,40.812565],[-76.840626,40.821324],[-76.836338,40.825761],[-76.829685,40.831029],[-76.825648,40.835503],[-76.820895,40.839898],[-76.818026,40.843293],[-76.812812,40.847106],[-76.810251,40.854565],[-76.808504,40.857273],[-76.806492,40.86219],[-76.804475,40.866201],[-76.800704,40.872595],[-76.798714,40.878366],[-76.800165,40.881921],[-76.803513,40.884633],[-76.806497,40.886003],[-76.822679,40.889699],[-76.826386,40.892159],[-76.83225,40.897503],[-76.837514,40.901978],[-76.840525,40.903955],[-76.842091,40.905598],[-76.851469,40.912846],[-76.854106,40.915426],[-76.85602,40.919118],[-76.859925,40.923978],[-76.863428,40.930318],[-76.864434,40.933194],[-76.867516,40.937852],[-76.869791,40.942121],[-76.872025,40.944017],[-76.873964,40.946752],[-76.876221,40.951089],[-76.8773,40.954579]]]},"properties":{"district":"108","name":"State House District 108"}},{"type":"Feature","geometry":{"type":"Polygon","coordinates":[[[-76.640767,41.155718],[-76.624654,41.156355],[-76.592607,41.157765],[-76.552006,41.190042],[-76.521652,41.21426],[-76.499652,41.233856],[-76.495514,41.237167],[-76.478811,41.250083],[-76.459314,41.266009],[-76.425944,41.293447],[-76.407934,41.308418],[-76.374368,41.308676],[-76.310261,41.310198],[-76.310848,41.308949],[-76.319036,41.226974],[-76.31927,41.222497],[-76.32022,41.215063],[-76.319236,41.208092],[-76.299983,41.171719],[-76.296701,41.165734],[-76.286714,41.148268],[-76.284197,41.143472],[-76.27739,41.131795],[-76.24977,41.135062],[-76.228975,41.138466],[-76.228478,41.053632],[-76.228144,41.051947],[-76.231194,41.050168],[-76.220769,41.000085],[-76.217907,40.988697],[-76.207827,40.94974],[-76.249661,40.915792],[-76.284611,40.883588],[-76.286889,40.875085],[-76.292881,40.853881],[-76.30717,40.801809],[-76.355849,40.784287],[-76.374491,40.77766],[-76.380334,40.775445],[-76.392645,40.797359],[-76.394049,40.801247],[-76.398055,40.808305],[-76.403867,40.8192],[-76.405783,40.8224],[-76.411487,40.83349],[-76.412975,40.833264],[-76.423347,40.833399],[-76.429929,40.832218],[-76.437511,40.832487],[-76.440871,40.831381],[-76.445807,40.830808],[-76.448858,40.831067],[-76.450811,40.830378],[-76.45788,40.830161],[-76.463906,40.828303],[-76.46854,40.827915],[-76.470653,40.828688],[-76.473372,40.827189],[-76.480994,40.826923],[-76.485071,40.82605],[-76.487236,40.826324],[-76.490558,40.825219],[-76.495245,40.824183],[-76.498456,40.823897],[-76.501285,40.82465],[-76.502565,40.828757],[-76.502568,40.8317],[-76.505011,40.835303],[-76.505389,40.838405],[-76.506665,40.839356],[-76.508054,40.842131],[-76.507433,40.844379],[-76.508093,40.846637],[-76.50526,40.84886],[-76.499251,40.850336],[-76.499211,40.852526],[-76.498006,40.854075],[-76.499992,40.856081],[-76.500808,40.85995],[-76.502481,40.861769],[-76.506814,40.86295],[-76.507752,40.864049],[-76.508095,40.868227],[-76.509739,40.870502],[-76.50933,40.873977],[-76.506364,40.876833],[-76.503787,40.878726],[-76.504377,40.881226],[-76.506625,40.882859],[-76.528024,40.882613],[-76.525286,40.910579],[-76.524862,40.915936],[-76.528329,40.918472],[-76.52673,40.920712],[-76.52224,40.922743],[-76.520138,40.926634],[-76.52178,40.931653],[-76.523771,40.934166],[-76.525824,40.934567],[-76.529395,40.940143],[-76.526549,40.940811],[-76.518371,40.943686],[-76.512421,40.946102],[-76.515868,40.950255],[-76.516273,40.952521],[-76.514561,40.956751],[-76.514951,40.958959],[-76.517473,40.960465],[-76.521498,40.964676],[-76.521815,40.967064],[-76.525057,40.967789],[-76.527342,40.971512],[-76.532642,40.975695],[-76.565233,40.999812],[-76.566208,41.008587],[-76.562847,41.023447],[-76.562263,41.034214],[-76.569915,41.053761],[-76.586817,41.057299],[-76.618971,41.063759],[-76.616965,41.065964],[-76.616039,41.068748],[-76.617363,41.073353],[-76.618216,41.074211],[-76.616595,41.076042],[-76.615495,41.079708],[-76.617898,41.081358],[-76.620458,41.08484],[-76.620849,41.089957],[-76.624712,41.104171],[-76.630892,41.125208],[-76.640767,41.155718]]]},"properties":{"district":"109","name":"State House District 109"}},{"type":"Feature","geometry":{"type":"Polygon","coordinates":[[[-76.469545,41.561501],[-76.493444,41.604166],[-76.439564,41.650172],[-76.403401,41.680955],[-76.416636,41.725115],[-76.423386,41.747851],[-76.428763,41.749633],[-76.433559,41.754201],[-76.436838,41.76024],[-76.438758,41.762972],[-76.441541,41.765953],[-76.441568,41.762784],[-76.440966,41.761122],[-76.441113,41.757809],[-76.450948,41.75752],[-76.453067,41.756617],[-76.453627,41.773352],[-76.455927,41.775868],[-76.453858,41.776965],[-76.455877,41.779011],[-76.443251,41.785488],[-76.441235,41.78188],[-76.440485,41.778543],[-76.438775,41.780591],[-76.438929,41.783025],[-76.440039,41.786544],[-76.44279,41.791207],[-76.444766,41.79391],[-76.447509,41.796024],[-76.450938,41.797931],[-76.45803,41.800563],[-76.460562,41.800907],[-76.465196,41.800059],[-76.469438,41.801034],[-76.470745,41.80293],[-76.47291,41.804112],[-76.477564,41.805586],[-76.480454,41.805692],[-76.483029,41.804928],[-76.486058,41.805472],[-76.489434,41.806689],[-76.494186,41.809516],[-76.520683,41.795542],[-76.548672,41.794537],[-76.549827,41.812757],[-76.551242,41.827031],[-76.55428,41.873148],[-76.554714,41.881409],[-76.555469,41.888455],[-76.556052,41.891431],[-76.554838,41.909162],[-76.633706,41.906947],[-76.635773,41.950788],[-76.638109,42.000722],[-76.588772,42.000283],[-76.541361,41.999955],[-76.509511,41.999608],[-76.442893,41.998759],[-76.425281,41.998626],[-76.384982,41.998484],[-76.344827,41.998383],[-76.304101,41.998318],[-76.269333,41.998411],[-76.244668,41.998405],[-76.204873,41.998575],[-76.174066,41.998639],[-76.145519,41.998842],[-76.139964,41.937003],[-76.136813,41.906734],[-76.134518,41.876691],[-76.134046,41.873588],[-76.131609,41.846674],[-76.125611,41.780314],[-76.125899,41.770614],[-76.124618,41.766915],[-76.121511,41.733202],[-76.120024,41.714742],[-76.119535,41.71043],[-76.118437,41.694675],[-76.115172,41.651825],[-76.114224,41.643385],[-76.087759,41.644724],[-76.049726,41.644479],[-76.044964,41.644387],[-76.014304,41.644269],[-75.986304,41.644801],[-75.972729,41.644317],[-75.938558,41.644106],[-75.879009,41.643462],[-75.868724,41.644356],[-75.831888,41.643142],[-75.797336,41.642615],[-75.79222,41.64205],[-75.782652,41.642843],[-75.767924,41.643409],[-75.744753,41.642724],[-75.719887,41.642263],[-75.720526,41.639102],[-75.718608,41.637869],[-75.718774,41.636113],[-75.721697,41.634578],[-75.72868,41.635502],[-75.77429,41.574048],[-75.769422,41.568301],[-75.779323,41.555097],[-75.787503,41.543531],[-75.80323,41.524227],[-75.771626,41.505793],[-75.801633,41.468118],[-75.812397,41.454716],[-75.834512,41.426965],[-75.839287,41.424633],[-75.901405,41.409563],[-75.929144,41.403473],[-75.968839,41.394032],[-75.98327,41.391063],[-76.00507,41.384551],[-76.025396,41.383762],[-76.052473,41.382706],[-76.103118,41.381376],[-76.158881,41.379907],[-76.206362,41.378896],[-76.282799,41.377244],[-76.276784,41.391568],[-76.252722,41.450758],[-76.228131,41.511137],[-76.223866,41.524544],[-76.220073,41.541278],[-76.273833,41.546073],[-76.350407,41.552018],[-76.385718,41.554983],[-76.411158,41.556765],[-76.469545,41.561501]]]},"properties":{"district":"110","name":"State House District 110"}},{"type":"Feature","geometry":{"type":"Polygon","coordinates":[[[-75.069559,41.601874],[-75.070591,41.600676],[-75.097465,41.566207],[-75.109827,41.551044],[-75.114859,41.543992],[-75.122048,41.534993],[-75.186888,41.531748],[-75.221384,41.516276],[-75.239004,41.531495],[-75.239868,41.532137],[-75.273821,41.561424],[-75.302094,41.56001],[-75.314116,41.559541],[-75.327981,41.558831],[-75.33624,41.558235],[-75.334902,41.537516],[-75.345008,41.539997],[-75.388768,41.551049],[-75.412816,41.549296],[-75.457297,41.546471],[-75.458715,41.572563],[-75.459327,41.587683],[-75.460227,41.603285],[-75.460907,41.612307],[-75.461195,41.618963],[-75.461611,41.621267],[-75.462411,41.641587],[-75.469259,41.64141],[-75.474778,41.641699],[-75.50201,41.641442],[-75.520211,41.641443],[-75.531276,41.641659],[-75.554761,41.641451],[-75.569136,41.641765],[-75.599728,41.641904],[-75.618959,41.642064],[-75.622271,41.641935],[-75.652187,41.642196],[-75.677399,41.642113],[-75.719887,41.642263],[-75.744753,41.642724],[-75.767924,41.643409],[-75.782652,41.642843],[-75.79222,41.64205],[-75.797336,41.642615],[-75.831888,41.643142],[-75.868724,41.644356],[-75.879009,41.643462],[-75.938558,41.644106],[-75.972729,41.644317],[-75.986304,41.644801],[-76.014304,41.644269],[-76.044964,41.644387],[-76.049726,41.644479],[-76.087759,41.644724],[-76.114224,41.643385],[-76.115172,41.651825],[-76.118437,41.694675],[-76.119535,41.71043],[-76.120024,41.714742],[-76.121511,41.733202],[-76.124618,41.766915],[-76.125899,41.770614],[-76.125611,41.780314],[-76.131609,41.846674],[-76.134046,41.873588],[-76.134518,41.876691],[-76.136813,41.906734],[-76.139964,41.937003],[-76.145519,41.998842],[-76.126046,41.998859],[-76.059875,41.999022],[-76.008813,41.999008],[-75.983082,41.999035],[-75.949871,41.998974],[-75.945086,41.998895],[-75.897461,41.99863],[-75.833213,41.998179],[-75.773445,41.99787],[-75.764683,41.997856],[-75.694623,41.998431],[-75.655567,41.998618],[-75.634766,41.998765],[-75.593264,41.998933],[-75.557012,41.99902],[-75.483238,41.999251],[-75.437252,41.999363],[-75.359645,41.999554],[-75.354722,41.997472],[-75.349948,41.995958],[-75.344796,41.994722],[-75.341079,41.992856],[-75.337617,41.987241],[-75.337546,41.984265],[-75.339494,41.980387],[-75.340234,41.977539],[-75.341878,41.975351],[-75.341591,41.972216],[-75.338143,41.970418],[-75.336106,41.970848],[-75.329089,41.968577],[-75.327334,41.967184],[-75.326309,41.965231],[-75.322492,41.961951],[-75.319537,41.960106],[-75.318248,41.957232],[-75.317533,41.953578],[-75.315098,41.952497],[-75.312916,41.950198],[-75.310941,41.949103],[-75.307279,41.949142],[-75.302585,41.948012],[-75.300874,41.948603],[-75.301738,41.951657],[-75.300475,41.953838],[-75.297518,41.954685],[-75.294458,41.954634],[-75.292564,41.953866],[-75.291381,41.951645],[-75.29158,41.94647],[-75.290554,41.944371],[-75.288525,41.942458],[-75.284771,41.941981],[-75.278709,41.938523],[-75.278507,41.93591],[-75.27725,41.933714],[-75.276501,41.926679],[-75.276721,41.922515],[-75.275867,41.920537],[-75.271247,41.914067],[-75.267734,41.907868],[-75.267296,41.90303],[-75.268347,41.901262],[-75.272138,41.897846],[-75.273035,41.896313],[-75.272039,41.889983],[-75.27136,41.887513],[-75.269962,41.886518],[-75.263652,41.885228],[-75.260623,41.883783],[-75.258789,41.880685],[-75.25746,41.876842],[-75.25905,41.87449],[-75.261682,41.872964],[-75.264072,41.870754],[-75.264049,41.868684],[-75.26159,41.86494],[-75.257584,41.861957],[-75.250981,41.862007],[-75.248793,41.862739],[-75.243345,41.866877],[-75.241147,41.867252],[-75.23676,41.863982],[-75.234565,41.861569],[-75.231143,41.85924],[-75.229208,41.859246],[-75.226151,41.857595],[-75.223166,41.857916],[-75.219089,41.861733],[-75.217207,41.864919],[-75.214781,41.867483],[-75.209569,41.869319],[-75.206467,41.869899],[-75.19917,41.869158],[-75.194904,41.86758],[-75.191161,41.864787],[-75.190177,41.862796],[-75.186784,41.860303],[-75.184534,41.860253],[-75.182186,41.862378],[-75.180823,41.864687],[-75.179719,41.868268],[-75.178355,41.870585],[-75.176318,41.872423],[-75.173268,41.872478],[-75.170565,41.871608],[-75.168424,41.869335],[-75.16795,41.867517],[-75.168603,41.860289],[-75.168055,41.857968],[-75.163965,41.85129],[-75.161145,41.849767],[-75.157655,41.848692],[-75.15468,41.848455],[-75.151504,41.849071],[-75.146293,41.85123],[-75.14144,41.852209],[-75.139876,41.852058],[-75.134991,41.848495],[-75.131993,41.845755],[-75.130478,41.845164],[-75.126223,41.845152],[-75.121763,41.846115],[-75.119372,41.846184],[-75.116595,41.845449],[-75.114746,41.844209],[-75.113332,41.841667],[-75.113145,41.836165],[-75.114401,41.831731],[-75.115016,41.827058],[-75.113502,41.823194],[-75.112677,41.822395],[-75.108331,41.821391],[-75.103886,41.819669],[-75.100565,41.818927],[-75.095155,41.814451],[-75.08988,41.811701],[-75.085525,41.811712],[-75.081577,41.814225],[-75.079362,41.8151],[-75.07476,41.815294],[-75.072248,41.814131],[-75.071509,41.811304],[-75.072515,41.805999],[-75.075652,41.799555],[-75.07907,41.79704],[-75.082126,41.796496],[-75.086684,41.797575],[-75.090532,41.797414],[-75.092638,41.79666],[-75.095784,41.792949],[-75.100538,41.789276],[-75.102214,41.786434],[-75.103948,41.78015],[-75.103879,41.776048],[-75.104711,41.774384],[-75.103492,41.771238],[-75.100197,41.769014],[-75.09281,41.768361],[-75.087182,41.769392],[-75.079938,41.771432],[-75.07577,41.771667],[-75.073616,41.770374],[-75.072464,41.768548],[-75.068554,41.767322],[-75.064758,41.766687],[-75.061237,41.76479],[-75.059633,41.762994],[-75.057007,41.758555],[-75.056016,41.756153],[-75.053197,41.752425],[-75.052679,41.744826],[-75.054721,41.736487],[-75.054787,41.734412],[-75.053557,41.726868],[-75.05218,41.722348],[-75.051831,41.719921],[-75.049652,41.715472],[-75.049848,41.713066],[-75.051155,41.711678],[-75.05311,41.711521],[-75.059203,41.71281],[-75.063394,41.713058],[-75.067507,41.71214],[-75.068917,41.709794],[-75.068683,41.708021],[-75.06669,41.704811],[-75.06373,41.702959],[-75.059936,41.699978],[-75.056032,41.694629],[-75.052627,41.68811],[-75.052295,41.684991],[-75.051121,41.681955],[-75.051252,41.680018],[-75.053334,41.677987],[-75.05798,41.675209],[-75.059425,41.673537],[-75.059177,41.670785],[-75.057762,41.669028],[-75.05474,41.668631],[-75.050207,41.662534],[-75.04888,41.657808],[-75.049234,41.650534],[-75.048894,41.647911],[-75.047726,41.645662],[-75.049497,41.641562],[-75.048867,41.638979],[-75.048488,41.632494],[-75.045274,41.6257],[-75.043635,41.622828],[-75.044494,41.620512],[-75.044274,41.617644],[-75.045773,41.615852],[-75.048381,41.615922],[-75.05302,41.618515],[-75.05582,41.618486],[-75.059731,41.617556],[-75.061329,41.616685],[-75.061537,41.615274],[-75.059937,41.61226],[-75.059728,41.610415],[-75.062933,41.609337],[-75.06823,41.61022],[-75.071633,41.609474],[-75.074475,41.608125],[-75.073805,41.605289],[-75.069559,41.601874]]]},"properties":{"district":"111","name":"State House District 111"}},{"type":"Feature","geometry":{"type":"Polygon","coordinates":[[[-75.457297,41.546471],[-75.456427,41.534083],[-75.455011,41.516828],[-75.454638,41.505996],[-75.454101,41.501878],[-75.452267,41.476019],[-75.452328,41.470543],[-75.451211,41.446991],[-75.450763,41.442007],[-75.450032,41.42551],[-75.448811,41.403524],[-75.448179,41.387685],[-75.477295,41.387953],[-75.493163,41.388263],[-75.493872,41.381336],[-75.515195,41.380569],[-75.516143,41.394251],[-75.524289,41.390092],[-75.526603,41.393705],[-75.527538,41.396583],[-75.527719,41.402313],[-75.528432,41.411788],[-75.524268,41.415442],[-75.543209,41.427616],[-75.560303,41.41279],[-75.572275,41.402768],[-75.582241,41.394077],[-75.625149,41.392721],[-75.618065,41.40116],[-75.626928,41.405696],[-75.649704,41.416794],[-75.651636,41.417739],[-75.647197,41.421707],[-75.645864,41.423949],[-75.640267,41.430396],[-75.622291,41.442733],[-75.636353,41.449725],[-75.634753,41.450884],[-75.629425,41.451021],[-75.625486,41.450465],[-75.622926,41.453186],[-75.619087,41.459647],[-75.615827,41.461626],[-75.614216,41.46367],[-75.610768,41.46349],[-75.608703,41.46416],[-75.604506,41.467302],[-75.607541,41.468169],[-75.606611,41.47072],[-75.63207,41.487445],[-75.622945,41.494294],[-75.615799,41.499872],[-75.6061,41.508399],[-75.605249,41.507844],[-75.585318,41.523358],[-75.584483,41.527343],[-75.570421,41.544599],[-75.570982,41.544944],[-75.548861,41.599133],[-75.531276,41.641659],[-75.520211,41.641443],[-75.50201,41.641442],[-75.474778,41.641699],[-75.469259,41.64141],[-75.462411,41.641587],[-75.461611,41.621267],[-75.461195,41.618963],[-75.460907,41.612307],[-75.460227,41.603285],[-75.459327,41.587683],[-75.458715,41.572563],[-75.457297,41.546471]]]},"properties":{"district":"112","name":"State House District 112"}},{"type":"Feature","geometry":{"type":"Polygon","coordinates":[[[-75.448179,41.387685],[-75.447001,41.363169],[-75.445902,41.343059],[-75.443337,41.299295],[-75.441421,41.260053],[-75.44108,41.257977],[-75.442964,41.257021],[-75.445234,41.254533],[-75.447678,41.253678],[-75.450367,41.253739],[-75.451316,41.252329],[-75.453507,41.252396],[-75.453879,41.254291],[-75.456685,41.253938],[-75.457682,41.251712],[-75.458785,41.251416],[-75.461085,41.247268],[-75.463021,41.246836],[-75.467498,41.247979],[-75.469177,41.244025],[-75.47213,41.243475],[-75.473855,41.244737],[-75.4767,41.245077],[-75.477122,41.246422],[-75.479378,41.246245],[-75.481401,41.247019],[-75.484477,41.245974],[-75.48408,41.244635],[-75.485059,41.242648],[-75.491205,41.241872],[-75.492959,41.243307],[-75.496057,41.242948],[-75.498804,41.240009],[-75.501035,41.236347],[-75.504664,41.235079],[-75.505607,41.232539],[-75.508584,41.232661],[-75.509252,41.227989],[-75.510758,41.225145],[-75.512414,41.223194],[-75.51461,41.222097],[-75.516491,41.21938],[-75.521671,41.22197],[-75.525584,41.223017],[-75.526598,41.224892],[-75.530072,41.226588],[-75.532449,41.225316],[-75.53507,41.225033],[-75.539846,41.225461],[-75.543886,41.223596],[-75.544409,41.221837],[-75.549144,41.2174],[-75.551153,41.214991],[-75.552367,41.212442],[-75.554017,41.21168],[-75.556036,41.207053],[-75.559433,41.206812],[-75.560074,41.205052],[-75.562819,41.205219],[-75.563404,41.203865],[-75.5673,41.199297],[-75.569444,41.198971],[-75.569666,41.197123],[-75.570903,41.195361],[-75.569159,41.193658],[-75.570581,41.192615],[-75.570211,41.19113],[-75.574128,41.189084],[-75.576371,41.186551],[-75.576018,41.180247],[-75.576653,41.177857],[-75.578257,41.177218],[-75.582724,41.176745],[-75.587812,41.172666],[-75.593764,41.171779],[-75.596328,41.171766],[-75.597746,41.170272],[-75.597905,41.168065],[-75.596335,41.165821],[-75.597265,41.163204],[-75.598634,41.163062],[-75.600736,41.161497],[-75.602639,41.161701],[-75.604018,41.163217],[-75.607216,41.164194],[-75.611717,41.164187],[-75.613686,41.167287],[-75.613854,41.169078],[-75.616558,41.172678],[-75.619342,41.170838],[-75.622896,41.170869],[-75.624054,41.16975],[-75.631843,41.169669],[-75.636651,41.171359],[-75.639497,41.176214],[-75.643392,41.176172],[-75.64448,41.179714],[-75.643751,41.182228],[-75.646776,41.186125],[-75.649233,41.187173],[-75.6501,41.207201],[-75.650812,41.228359],[-75.652273,41.257383],[-75.663994,41.260533],[-75.679304,41.264301],[-75.679344,41.28796],[-75.679602,41.288171],[-75.689661,41.287785],[-75.690824,41.304335],[-75.69412,41.30411],[-75.694959,41.317577],[-75.687841,41.317836],[-75.688606,41.339446],[-75.685631,41.338835],[-75.683242,41.338942],[-75.668224,41.3691],[-75.674484,41.371904],[-75.676443,41.36948],[-75.689177,41.375629],[-75.691019,41.37314],[-75.691375,41.371459],[-75.700434,41.377169],[-75.703619,41.379504],[-75.707236,41.383196],[-75.700585,41.385153],[-75.695684,41.385193],[-75.693949,41.386179],[-75.694159,41.388042],[-75.691593,41.389866],[-75.687412,41.388804],[-75.682586,41.392139],[-75.678102,41.393712],[-75.688097,41.398646],[-75.68916,41.39626],[-75.701689,41.402356],[-75.699934,41.404401],[-75.696966,41.402972],[-75.693699,41.406723],[-75.700517,41.410103],[-75.699833,41.412612],[-75.696407,41.416283],[-75.695888,41.418126],[-75.694225,41.419316],[-75.684555,41.4146],[-75.679681,41.420256],[-75.67465,41.417826],[-75.673141,41.417623],[-75.665595,41.414389],[-75.662832,41.41541],[-75.66109,41.414257],[-75.657426,41.415952],[-75.650852,41.415924],[-75.649704,41.416794],[-75.626928,41.405696],[-75.618065,41.40116],[-75.625149,41.392721],[-75.582241,41.394077],[-75.572275,41.402768],[-75.560303,41.41279],[-75.543209,41.427616],[-75.524268,41.415442],[-75.528432,41.411788],[-75.527719,41.402313],[-75.527538,41.396583],[-75.526603,41.393705],[-75.524289,41.390092],[-75.516143,41.394251],[-75.515195,41.380569],[-75.493872,41.381336],[-75.493163,41.388263],[-75.477295,41.387953],[-75.448179,41.387685]]]},"properties":{"district":"113","name":"State House District 113"}},{"type":"Feature","geometry":{"type":"Polygon","coordinates":[[[-75.769422,41.568301],[-75.77429,41.574048],[-75.72868,41.635502],[-75.721697,41.634578],[-75.718774,41.636113],[-75.718608,41.637869],[-75.720526,41.639102],[-75.719887,41.642263],[-75.677399,41.642113],[-75.652187,41.642196],[-75.622271,41.641935],[-75.618959,41.642064],[-75.599728,41.641904],[-75.569136,41.641765],[-75.554761,41.641451],[-75.531276,41.641659],[-75.548861,41.599133],[-75.570982,41.544944],[-75.570421,41.544599],[-75.584483,41.527343],[-75.585318,41.523358],[-75.605249,41.507844],[-75.6061,41.508399],[-75.615799,41.499872],[-75.622945,41.494294],[-75.63207,41.487445],[-75.606611,41.47072],[-75.607541,41.468169],[-75.604506,41.467302],[-75.608703,41.46416],[-75.610768,41.46349],[-75.614216,41.46367],[-75.615827,41.461626],[-75.619087,41.459647],[-75.622926,41.453186],[-75.625486,41.450465],[-75.629425,41.451021],[-75.634753,41.450884],[-75.636353,41.449725],[-75.622291,41.442733],[-75.640267,41.430396],[-75.645864,41.423949],[-75.647197,41.421707],[-75.651636,41.417739],[-75.649704,41.416794],[-75.650852,41.415924],[-75.657426,41.415952],[-75.66109,41.414257],[-75.662832,41.41541],[-75.665595,41.414389],[-75.673141,41.417623],[-75.67465,41.417826],[-75.679681,41.420256],[-75.684555,41.4146],[-75.694225,41.419316],[-75.695888,41.418126],[-75.696407,41.416283],[-75.699833,41.412612],[-75.700517,41.410103],[-75.720016,41.419221],[-75.70744,41.433613],[-75.693282,41.450102],[-75.686206,41.458135],[-75.709525,41.469365],[-75.745445,41.487463],[-75.744538,41.48881],[-75.74521,41.490161],[-75.744783,41.492274],[-75.742836,41.491897],[-75.736256,41.493298],[-75.736175,41.494912],[-75.733111,41.497391],[-75.730557,41.495714],[-75.72737,41.49786],[-75.722904,41.501846],[-75.719686,41.499742],[-75.717406,41.501259],[-75.719891,41.502869],[-75.7176,41.506023],[-75.720079,41.509039],[-75.714975,41.512245],[-75.715623,41.513802],[-75.713943,41.515839],[-75.710743,41.517541],[-75.709567,41.520633],[-75.715321,41.521369],[-75.721741,41.526457],[-75.720494,41.527804],[-75.72007,41.531961],[-75.718126,41.530682],[-75.710596,41.537263],[-75.712961,41.538833],[-75.711866,41.539949],[-75.713792,41.542227],[-75.720588,41.544008],[-75.725061,41.548119],[-75.727176,41.545967],[-75.728556,41.542261],[-75.733529,41.545508],[-75.735883,41.545629],[-75.738846,41.550514],[-75.738284,41.551013],[-75.741671,41.553232],[-75.738921,41.556127],[-75.738572,41.557213],[-75.735695,41.560572],[-75.754906,41.569764],[-75.756687,41.569597],[-75.759267,41.570679],[-75.760874,41.570405],[-75.763284,41.568295],[-75.765386,41.567734],[-75.769422,41.568301]]]},"properties":{"district":"114","name":"State House District 114"}},{"type":"Feature","geometry":{"type":"Polygon","coordinates":[[[-75.505607,41.232539],[-75.489955,41.233043],[-75.459058,41.234204],[-75.444917,41.234859],[-75.374627,41.237783],[-75.366585,41.238281],[-75.363697,41.239416],[-75.35995,41.238707],[-75.359027,41.239217],[-75.343726,41.240164],[-75.242086,41.24589],[-75.233598,41.246122],[-75.206798,41.247858],[-75.129721,41.252101],[-75.147879,41.182216],[-75.151392,41.170059],[-75.156507,41.150341],[-75.105993,41.144201],[-75.082677,41.141715],[-75.083581,41.138177],[-75.092951,41.121359],[-75.09393,41.119142],[-75.094631,41.112285],[-75.098361,41.106165],[-75.098633,41.104339],[-75.097239,41.102068],[-75.099602,41.094913],[-75.103059,41.091351],[-75.104797,41.088835],[-75.104757,41.087462],[-75.103081,41.084505],[-75.103025,41.082253],[-75.104222,41.080854],[-75.114305,41.072708],[-75.1148,41.071245],[-75.114958,41.062146],[-75.115723,41.060667],[-75.122164,41.057627],[-75.127051,41.053955],[-75.12844,41.050811],[-75.179603,41.063032],[-75.192922,41.066108],[-75.223483,41.073358],[-75.225466,41.070807],[-75.218124,41.067025],[-75.215098,41.062569],[-75.214087,41.057904],[-75.214753,41.055361],[-75.216707,41.052907],[-75.219789,41.051653],[-75.220107,41.050052],[-75.215804,41.046308],[-75.214328,41.042885],[-75.208735,41.038232],[-75.21084,41.03596],[-75.210865,41.03484],[-75.207689,41.0304],[-75.208102,41.027958],[-75.206747,41.025535],[-75.208277,41.021525],[-75.208374,41.019869],[-75.20733,41.011583],[-75.204904,41.008959],[-75.208728,41.008069],[-75.211683,41.010531],[-75.218543,41.009622],[-75.222212,41.008109],[-75.226983,41.00699],[-75.232947,41.003119],[-75.231274,41.000119],[-75.229126,40.997465],[-75.228026,40.997004],[-75.220207,40.995463],[-75.218022,40.994025],[-75.216381,40.989666],[-75.212834,40.989676],[-75.21025,40.988888],[-75.208794,40.987698],[-75.21138,40.986242],[-75.213039,40.984495],[-75.215097,40.984286],[-75.215493,40.98246],[-75.222462,40.982746],[-75.229303,40.981298],[-75.233275,40.978984],[-75.241488,40.976546],[-75.249631,40.973778],[-75.27512,41.006851],[-75.284486,40.999475],[-75.326777,41.028887],[-75.393588,41.075355],[-75.390846,41.082171],[-75.381583,41.103928],[-75.378453,41.111571],[-75.449985,41.128353],[-75.501416,41.140419],[-75.598064,41.163095],[-75.598634,41.163062],[-75.597265,41.163204],[-75.596335,41.165821],[-75.597905,41.168065],[-75.597746,41.170272],[-75.596328,41.171766],[-75.593764,41.171779],[-75.587812,41.172666],[-75.582724,41.176745],[-75.578257,41.177218],[-75.576653,41.177857],[-75.576018,41.180247],[-75.576371,41.186551],[-75.574128,41.189084],[-75.570211,41.19113],[-75.570581,41.192615],[-75.569159,41.193658],[-75.570903,41.195361],[-75.569666,41.197123],[-75.569444,41.198971],[-75.5673,41.199297],[-75.563404,41.203865],[-75.562819,41.205219],[-75.560074,41.205052],[-75.559433,41.206812],[-75.556036,41.207053],[-75.554017,41.21168],[-75.552367,41.212442],[-75.551153,41.214991],[-75.549144,41.2174],[-75.544409,41.221837],[-75.543886,41.223596],[-75.539846,41.225461],[-75.53507,41.225033],[-75.532449,41.225316],[-75.530072,41.226588],[-75.526598,41.224892],[-75.525584,41.223017],[-75.521671,41.22197],[-75.516491,41.21938],[-75.51461,41.222097],[-75.512414,41.223194],[-75.510758,41.225145],[-75.509252,41.227989],[-75.508584,41.232661],[-75.505607,41.232539]]]},"properties":{"district":"115","name":"State House District 115"}},{"type":"Feature","geometry":{"type":"Polygon","coordinates":[[[-76.30717,40.801809],[-76.292881,40.853881],[-76.286889,40.875085],[-76.284611,40.883588],[-76.249661,40.915792],[-76.207827,40.94974],[-76.151605,40.934795],[-76.107975,40.923198],[-76.118527,40.959899],[-76.036699,40.973065],[-76.038117,40.978089],[-76.016091,40.981755],[-76.021996,40.9882],[-76.013165,40.990683],[-76.011673,40.994588],[-75.993617,40.997695],[-75.99208,40.998244],[-75.978886,41.001002],[-75.962061,41.004865],[-75.953171,41.00512],[-75.951439,41.004236],[-75.952978,41.002252],[-75.944864,41.002424],[-75.9447,40.998686],[-75.934817,40.998894],[-75.935193,41.010651],[-75.904749,41.011318],[-75.903634,41.007923],[-75.900381,40.995394],[-75.897252,40.984212],[-75.888009,40.952279],[-75.892644,40.950556],[-75.930284,40.937242],[-75.949742,40.930213],[-75.986104,40.917399],[-75.987743,40.91654],[-75.997636,40.913259],[-75.991177,40.907258],[-75.983565,40.900904],[-75.957873,40.878667],[-75.96051,40.87809],[-75.965658,40.875082],[-75.972968,40.872622],[-75.97462,40.869684],[-75.976573,40.868164],[-75.989071,40.865355],[-76.003096,40.863317],[-76.006444,40.86425],[-76.01147,40.864738],[-76.013606,40.863985],[-76.018248,40.863376],[-76.026421,40.861243],[-76.028555,40.862666],[-76.028615,40.864678],[-76.029612,40.866218],[-76.032531,40.866983],[-76.030569,40.868822],[-76.03486,40.871735],[-76.038088,40.870712],[-76.041283,40.870397],[-76.055127,40.867262],[-76.063932,40.865836],[-76.073338,40.864546],[-76.079491,40.862861],[-76.082233,40.862751],[-76.092513,40.861231],[-76.095954,40.858971],[-76.098423,40.85952],[-76.098097,40.862379],[-76.107387,40.857152],[-76.079987,40.82335],[-76.097311,40.808824],[-76.107223,40.807206],[-76.105018,40.801238],[-76.122377,40.797357],[-76.121557,40.794759],[-76.138599,40.790708],[-76.139697,40.793439],[-76.164221,40.787545],[-76.163082,40.784886],[-76.180541,40.78068],[-76.180924,40.781628],[-76.18486,40.791378],[-76.191822,40.789767],[-76.194277,40.797153],[-76.197093,40.796659],[-76.199481,40.804629],[-76.210553,40.802696],[-76.216314,40.820983],[-76.210031,40.821995],[-76.210211,40.822591],[-76.204214,40.823819],[-76.182786,40.826702],[-76.182625,40.826138],[-76.173568,40.827606],[-76.179496,40.847669],[-76.242444,40.825045],[-76.249665,40.822364],[-76.30717,40.801809]]]},"properties":{"district":"116","name":"State House District 116"}},{"type":"Feature","geometry":{"type":"Polygon","coordinates":[[[-76.310261,41.310198],[-76.309455,41.311903],[-76.296253,41.344393],[-76.284768,41.372965],[-76.282799,41.377244],[-76.206362,41.378896],[-76.158881,41.379907],[-76.103118,41.381376],[-76.052473,41.382706],[-76.025396,41.383762],[-76.020188,41.372872],[-76.018007,41.367459],[-76.012654,41.356563],[-76.008305,41.347226],[-76.005425,41.343883],[-75.995602,41.334045],[-75.990614,41.336709],[-75.99112,41.33724],[-75.984485,41.340907],[-75.987369,41.343787],[-75.984334,41.345801],[-75.977873,41.339361],[-75.977081,41.341058],[-75.974889,41.340335],[-75.976791,41.338281],[-75.9748,41.336297],[-75.965907,41.34135],[-75.963086,41.338266],[-75.961412,41.338738],[-75.956899,41.334048],[-75.954198,41.33545],[-75.947804,41.328697],[-75.950208,41.327339],[-75.952478,41.3296],[-75.954507,41.329353],[-75.960229,41.32527],[-75.957786,41.322816],[-75.96031,41.321452],[-75.96299,41.324234],[-75.964747,41.322021],[-75.969963,41.319069],[-75.97356,41.322755],[-75.975319,41.321841],[-75.972779,41.318134],[-75.976957,41.315659],[-75.971093,41.308728],[-76.008165,41.288164],[-76.030962,41.275341],[-76.039475,41.270962],[-76.047054,41.266824],[-76.050695,41.264568],[-76.069558,41.254034],[-76.076853,41.250237],[-76.039896,41.212292],[-76.045766,41.208857],[-76.060393,41.204642],[-76.061828,41.204073],[-76.0717,41.198305],[-76.076839,41.196677],[-76.089595,41.185895],[-76.09208,41.182822],[-76.096476,41.180452],[-76.108102,41.177565],[-76.093786,41.153237],[-76.090647,41.14851],[-76.055849,41.155011],[-76.043866,41.159687],[-76.039257,41.15299],[-76.008492,41.165225],[-75.987217,41.167268],[-75.982279,41.166613],[-75.973427,41.168404],[-75.970061,41.162582],[-75.969313,41.161895],[-75.963698,41.152378],[-75.977514,41.14724],[-75.973324,41.142201],[-75.967354,41.133244],[-75.956358,41.110213],[-75.927785,41.088479],[-75.900492,41.097584],[-75.871858,41.111493],[-75.85534,41.118976],[-75.855557,41.125174],[-75.836567,41.124881],[-75.83583,41.141786],[-75.812507,41.141422],[-75.812076,41.151497],[-75.770327,41.151096],[-75.769324,41.125692],[-75.769039,41.121266],[-75.766054,41.119535],[-75.761181,41.120687],[-75.756246,41.124229],[-75.755967,41.120296],[-75.752395,41.120419],[-75.756347,41.118219],[-75.759883,41.11711],[-75.759575,41.111869],[-75.763542,41.10797],[-75.766154,41.10702],[-75.76826,41.104718],[-75.766767,41.093601],[-75.76755,41.091655],[-75.765666,41.08439],[-75.771974,41.076892],[-75.771519,41.073278],[-75.770043,41.068411],[-75.770276,41.061933],[-75.771536,41.061089],[-75.770225,41.054128],[-75.770438,41.050552],[-75.769849,41.049399],[-75.76554,41.043968],[-75.762948,41.042631],[-75.761225,41.041055],[-75.760831,41.037964],[-75.759502,41.03704],[-75.757559,41.031539],[-75.753931,41.031227],[-75.747863,41.031751],[-75.742745,41.031397],[-75.740106,41.029802],[-75.739149,41.028031],[-75.738422,41.022592],[-75.739257,41.02148],[-75.738486,41.019655],[-75.738466,41.01682],[-75.735614,41.01405],[-75.733596,41.009451],[-75.732183,41.008124],[-75.764672,40.99671],[-75.78425,40.989493],[-75.801201,40.983424],[-75.808983,40.982942],[-75.819237,40.982578],[-75.824133,40.980567],[-75.848539,40.972185],[-75.848024,40.966357],[-75.868858,40.959349],[-75.888009,40.952279],[-75.897252,40.984212],[-75.900381,40.995394],[-75.903634,41.007923],[-75.904749,41.011318],[-75.935193,41.010651],[-75.934817,40.998894],[-75.9447,40.998686],[-75.944864,41.002424],[-75.952978,41.002252],[-75.951439,41.004236],[-75.953171,41.00512],[-75.962061,41.004865],[-75.978886,41.001002],[-75.99208,40.998244],[-75.993617,40.997695],[-76.011673,40.994588],[-76.013165,40.990683],[-76.021996,40.9882],[-76.016091,40.981755],[-76.038117,40.978089],[-76.036699,40.973065],[-76.118527,40.959899],[-76.107975,40.923198],[-76.151605,40.934795],[-76.207827,40.94974],[-76.217907,40.988697],[-76.220769,41.000085],[-76.231194,41.050168],[-76.228144,41.051947],[-76.228478,41.053632],[-76.228975,41.138466],[-76.24977,41.135062],[-76.27739,41.131795],[-76.284197,41.143472],[-76.286714,41.148268],[-76.296701,41.165734],[-76.299983,41.171719],[-76.319236,41.208092],[-76.32022,41.215063],[-76.31927,41.222497],[-76.319036,41.226974],[-76.310848,41.308949],[-76.310261,41.310198]]]},"properties":{"district":"117","name":"State House District 117"}},{"type":"Feature","geometry":{"type":"Polygon","coordinates":[[[-75.834512,41.426965],[-75.812397,41.454716],[-75.801633,41.468118],[-75.771626,41.505793],[-75.80323,41.524227],[-75.787503,41.543531],[-75.779323,41.555097],[-75.769422,41.568301],[-75.765386,41.567734],[-75.763284,41.568295],[-75.760874,41.570405],[-75.759267,41.570679],[-75.756687,41.569597],[-75.754906,41.569764],[-75.735695,41.560572],[-75.738572,41.557213],[-75.738921,41.556127],[-75.741671,41.553232],[-75.738284,41.551013],[-75.738846,41.550514],[-75.735883,41.545629],[-75.733529,41.545508],[-75.728556,41.542261],[-75.727176,41.545967],[-75.725061,41.548119],[-75.720588,41.544008],[-75.713792,41.542227],[-75.711866,41.539949],[-75.712961,41.538833],[-75.710596,41.537263],[-75.718126,41.530682],[-75.72007,41.531961],[-75.720494,41.527804],[-75.721741,41.526457],[-75.715321,41.521369],[-75.709567,41.520633],[-75.710743,41.517541],[-75.713943,41.515839],[-75.715623,41.513802],[-75.714975,41.512245],[-75.720079,41.509039],[-75.7176,41.506023],[-75.719891,41.502869],[-75.717406,41.501259],[-75.719686,41.499742],[-75.722904,41.501846],[-75.72737,41.49786],[-75.730557,41.495714],[-75.733111,41.497391],[-75.736175,41.494912],[-75.736256,41.493298],[-75.742836,41.491897],[-75.744783,41.492274],[-75.74521,41.490161],[-75.744538,41.48881],[-75.745445,41.487463],[-75.709525,41.469365],[-75.686206,41.458135],[-75.693282,41.450102],[-75.70744,41.433613],[-75.720016,41.419221],[-75.700517,41.410103],[-75.693699,41.406723],[-75.696966,41.402972],[-75.699934,41.404401],[-75.701689,41.402356],[-75.68916,41.39626],[-75.688097,41.398646],[-75.678102,41.393712],[-75.682586,41.392139],[-75.687412,41.388804],[-75.691593,41.389866],[-75.694159,41.388042],[-75.693949,41.386179],[-75.695684,41.385193],[-75.700585,41.385153],[-75.707236,41.383196],[-75.703619,41.379504],[-75.700434,41.377169],[-75.691375,41.371459],[-75.691019,41.37314],[-75.689177,41.375629],[-75.676443,41.36948],[-75.674484,41.371904],[-75.668224,41.3691],[-75.683242,41.338942],[-75.685631,41.338835],[-75.688606,41.339446],[-75.687841,41.317836],[-75.694959,41.317577],[-75.69412,41.30411],[-75.690824,41.304335],[-75.689661,41.287785],[-75.679602,41.288171],[-75.679344,41.28796],[-75.679304,41.264301],[-75.663994,41.260533],[-75.652273,41.257383],[-75.729672,41.255054],[-75.777018,41.273113],[-75.834625,41.295051],[-75.841776,41.297899],[-75.816437,41.311868],[-75.807666,41.316212],[-75.804221,41.319023],[-75.81023,41.324842],[-75.80775,41.328106],[-75.805984,41.333017],[-75.805063,41.337743],[-75.800702,41.340386],[-75.794144,41.337439],[-75.794438,41.340479],[-75.795738,41.343979],[-75.80064,41.350274],[-75.804071,41.353085],[-75.807078,41.356815],[-75.807014,41.359823],[-75.804022,41.365151],[-75.802326,41.367327],[-75.796438,41.373135],[-75.795061,41.376443],[-75.795291,41.378152],[-75.797686,41.381535],[-75.80127,41.383519],[-75.80655,41.385183],[-75.815095,41.386303],[-75.819575,41.387518],[-75.823159,41.389358],[-75.828999,41.393198],[-75.831527,41.396846],[-75.832631,41.399934],[-75.832471,41.40371],[-75.831287,41.41195],[-75.831223,41.417806],[-75.832887,41.424398],[-75.834512,41.426965]]]},"properties":{"district":"118","name":"State House District 118"}},{"type":"Feature","geometry":{"type":"Polygon","coordinates":[[[-75.812076,41.151497],[-75.812507,41.141422],[-75.83583,41.141786],[-75.836567,41.124881],[-75.855557,41.125174],[-75.85534,41.118976],[-75.871858,41.111493],[-75.900492,41.097584],[-75.927785,41.088479],[-75.956358,41.110213],[-75.967354,41.133244],[-75.973324,41.142201],[-75.977514,41.14724],[-75.963698,41.152378],[-75.969313,41.161895],[-75.970061,41.162582],[-75.973427,41.168404],[-75.982279,41.166613],[-75.987217,41.167268],[-76.008492,41.165225],[-76.039257,41.15299],[-76.043866,41.159687],[-76.055849,41.155011],[-76.090647,41.14851],[-76.093786,41.153237],[-76.108102,41.177565],[-76.096476,41.180452],[-76.09208,41.182822],[-76.089595,41.185895],[-76.076839,41.196677],[-76.0717,41.198305],[-76.061828,41.204073],[-76.060393,41.204642],[-76.045766,41.208857],[-76.039896,41.212292],[-76.076853,41.250237],[-76.069558,41.254034],[-76.050695,41.264568],[-76.047054,41.266824],[-76.045028,41.262833],[-76.037183,41.263346],[-76.034137,41.263035],[-76.0331,41.26194],[-76.029928,41.261186],[-76.02677,41.259845],[-76.025706,41.258108],[-76.023149,41.257504],[-76.01954,41.253665],[-76.009174,41.243413],[-75.997169,41.249879],[-75.973174,41.263074],[-75.960717,41.270119],[-75.955002,41.273137],[-75.945658,41.278471],[-75.936811,41.283249],[-75.928427,41.288086],[-75.913522,41.27283],[-75.910916,41.274275],[-75.912397,41.275791],[-75.909837,41.277211],[-75.900334,41.26748],[-75.903447,41.266603],[-75.9061,41.265242],[-75.893681,41.252637],[-75.892716,41.251662],[-75.894579,41.250316],[-75.89675,41.251746],[-75.90187,41.247906],[-75.905357,41.249199],[-75.911545,41.249996],[-75.91622,41.248296],[-75.92143,41.243326],[-75.925327,41.241588],[-75.929095,41.241484],[-75.889943,41.219405],[-75.850424,41.197461],[-75.850378,41.187458],[-75.850148,41.177754],[-75.848473,41.151821],[-75.812076,41.151497]]]},"properties":{"district":"119","name":"State House District 119"}},{"type":"Feature","geometry":{"type":"Polygon","coordinates":[[[-76.025396,41.383762],[-76.00507,41.384551],[-75.98327,41.391063],[-75.968839,41.394032],[-75.929144,41.403473],[-75.901405,41.409563],[-75.839287,41.424633],[-75.834512,41.426965],[-75.832887,41.424398],[-75.831223,41.417806],[-75.831287,41.41195],[-75.832471,41.40371],[-75.832631,41.399934],[-75.831527,41.396846],[-75.828999,41.393198],[-75.823159,41.389358],[-75.819575,41.387518],[-75.815095,41.386303],[-75.80655,41.385183],[-75.80127,41.383519],[-75.797686,41.381535],[-75.795291,41.378152],[-75.795061,41.376443],[-75.796438,41.373135],[-75.802326,41.367327],[-75.804022,41.365151],[-75.807014,41.359823],[-75.807078,41.356815],[-75.804071,41.353085],[-75.80064,41.350274],[-75.795738,41.343979],[-75.794438,41.340479],[-75.794144,41.337439],[-75.800702,41.340386],[-75.805063,41.337743],[-75.805984,41.333017],[-75.80775,41.328106],[-75.81023,41.324842],[-75.804221,41.319023],[-75.807666,41.316212],[-75.816437,41.311868],[-75.841776,41.297899],[-75.866299,41.285918],[-75.869897,41.283369],[-75.870433,41.279489],[-75.868379,41.274971],[-75.865707,41.270901],[-75.865409,41.268608],[-75.868623,41.264151],[-75.871184,41.261226],[-75.87452,41.258821],[-75.878059,41.255582],[-75.879177,41.256611],[-75.88138,41.254564],[-75.886643,41.250774],[-75.89033,41.254504],[-75.893681,41.252637],[-75.9061,41.265242],[-75.903447,41.266603],[-75.900334,41.26748],[-75.909837,41.277211],[-75.912397,41.275791],[-75.910916,41.274275],[-75.913522,41.27283],[-75.928427,41.288086],[-75.936811,41.283249],[-75.945658,41.278471],[-75.955002,41.273137],[-75.960717,41.270119],[-75.973174,41.263074],[-75.997169,41.249879],[-76.009174,41.243413],[-76.01954,41.253665],[-76.023149,41.257504],[-76.025706,41.258108],[-76.02677,41.259845],[-76.029928,41.261186],[-76.0331,41.26194],[-76.034137,41.263035],[-76.037183,41.263346],[-76.045028,41.262833],[-76.047054,41.266824],[-76.039475,41.270962],[-76.030962,41.275341],[-76.008165,41.288164],[-75.971093,41.308728],[-75.976957,41.315659],[-75.972779,41.318134],[-75.975319,41.321841],[-75.97356,41.322755],[-75.969963,41.319069],[-75.964747,41.322021],[-75.96299,41.324234],[-75.96031,41.321452],[-75.957786,41.322816],[-75.960229,41.32527],[-75.954507,41.329353],[-75.952478,41.3296],[-75.950208,41.327339],[-75.947804,41.328697],[-75.954198,41.33545],[-75.956899,41.334048],[-75.961412,41.338738],[-75.963086,41.338266],[-75.965907,41.34135],[-75.9748,41.336297],[-75.976791,41.338281],[-75.974889,41.340335],[-75.977081,41.341058],[-75.977873,41.339361],[-75.984334,41.345801],[-75.987369,41.343787],[-75.984485,41.340907],[-75.99112,41.33724],[-75.990614,41.336709],[-75.995602,41.334045],[-76.005425,41.343883],[-76.008305,41.347226],[-76.012654,41.356563],[-76.018007,41.367459],[-76.020188,41.372872],[-76.025396,41.383762]]]},"properties":{"district":"120","name":"State House District 120"}},{"type":"Feature","geometry":{"type":"Polygon","coordinates":[[[-75.600736,41.161497],[-75.60084,41.159991],[-75.6045,41.15611],[-75.603153,41.153876],[-75.603089,41.152149],[-75.607153,41.150261],[-75.609312,41.150052],[-75.613543,41.151273],[-75.615577,41.150705],[-75.614104,41.146493],[-75.614173,41.145168],[-75.616274,41.143021],[-75.621401,41.141088],[-75.624894,41.137954],[-75.628385,41.136846],[-75.628633,41.134437],[-75.627941,41.132624],[-75.625449,41.131864],[-75.628068,41.128287],[-75.63283,41.127945],[-75.634162,41.123246],[-75.635027,41.123111],[-75.638184,41.125997],[-75.640265,41.126823],[-75.643123,41.126717],[-75.648634,41.125427],[-75.649412,41.122304],[-75.651213,41.120692],[-75.654546,41.116565],[-75.657252,41.116446],[-75.658214,41.118551],[-75.656424,41.122931],[-75.658398,41.126255],[-75.661502,41.129225],[-75.665173,41.130275],[-75.665555,41.132264],[-75.667495,41.13398],[-75.675792,41.132586],[-75.678609,41.133023],[-75.681679,41.132063],[-75.685311,41.129851],[-75.68867,41.131141],[-75.691912,41.13121],[-75.696898,41.129663],[-75.700593,41.127323],[-75.702814,41.122619],[-75.705631,41.121531],[-75.707585,41.122657],[-75.709668,41.121986],[-75.707983,41.118373],[-75.707895,41.116298],[-75.708904,41.115628],[-75.711482,41.116083],[-75.715389,41.118185],[-75.716485,41.118201],[-75.719968,41.113961],[-75.721043,41.11162],[-75.723654,41.109434],[-75.728072,41.108673],[-75.729329,41.107835],[-75.7326,41.103268],[-75.736465,41.102269],[-75.73922,41.102268],[-75.745874,41.103431],[-75.74738,41.104168],[-75.750927,41.104093],[-75.753561,41.103365],[-75.754695,41.101643],[-75.753424,41.098645],[-75.753438,41.096451],[-75.75535,41.094253],[-75.758698,41.092214],[-75.761201,41.091671],[-75.763481,41.093809],[-75.766767,41.093601],[-75.76826,41.104718],[-75.766154,41.10702],[-75.763542,41.10797],[-75.759575,41.111869],[-75.759883,41.11711],[-75.756347,41.118219],[-75.752395,41.120419],[-75.755967,41.120296],[-75.756246,41.124229],[-75.761181,41.120687],[-75.766054,41.119535],[-75.769039,41.121266],[-75.769324,41.125692],[-75.770327,41.151096],[-75.812076,41.151497],[-75.848473,41.151821],[-75.850148,41.177754],[-75.850378,41.187458],[-75.850424,41.197461],[-75.889943,41.219405],[-75.929095,41.241484],[-75.925327,41.241588],[-75.92143,41.243326],[-75.91622,41.248296],[-75.911545,41.249996],[-75.905357,41.249199],[-75.90187,41.247906],[-75.89675,41.251746],[-75.894579,41.250316],[-75.892716,41.251662],[-75.893681,41.252637],[-75.89033,41.254504],[-75.886643,41.250774],[-75.88138,41.254564],[-75.879177,41.256611],[-75.878059,41.255582],[-75.87452,41.258821],[-75.871184,41.261226],[-75.868623,41.264151],[-75.865409,41.268608],[-75.865707,41.270901],[-75.868379,41.274971],[-75.870433,41.279489],[-75.869897,41.283369],[-75.866299,41.285918],[-75.841776,41.297899],[-75.834625,41.295051],[-75.777018,41.273113],[-75.729672,41.255054],[-75.652273,41.257383],[-75.650812,41.228359],[-75.6501,41.207201],[-75.649233,41.187173],[-75.646776,41.186125],[-75.643751,41.182228],[-75.64448,41.179714],[-75.643392,41.176172],[-75.639497,41.176214],[-75.636651,41.171359],[-75.631843,41.169669],[-75.624054,41.16975],[-75.622896,41.170869],[-75.619342,41.170838],[-75.616558,41.172678],[-75.613854,41.169078],[-75.613686,41.167287],[-75.611717,41.164187],[-75.607216,41.164194],[-75.604018,41.163217],[-75.602639,41.161701],[-75.600736,41.161497]]]},"properties":{"district":"121","name":"State House District 121"}},{"type":"Feature","geometry":{"type":"Polygon","coordinates":[[[-75.649412,41.122304],[-75.647697,41.121782],[-75.645745,41.118134],[-75.646705,41.114197],[-75.645873,41.112949],[-75.643969,41.112773],[-75.640401,41.113557],[-75.637587,41.113398],[-75.634322,41.11215],[-75.632978,41.108534],[-75.631218,41.107509],[-75.628242,41.106901],[-75.62709,41.107989],[-75.62613,41.110597],[-75.623151,41.110845],[-75.620037,41.108971],[-75.620611,41.106716],[-75.615948,41.104759],[-75.615629,41.102554],[-75.613995,41.09968],[-75.61426,41.096165],[-75.612694,41.094237],[-75.607458,41.094535],[-75.604894,41.094143],[-75.603985,41.092436],[-75.60505,41.09171],[-75.605146,41.089142],[-75.606066,41.085624],[-75.604387,41.084282],[-75.600817,41.084481],[-75.59602,41.080677],[-75.594415,41.080866],[-75.591805,41.078255],[-75.587937,41.076424],[-75.585476,41.073765],[-75.582965,41.072635],[-75.583269,41.070636],[-75.580511,41.067764],[-75.57894,41.068752],[-75.576484,41.067573],[-75.574887,41.062691],[-75.571186,41.059304],[-75.571512,41.057991],[-75.568487,41.055515],[-75.570003,41.054839],[-75.570445,41.051429],[-75.569574,41.049963],[-75.563757,41.049156],[-75.561947,41.049523],[-75.533234,41.021872],[-75.51279,41.002617],[-75.508497,40.998177],[-75.49599,40.987181],[-75.514609,40.978784],[-75.519339,40.976849],[-75.546245,40.964603],[-75.57459,40.951323],[-75.572698,40.94918],[-75.560727,40.934249],[-75.526413,40.889836],[-75.517822,40.878012],[-75.513434,40.872717],[-75.510487,40.868642],[-75.500987,40.856193],[-75.499195,40.853547],[-75.493581,40.846442],[-75.487657,40.838035],[-75.482577,40.829931],[-75.474193,40.814746],[-75.478546,40.813084],[-75.485272,40.812525],[-75.499628,40.810528],[-75.508018,40.809101],[-75.519045,40.808813],[-75.528444,40.806725],[-75.541549,40.806815],[-75.551359,40.804552],[-75.557532,40.801188],[-75.565091,40.801105],[-75.57482,40.799148],[-75.577488,40.799414],[-75.585582,40.796768],[-75.595453,40.793302],[-75.598411,40.790124],[-75.602608,40.788043],[-75.608985,40.787387],[-75.609303,40.787461],[-75.672771,40.775723],[-75.67683,40.774906],[-75.688105,40.772116],[-75.694621,40.770186],[-75.702365,40.763259],[-75.702418,40.76224],[-75.7286,40.753915],[-75.732208,40.751644],[-75.734112,40.748789],[-75.739309,40.744155],[-75.743585,40.743462],[-75.744863,40.740309],[-75.757807,40.735414],[-75.781565,40.750093],[-75.795208,40.75874],[-75.822105,40.776121],[-75.828908,40.78011],[-75.853396,40.795749],[-75.859471,40.799413],[-75.870839,40.806948],[-75.886037,40.816267],[-75.90836,40.835575],[-75.91102,40.838168],[-75.927375,40.85255],[-75.950534,40.87236],[-75.953405,40.875087],[-75.957873,40.878667],[-75.983565,40.900904],[-75.991177,40.907258],[-75.997636,40.913259],[-75.987743,40.91654],[-75.986104,40.917399],[-75.949742,40.930213],[-75.930284,40.937242],[-75.892644,40.950556],[-75.888009,40.952279],[-75.868858,40.959349],[-75.848024,40.966357],[-75.848539,40.972185],[-75.824133,40.980567],[-75.819237,40.982578],[-75.808983,40.982942],[-75.801201,40.983424],[-75.78425,40.989493],[-75.764672,40.99671],[-75.732183,41.008124],[-75.733596,41.009451],[-75.735614,41.01405],[-75.738466,41.01682],[-75.738486,41.019655],[-75.739257,41.02148],[-75.738422,41.022592],[-75.739149,41.028031],[-75.740106,41.029802],[-75.742745,41.031397],[-75.747863,41.031751],[-75.753931,41.031227],[-75.757559,41.031539],[-75.759502,41.03704],[-75.760831,41.037964],[-75.761225,41.041055],[-75.762948,41.042631],[-75.76554,41.043968],[-75.769849,41.049399],[-75.770438,41.050552],[-75.770225,41.054128],[-75.771536,41.061089],[-75.770276,41.061933],[-75.770043,41.068411],[-75.771519,41.073278],[-75.771974,41.076892],[-75.765666,41.08439],[-75.76755,41.091655],[-75.766767,41.093601],[-75.763481,41.093809],[-75.761201,41.091671],[-75.758698,41.092214],[-75.75535,41.094253],[-75.753438,41.096451],[-75.753424,41.098645],[-75.754695,41.101643],[-75.753561,41.103365],[-75.750927,41.104093],[-75.74738,41.104168],[-75.745874,41.103431],[-75.73922,41.102268],[-75.736465,41.102269],[-75.7326,41.103268],[-75.729329,41.107835],[-75.728072,41.108673],[-75.723654,41.109434],[-75.721043,41.11162],[-75.719968,41.113961],[-75.716485,41.118201],[-75.715389,41.118185],[-75.711482,41.116083],[-75.708904,41.115628],[-75.707895,41.116298],[-75.707983,41.118373],[-75.709668,41.121986],[-75.707585,41.122657],[-75.705631,41.121531],[-75.702814,41.122619],[-75.700593,41.127323],[-75.696898,41.129663],[-75.691912,41.13121],[-75.68867,41.131141],[-75.685311,41.129851],[-75.681679,41.132063],[-75.678609,41.133023],[-75.675792,41.132586],[-75.667495,41.13398],[-75.665555,41.132264],[-75.665173,41.130275],[-75.661502,41.129225],[-75.658398,41.126255],[-75.656424,41.122931],[-75.658214,41.118551],[-75.657252,41.116446],[-75.654546,41.116565],[-75.651213,41.120692],[-75.649412,41.122304]]]},"properties":{"district":"122","name":"State House District 122"}},{"type":"Feature","geometry":{"type":"Polygon","coordinates":[[[-79.761867,42.269326],[-79.763301,42.269218],[-79.76692,42.267087],[-79.77397,42.264306],[-79.777366,42.265321],[-79.782111,42.2645],[-79.784834,42.263161],[-79.78736,42.261239],[-79.792449,42.258767],[-79.797423,42.255864],[-79.801635,42.25549],[-79.804106,42.253285],[-79.809334,42.250425],[-79.812301,42.249539],[-79.81806,42.245351],[-79.82155,42.244161],[-79.82614,42.243214],[-79.832054,42.243088],[-79.832909,42.24194],[-79.837914,42.238404],[-79.843531,42.235703],[-79.847747,42.234631],[-79.848977,42.234803],[-79.859354,42.232315],[-79.861307,42.232575],[-79.870296,42.23074],[-79.872316,42.231885],[-79.874346,42.231518],[-79.883006,42.226826],[-79.889095,42.222817],[-79.894726,42.219762],[-79.896869,42.219227],[-79.901638,42.216351],[-79.903957,42.215496],[-79.907017,42.215501],[-79.912052,42.212529],[-79.915081,42.212067],[-79.916272,42.210743],[-79.918439,42.210804],[-79.923855,42.207322],[-79.928242,42.207306],[-79.930783,42.206864],[-79.937511,42.202999],[-79.94302,42.201401],[-79.946003,42.199989],[-79.955197,42.193707],[-79.963446,42.190933],[-79.967069,42.188389],[-79.969998,42.187416],[-79.976003,42.184269],[-79.977805,42.184132],[-79.983524,42.181087],[-79.985755,42.180809],[-79.986036,42.179165],[-79.993346,42.174984],[-79.998297,42.172802],[-80.001035,42.172126],[-80.006995,42.169628],[-80.012153,42.166302],[-80.015266,42.166313],[-80.021324,42.163115],[-80.017548,42.157213],[-80.013046,42.16043],[-80.010744,42.157693],[-80.003805,42.146774],[-80.012616,42.14361],[-80.013939,42.14469],[-80.021929,42.14173],[-80.019524,42.138237],[-80.026336,42.135196],[-80.054925,42.124534],[-80.058259,42.125725],[-80.079286,42.117958],[-80.074945,42.111252],[-80.077005,42.105827],[-80.08732,42.086463],[-80.112313,42.077191],[-80.124864,42.096144],[-80.138715,42.116696],[-80.14359,42.115055],[-80.146456,42.11484],[-80.146932,42.113946],[-80.151373,42.112679],[-80.151976,42.113362],[-80.14807,42.121213],[-80.146925,42.122868],[-80.146231,42.125512],[-80.145155,42.126504],[-80.14279,42.126721],[-80.139425,42.128648],[-80.142995,42.129376],[-80.143461,42.130326],[-80.142173,42.134328],[-80.13906,42.140107],[-80.135397,42.141],[-80.133277,42.142343],[-80.131254,42.144799],[-80.128851,42.148687],[-80.127123,42.149572],[-80.1183,42.151205],[-80.113141,42.151826],[-80.106161,42.151426],[-80.102573,42.152111],[-80.097847,42.152315],[-80.092584,42.154134],[-80.089153,42.154706],[-80.082237,42.15528],[-80.080279,42.152093],[-80.072047,42.155472],[-80.073454,42.167053],[-80.069576,42.168938],[-80.067026,42.1694],[-80.063553,42.167534],[-80.061151,42.168476],[-80.060929,42.169751],[-80.062315,42.1711],[-80.065899,42.172005],[-80.070592,42.171118],[-80.077086,42.170877],[-80.082324,42.171469],[-80.086666,42.172652],[-80.091556,42.172384],[-80.095784,42.171686],[-80.101522,42.170068],[-80.107153,42.169191],[-80.112912,42.166516],[-80.115392,42.166711],[-80.118933,42.163625],[-80.124663,42.159566],[-80.127783,42.156888],[-80.128981,42.156671],[-80.131207,42.153512],[-80.133665,42.150956],[-80.134717,42.15085],[-80.138006,42.144506],[-80.141226,42.140798],[-80.1434,42.136567],[-80.148099,42.12505],[-80.153731,42.115258],[-80.158156,42.110676],[-80.160711,42.109822],[-80.16561,42.106049],[-80.173895,42.102026],[-80.178146,42.099126],[-80.180267,42.098378],[-80.183111,42.096406],[-80.188093,42.093991],[-80.193581,42.092244],[-80.197828,42.089836],[-80.203688,42.089062],[-80.206498,42.087788],[-80.210669,42.085045],[-80.217561,42.08191],[-80.22026,42.081452],[-80.223464,42.080063],[-80.227112,42.079396],[-80.232215,42.077374],[-80.237335,42.077427],[-80.240113,42.076676],[-80.243821,42.073048],[-80.262124,42.063503],[-80.267136,42.06054],[-80.272959,42.058875],[-80.284501,42.054611],[-80.290735,42.05249],[-80.296693,42.049064],[-80.298888,42.048289],[-80.303217,42.046459],[-80.312127,42.043396],[-80.314806,42.042053],[-80.319483,42.040573],[-80.322947,42.03865],[-80.330766,42.035785],[-80.33484,42.034938],[-80.349147,42.030173],[-80.354723,42.029628],[-80.358202,42.028591],[-80.363368,42.027896],[-80.371042,42.024718],[-80.374042,42.024425],[-80.381504,42.020839],[-80.385954,42.019214],[-80.389302,42.017844],[-80.397496,42.015388],[-80.403279,42.013209],[-80.405407,42.01298],[-80.409931,42.011573],[-80.416699,42.010619],[-80.421238,42.009597],[-80.426952,42.00735],[-80.432889,42.005774],[-80.437711,42.005713],[-80.444288,42.002661],[-80.447416,42.00183],[-80.455785,41.998042],[-80.466788,41.994578],[-80.470075,41.993903],[-80.472769,41.992675],[-80.475898,41.992316],[-80.480956,41.990233],[-80.483359,41.990153],[-80.490057,41.987727],[-80.494674,41.98741],[-80.49701,41.985797],[-80.498772,41.985908],[-80.505913,41.982272],[-80.510903,41.980815],[-80.516069,41.978274],[-80.519421,41.977523],[-80.519448,42.000055],[-80.519735,42.07455],[-80.519656,42.125056],[-80.51964,42.160396],[-80.519463,42.204048],[-80.519798,42.250058],[-80.519851,42.327132],[-80.499807,42.330094],[-80.459976,42.336465],[-80.415481,42.343188],[-80.374803,42.349736],[-80.331217,42.355871],[-80.249799,42.368416],[-80.229582,42.371406],[-80.206355,42.375061],[-80.205312,42.375061],[-80.166764,42.38093],[-80.150378,42.383308],[-80.124791,42.387188],[-80.097924,42.391547],[-80.080222,42.394162],[-80.062313,42.400908],[-80.018541,42.417965],[-79.999783,42.424923],[-79.943823,42.446481],[-79.900091,42.463398],[-79.874779,42.473024],[-79.805117,42.500043],[-79.762418,42.516072],[-79.76259,42.500058],[-79.762326,42.44534],[-79.762569,42.375058],[-79.762024,42.282083],[-79.761867,42.269326]]]},"properties":{"district":"001","name":"State House District 1"}},{"type":"Feature","geometry":{"type":"Polygon","coordinates":[[[-80.08732,42.086463],[-80.077005,42.105827],[-80.074945,42.111252],[-80.079286,42.117958],[-80.058259,42.125725],[-80.054925,42.124534],[-80.026336,42.135196],[-80.019524,42.138237],[-80.021929,42.14173],[-80.013939,42.14469],[-80.012616,42.14361],[-80.003805,42.146774],[-80.010744,42.157693],[-80.013046,42.16043],[-80.017548,42.157213],[-80.021324,42.163115],[-80.015266,42.166313],[-80.012153,42.166302],[-80.006995,42.169628],[-80.001035,42.172126],[-79.998297,42.172802],[-79.993346,42.174984],[-79.986036,42.179165],[-79.985755,42.180809],[-79.983524,42.181087],[-79.977805,42.184132],[-79.976003,42.184269],[-79.969998,42.187416],[-79.967069,42.188389],[-79.963446,42.190933],[-79.955197,42.193707],[-79.946003,42.199989],[-79.94302,42.201401],[-79.937511,42.202999],[-79.930783,42.206864],[-79.928242,42.207306],[-79.923855,42.207322],[-79.918439,42.210804],[-79.916272,42.210743],[-79.915081,42.212067],[-79.912052,42.212529],[-79.907017,42.215501],[-79.907521,42.209249],[-79.902751,42.210953],[-79.900287,42.204319],[-79.900176,42.202044],[-79.900574,42.184757],[-79.900584,42.177814],[-79.903362,42.176878],[-79.904002,42.137846],[-79.90405,42.130811],[-79.901566,42.130809],[-79.901612,42.105689],[-79.901726,42.103712],[-79.902695,42.05659],[-79.903251,42.035221],[-79.903506,42.012979],[-79.903884,41.99868],[-79.949099,41.998868],[-79.959818,41.999017],[-80.004114,41.999023],[-80.024335,41.999142],[-80.024666,42.005619],[-80.045146,42.002847],[-80.044932,41.999102],[-80.064489,41.998949],[-80.064474,41.999319],[-80.074625,42.015654],[-80.083689,42.015581],[-80.0838,42.019305],[-80.104671,42.019442],[-80.104403,42.033988],[-80.105878,42.033057],[-80.114754,42.029906],[-80.126029,42.047794],[-80.085121,42.062341],[-80.062477,42.070212],[-80.050616,42.074607],[-80.030111,42.081679],[-79.99876,42.092734],[-79.999069,42.093179],[-79.990085,42.096358],[-79.993744,42.101958],[-80.003376,42.117256],[-80.020781,42.111098],[-80.062596,42.095615],[-80.069878,42.093067],[-80.06717,42.090831],[-80.067864,42.088134],[-80.072014,42.085147],[-80.073418,42.087421],[-80.076956,42.086148],[-80.079176,42.089498],[-80.08732,42.086463]]]},"properties":{"district":"002","name":"State House District 2"}},{"type":"Feature","geometry":{"type":"Polygon","coordinates":[[[-76.24011,40.520529],[-76.249753,40.537325],[-76.261401,40.557418],[-76.288617,40.604995],[-76.298504,40.622446],[-76.282132,40.628931],[-76.317921,40.676368],[-76.329522,40.692748],[-76.319212,40.700636],[-76.304353,40.713885],[-76.300362,40.715319],[-76.304718,40.717123],[-76.31448,40.719998],[-76.327066,40.723457],[-76.353382,40.730839],[-76.372703,40.752116],[-76.377015,40.753607],[-76.380346,40.751127],[-76.381018,40.745762],[-76.382267,40.744763],[-76.38444,40.74494],[-76.388921,40.748384],[-76.389305,40.752279],[-76.394388,40.75306],[-76.400295,40.751926],[-76.405765,40.74974],[-76.411226,40.751297],[-76.417067,40.751682],[-76.423465,40.750624],[-76.428743,40.750448],[-76.431306,40.751168],[-76.43623,40.751107],[-76.438002,40.749716],[-76.440363,40.749908],[-76.441287,40.749078],[-76.445146,40.750088],[-76.447929,40.748754],[-76.449871,40.746535],[-76.453603,40.744563],[-76.457025,40.744519],[-76.460115,40.745122],[-76.46384,40.743529],[-76.468905,40.743391],[-76.432321,40.756848],[-76.431773,40.756971],[-76.396602,40.76983],[-76.380334,40.775445],[-76.374491,40.77766],[-76.355849,40.784287],[-76.30717,40.801809],[-76.249665,40.822364],[-76.242444,40.825045],[-76.179496,40.847669],[-76.173568,40.827606],[-76.182625,40.826138],[-76.182786,40.826702],[-76.204214,40.823819],[-76.210211,40.822591],[-76.210031,40.821995],[-76.216314,40.820983],[-76.210553,40.802696],[-76.199481,40.804629],[-76.197093,40.796659],[-76.194277,40.797153],[-76.191822,40.789767],[-76.18486,40.791378],[-76.180924,40.781628],[-76.183466,40.780929],[-76.200491,40.77706],[-76.200758,40.777678],[-76.223868,40.772057],[-76.219678,40.768637],[-76.164919,40.769728],[-76.092191,40.771179],[-76.082774,40.771401],[-76.066832,40.726195],[-76.057851,40.698767],[-76.070598,40.696232],[-76.125185,40.68576],[-76.117002,40.666655],[-76.113947,40.660161],[-76.116522,40.660139],[-76.120866,40.662851],[-76.1245,40.661609],[-76.119045,40.646958],[-76.116535,40.648651],[-76.117142,40.642603],[-76.114384,40.642871],[-76.114513,40.644174],[-76.108131,40.644581],[-76.106633,40.644273],[-76.10506,40.64061],[-76.111015,40.628743],[-76.120662,40.62884],[-76.123254,40.629526],[-76.124856,40.632557],[-76.127669,40.633278],[-76.137087,40.630562],[-76.1335,40.625314],[-76.155215,40.626336],[-76.16762,40.620964],[-76.168831,40.61887],[-76.178845,40.616207],[-76.200602,40.606986],[-76.19062,40.593516],[-76.18132,40.580768],[-76.155384,40.544955],[-76.160137,40.54045],[-76.163599,40.539989],[-76.168949,40.537],[-76.171624,40.534947],[-76.185638,40.535555],[-76.191978,40.533721],[-76.196634,40.531265],[-76.203562,40.530527],[-76.210374,40.529374],[-76.214175,40.529454],[-76.219407,40.528699],[-76.231123,40.524216],[-76.234321,40.522074],[-76.24011,40.520529]]]},"properties":{"district":"123","name":"State House District 123"}},{"type":"Feature","geometry":{"type":"Polygon","coordinates":[[[-75.757807,40.735414],[-75.765947,40.730926],[-75.770292,40.729938],[-75.77769,40.729534],[-75.779682,40.725022],[-75.782931,40.72306],[-75.796518,40.717034],[-75.807789,40.707492],[-75.826765,40.700073],[-75.830132,40.698568],[-75.842905,40.693541],[-75.844663,40.693001],[-75.854809,40.693192],[-75.889207,40.678343],[-75.891473,40.67727],[-75.857841,40.655223],[-75.849513,40.64994],[-75.840816,40.644007],[-75.825604,40.633863],[-75.811959,40.625093],[-75.806369,40.621708],[-75.778921,40.604462],[-75.777416,40.603763],[-75.742807,40.581945],[-75.738038,40.579105],[-75.721575,40.56855],[-75.701751,40.556035],[-75.694308,40.551149],[-75.674921,40.53897],[-75.681609,40.528425],[-75.692715,40.526428],[-75.699816,40.518483],[-75.704136,40.514435],[-75.731438,40.487998],[-75.742793,40.475421],[-75.74906,40.470464],[-75.750642,40.469823],[-75.759725,40.475622],[-75.751213,40.478556],[-75.755788,40.48609],[-75.768856,40.481367],[-75.805772,40.504581],[-75.818421,40.513125],[-75.811318,40.519115],[-75.823873,40.532874],[-75.825601,40.53603],[-75.828518,40.536503],[-75.831943,40.535703],[-75.836077,40.536371],[-75.841492,40.53831],[-75.843105,40.539247],[-75.84567,40.538179],[-75.844358,40.536568],[-75.845958,40.534126],[-75.84753,40.532937],[-75.849031,40.533291],[-75.851439,40.531697],[-75.855947,40.533982],[-75.858968,40.531857],[-75.857455,40.526202],[-75.857742,40.524097],[-75.861113,40.523205],[-75.86276,40.524922],[-75.866092,40.524467],[-75.870217,40.525384],[-75.874647,40.525838],[-75.878285,40.528557],[-75.879084,40.532696],[-75.878162,40.533889],[-75.877609,40.538425],[-75.908778,40.53627],[-75.939189,40.534028],[-75.95113,40.533084],[-75.971476,40.531937],[-75.98392,40.530941],[-75.987658,40.527774],[-75.989624,40.527014],[-75.992431,40.527009],[-75.997163,40.523345],[-75.999935,40.51876],[-76.001547,40.51713],[-76.001473,40.515301],[-76.014457,40.513407],[-76.04818,40.499327],[-76.063627,40.486132],[-76.065553,40.484606],[-76.106579,40.477937],[-76.105898,40.475521],[-76.106445,40.474205],[-76.110318,40.4734],[-76.113088,40.474382],[-76.117938,40.472943],[-76.117093,40.471068],[-76.117532,40.469191],[-76.120835,40.469077],[-76.197153,40.468286],[-76.209663,40.456197],[-76.221084,40.477228],[-76.217433,40.477445],[-76.211181,40.481184],[-76.208707,40.481863],[-76.20377,40.480396],[-76.200261,40.481396],[-76.200477,40.485691],[-76.201184,40.487399],[-76.203058,40.488191],[-76.20392,40.491443],[-76.205333,40.493495],[-76.205409,40.495149],[-76.203301,40.496753],[-76.205299,40.500035],[-76.206412,40.503919],[-76.20859,40.506705],[-76.208052,40.50916],[-76.206942,40.510742],[-76.206608,40.512918],[-76.20556,40.513721],[-76.206742,40.516784],[-76.206767,40.521974],[-76.203562,40.530527],[-76.196634,40.531265],[-76.191978,40.533721],[-76.185638,40.535555],[-76.171624,40.534947],[-76.168949,40.537],[-76.163599,40.539989],[-76.160137,40.54045],[-76.155384,40.544955],[-76.18132,40.580768],[-76.19062,40.593516],[-76.200602,40.606986],[-76.178845,40.616207],[-76.168831,40.61887],[-76.16762,40.620964],[-76.155215,40.626336],[-76.1335,40.625314],[-76.137087,40.630562],[-76.127669,40.633278],[-76.124856,40.632557],[-76.123254,40.629526],[-76.120662,40.62884],[-76.111015,40.628743],[-76.10506,40.64061],[-76.106633,40.644273],[-76.108131,40.644581],[-76.114513,40.644174],[-76.114384,40.642871],[-76.117142,40.642603],[-76.116535,40.648651],[-76.119045,40.646958],[-76.1245,40.661609],[-76.120866,40.662851],[-76.116522,40.660139],[-76.113947,40.660161],[-76.117002,40.666655],[-76.125185,40.68576],[-76.070598,40.696232],[-76.057851,40.698767],[-76.066832,40.726195],[-76.082774,40.771401],[-76.092191,40.771179],[-76.164919,40.769728],[-76.219678,40.768637],[-76.223868,40.772057],[-76.200758,40.777678],[-76.200491,40.77706],[-76.183466,40.780929],[-76.180924,40.781628],[-76.180541,40.78068],[-76.163082,40.784886],[-76.164221,40.787545],[-76.139697,40.793439],[-76.138599,40.790708],[-76.121557,40.794759],[-76.122377,40.797357],[-76.105018,40.801238],[-76.107223,40.807206],[-76.097311,40.808824],[-76.079987,40.82335],[-76.107387,40.857152],[-76.098097,40.862379],[-76.098423,40.85952],[-76.095954,40.858971],[-76.092513,40.861231],[-76.082233,40.862751],[-76.079491,40.862861],[-76.073338,40.864546],[-76.063932,40.865836],[-76.055127,40.867262],[-76.041283,40.870397],[-76.038088,40.870712],[-76.03486,40.871735],[-76.030569,40.868822],[-76.032531,40.866983],[-76.029612,40.866218],[-76.028615,40.864678],[-76.028555,40.862666],[-76.026421,40.861243],[-76.018248,40.863376],[-76.013606,40.863985],[-76.01147,40.864738],[-76.006444,40.86425],[-76.003096,40.863317],[-75.989071,40.865355],[-75.976573,40.868164],[-75.97462,40.869684],[-75.972968,40.872622],[-75.965658,40.875082],[-75.96051,40.87809],[-75.957873,40.878667],[-75.953405,40.875087],[-75.950534,40.87236],[-75.927375,40.85255],[-75.91102,40.838168],[-75.90836,40.835575],[-75.886037,40.816267],[-75.870839,40.806948],[-75.859471,40.799413],[-75.853396,40.795749],[-75.828908,40.78011],[-75.822105,40.776121],[-75.795208,40.75874],[-75.781565,40.750093],[-75.757807,40.735414]]]},"properties":{"district":"124","name":"State House District 124"}},{"type":"Feature","geometry":{"type":"Polygon","coordinates":[[[-80.298888,42.048289],[-80.296693,42.049064],[-80.290735,42.05249],[-80.284501,42.054611],[-80.272959,42.058875],[-80.267136,42.06054],[-80.262124,42.063503],[-80.243821,42.073048],[-80.240113,42.076676],[-80.237335,42.077427],[-80.232215,42.077374],[-80.227112,42.079396],[-80.223464,42.080063],[-80.22026,42.081452],[-80.217561,42.08191],[-80.210669,42.085045],[-80.206498,42.087788],[-80.203688,42.089062],[-80.197828,42.089836],[-80.193581,42.092244],[-80.188093,42.093991],[-80.183111,42.096406],[-80.180267,42.098378],[-80.178146,42.099126],[-80.173895,42.102026],[-80.16561,42.106049],[-80.160711,42.109822],[-80.158156,42.110676],[-80.153731,42.115258],[-80.148099,42.12505],[-80.1434,42.136567],[-80.141226,42.140798],[-80.138006,42.144506],[-80.134717,42.15085],[-80.133665,42.150956],[-80.131207,42.153512],[-80.128981,42.156671],[-80.127783,42.156888],[-80.124663,42.159566],[-80.118933,42.163625],[-80.115392,42.166711],[-80.112912,42.166516],[-80.107153,42.169191],[-80.101522,42.170068],[-80.095784,42.171686],[-80.091556,42.172384],[-80.086666,42.172652],[-80.082324,42.171469],[-80.077086,42.170877],[-80.070592,42.171118],[-80.065899,42.172005],[-80.062315,42.1711],[-80.060929,42.169751],[-80.061151,42.168476],[-80.063553,42.167534],[-80.067026,42.1694],[-80.069576,42.168938],[-80.073454,42.167053],[-80.072047,42.155472],[-80.080279,42.152093],[-80.082237,42.15528],[-80.089153,42.154706],[-80.092584,42.154134],[-80.097847,42.152315],[-80.102573,42.152111],[-80.106161,42.151426],[-80.113141,42.151826],[-80.1183,42.151205],[-80.127123,42.149572],[-80.128851,42.148687],[-80.131254,42.144799],[-80.133277,42.142343],[-80.135397,42.141],[-80.13906,42.140107],[-80.142173,42.134328],[-80.143461,42.130326],[-80.142995,42.129376],[-80.139425,42.128648],[-80.14279,42.126721],[-80.145155,42.126504],[-80.146231,42.125512],[-80.146925,42.122868],[-80.14807,42.121213],[-80.151976,42.113362],[-80.151373,42.112679],[-80.146932,42.113946],[-80.146456,42.11484],[-80.14359,42.115055],[-80.138715,42.116696],[-80.124864,42.096144],[-80.112313,42.077191],[-80.08732,42.086463],[-80.079176,42.089498],[-80.076956,42.086148],[-80.073418,42.087421],[-80.072014,42.085147],[-80.067864,42.088134],[-80.06717,42.090831],[-80.069878,42.093067],[-80.062596,42.095615],[-80.020781,42.111098],[-80.003376,42.117256],[-79.993744,42.101958],[-79.990085,42.096358],[-79.999069,42.093179],[-79.99876,42.092734],[-80.030111,42.081679],[-80.050616,42.074607],[-80.062477,42.070212],[-80.085121,42.062341],[-80.126029,42.047794],[-80.140915,42.042457],[-80.1402,42.041358],[-80.155012,42.036346],[-80.176392,42.028676],[-80.177543,42.030506],[-80.202314,42.021884],[-80.202251,42.017669],[-80.202666,41.999186],[-80.203859,41.999154],[-80.20433,41.969778],[-80.249784,41.970253],[-80.264549,41.970285],[-80.263913,41.997768],[-80.263796,42.006182],[-80.271558,42.003561],[-80.276838,42.012492],[-80.287067,42.02929],[-80.298888,42.048289]]]},"properties":{"district":"003","name":"State House District 3"}},{"type":"Feature","geometry":{"type":"Polygon","coordinates":[[[-76.921206,40.336391],[-76.92618,40.34098],[-76.927828,40.34491],[-76.928521,40.347985],[-76.930374,40.350774],[-76.932672,40.355318],[-76.934597,40.356599],[-76.937547,40.357481],[-76.942745,40.357758],[-76.94485,40.357531],[-76.951737,40.358158],[-76.95721,40.357732],[-76.96115,40.358033],[-76.970625,40.356305],[-76.976822,40.356557],[-76.981996,40.35732],[-76.986409,40.356604],[-76.998022,40.356679],[-77.002227,40.357584],[-77.008191,40.358449],[-77.009505,40.359002],[-77.013028,40.362143],[-77.019178,40.364785],[-77.020799,40.36623],[-77.02165,40.368368],[-77.021539,40.372144],[-77.023067,40.376399],[-77.026841,40.38054],[-77.029144,40.386613],[-77.029341,40.388681],[-77.028645,40.391197],[-77.02611,40.39435],[-77.021469,40.39792],[-77.016013,40.39992],[-77.013125,40.402349],[-77.011887,40.405379],[-77.011734,40.407412],[-77.012939,40.411256],[-77.015847,40.41565],[-77.016977,40.420674],[-77.01627,40.425173],[-77.003235,40.4268],[-76.997915,40.43367],[-76.994582,40.43581],[-76.992264,40.436528],[-76.98943,40.438163],[-76.986813,40.441838],[-76.983672,40.444839],[-76.980452,40.447136],[-76.969496,40.452732],[-76.967785,40.453017],[-76.961143,40.45579],[-76.956392,40.458841],[-76.952809,40.462467],[-76.949397,40.469037],[-76.94876,40.473391],[-76.948876,40.480324],[-76.949466,40.484527],[-76.953083,40.490621],[-76.959053,40.492736],[-76.966284,40.495762],[-76.96909,40.497562],[-76.971632,40.500849],[-76.973456,40.501946],[-76.975229,40.504187],[-76.978351,40.507149],[-76.982298,40.51304],[-76.984029,40.513975],[-76.985104,40.516349],[-76.985663,40.524997],[-76.985121,40.527319],[-76.98153,40.531923],[-76.980546,40.538332],[-76.981989,40.543415],[-76.98424,40.547384],[-76.987202,40.553419],[-76.9868,40.554808],[-76.988864,40.557985],[-76.991862,40.561272],[-76.99299,40.564239],[-76.992396,40.567877],[-76.99054,40.571602],[-76.988161,40.574585],[-76.983673,40.578259],[-76.978378,40.580954],[-76.973263,40.583215],[-76.971904,40.583445],[-76.965268,40.58706],[-76.958755,40.592855],[-76.957444,40.594677],[-76.953852,40.601441],[-76.953105,40.604504],[-76.953128,40.611638],[-76.953551,40.61477],[-76.952942,40.619754],[-76.951708,40.623115],[-76.950836,40.627044],[-76.949148,40.628167],[-76.936962,40.612841],[-76.932912,40.611895],[-76.925496,40.608891],[-76.921849,40.605742],[-76.920427,40.604031],[-76.918672,40.603466],[-76.91778,40.604846],[-76.921044,40.608756],[-76.919859,40.610133],[-76.916558,40.61018],[-76.913229,40.611096],[-76.908258,40.611206],[-76.903342,40.611892],[-76.898869,40.610452],[-76.892646,40.610052],[-76.890039,40.610331],[-76.889741,40.612909],[-76.891462,40.614331],[-76.890254,40.616279],[-76.886822,40.617708],[-76.883426,40.617968],[-76.881262,40.617041],[-76.872717,40.616313],[-76.869528,40.618383],[-76.869483,40.623481],[-76.86663,40.626514],[-76.864254,40.627585],[-76.861359,40.626673],[-76.854599,40.62572],[-76.848056,40.625899],[-76.840104,40.625439],[-76.836074,40.626272],[-76.833162,40.627602],[-76.83183,40.629811],[-76.827405,40.633946],[-76.825119,40.634502],[-76.822471,40.633523],[-76.813202,40.633309],[-76.810149,40.634846],[-76.809902,40.641916],[-76.809065,40.64342],[-76.805656,40.646384],[-76.802492,40.64728],[-76.800854,40.645332],[-76.798185,40.644752],[-76.794558,40.641727],[-76.793851,40.640514],[-76.790388,40.640784],[-76.785853,40.641732],[-76.784081,40.643117],[-76.778281,40.645986],[-76.776127,40.645553],[-76.770203,40.646874],[-76.764913,40.647089],[-76.761511,40.64788],[-76.756232,40.648088],[-76.751901,40.650826],[-76.749698,40.65315],[-76.745894,40.654464],[-76.742224,40.654388],[-76.737973,40.654897],[-76.73276,40.654733],[-76.730473,40.653793],[-76.724788,40.653061],[-76.721729,40.653483],[-76.719988,40.656736],[-76.718273,40.658389],[-76.713167,40.659551],[-76.703924,40.65537],[-76.702361,40.65574],[-76.701507,40.658014],[-76.691889,40.652303],[-76.668823,40.637599],[-76.641433,40.620922],[-76.597183,40.593185],[-76.58448,40.58511],[-76.571818,40.577533],[-76.535414,40.555157],[-76.554071,40.54471],[-76.566575,40.537603],[-76.589258,40.524877],[-76.624687,40.504681],[-76.633025,40.500087],[-76.67804,40.474717],[-76.683086,40.4718],[-76.687067,40.470417],[-76.696189,40.465447],[-76.70433,40.462297],[-76.708871,40.459946],[-76.718559,40.455511],[-76.724028,40.453698],[-76.749258,40.444198],[-76.739069,40.420409],[-76.720124,40.376517],[-76.694204,40.316375],[-76.695564,40.316144],[-76.71552,40.315142],[-76.732471,40.311719],[-76.750269,40.307819],[-76.749691,40.304786],[-76.745881,40.302894],[-76.744445,40.300501],[-76.744266,40.292495],[-76.742684,40.2875],[-76.741851,40.28658],[-76.743842,40.287134],[-76.749222,40.289524],[-76.752591,40.293097],[-76.755119,40.297195],[-76.75493,40.29834],[-76.756381,40.300769],[-76.767276,40.298362],[-76.768527,40.297035],[-76.768106,40.295664],[-76.774291,40.294035],[-76.776112,40.293997],[-76.780643,40.298568],[-76.779614,40.299719],[-76.780803,40.303295],[-76.785905,40.302813],[-76.788856,40.305115],[-76.798869,40.305714],[-76.802501,40.305615],[-76.805301,40.306932],[-76.801917,40.310925],[-76.796829,40.316328],[-76.798542,40.319223],[-76.798542,40.323326],[-76.797448,40.325531],[-76.80087,40.32627],[-76.802819,40.330376],[-76.804001,40.331242],[-76.804841,40.334051],[-76.804222,40.335073],[-76.805803,40.341136],[-76.809308,40.340035],[-76.814441,40.337369],[-76.817012,40.336817],[-76.838296,40.334983],[-76.84109,40.334312],[-76.847685,40.331984],[-76.854911,40.348189],[-76.87181,40.343529],[-76.88135,40.340721],[-76.887551,40.338606],[-76.889435,40.342516],[-76.896678,40.347951],[-76.898989,40.347129],[-76.900445,40.345708],[-76.904459,40.34652],[-76.908506,40.34655],[-76.91021,40.345743],[-76.909361,40.344121],[-76.921206,40.336391]]]},"properties":{"district":"125","name":"State House District 125"}},{"type":"Feature","geometry":{"type":"Polygon","coordinates":[[[-79.610837,41.998757],[-79.610648,41.989537],[-79.610846,41.975369],[-79.610849,41.962885],[-79.611073,41.936458],[-79.611179,41.904746],[-79.611473,41.882956],[-79.611973,41.875056],[-79.612071,41.850328],[-79.648295,41.851047],[-79.656481,41.850998],[-79.680353,41.851524],[-79.690186,41.851277],[-79.71084,41.851454],[-79.734843,41.85106],[-79.76203,41.85091],[-79.782512,41.851087],[-79.798553,41.851108],[-79.842873,41.850917],[-79.844139,41.850844],[-79.87477,41.850804],[-79.915917,41.850678],[-79.936327,41.850391],[-80.011094,41.850196],[-80.012902,41.850319],[-80.024721,41.850089],[-80.053974,41.849856],[-80.087646,41.84985],[-80.146496,41.849039],[-80.206545,41.849045],[-80.206467,41.849851],[-80.205966,41.889983],[-80.266156,41.890543],[-80.266034,41.895876],[-80.26595,41.91495],[-80.265439,41.934908],[-80.265444,41.939995],[-80.277272,41.93998],[-80.31183,41.94013],[-80.363603,41.940154],[-80.388765,41.94031],[-80.388436,41.964098],[-80.388148,41.975447],[-80.388047,41.988119],[-80.387782,41.999655],[-80.385782,41.999666],[-80.385728,42.007708],[-80.385954,42.019214],[-80.381504,42.020839],[-80.374042,42.024425],[-80.371042,42.024718],[-80.363368,42.027896],[-80.358202,42.028591],[-80.354723,42.029628],[-80.349147,42.030173],[-80.33484,42.034938],[-80.330766,42.035785],[-80.322947,42.03865],[-80.319483,42.040573],[-80.314806,42.042053],[-80.312127,42.043396],[-80.303217,42.046459],[-80.298888,42.048289],[-80.287067,42.02929],[-80.276838,42.012492],[-80.271558,42.003561],[-80.263796,42.006182],[-80.263913,41.997768],[-80.264549,41.970285],[-80.249784,41.970253],[-80.20433,41.969778],[-80.203859,41.999154],[-80.202666,41.999186],[-80.202251,42.017669],[-80.202314,42.021884],[-80.177543,42.030506],[-80.176392,42.028676],[-80.155012,42.036346],[-80.1402,42.041358],[-80.140915,42.042457],[-80.126029,42.047794],[-80.114754,42.029906],[-80.105878,42.033057],[-80.104403,42.033988],[-80.104671,42.019442],[-80.0838,42.019305],[-80.083689,42.015581],[-80.074625,42.015654],[-80.064474,41.999319],[-80.064489,41.998949],[-80.044932,41.999102],[-80.045146,42.002847],[-80.024666,42.005619],[-80.024335,41.999142],[-80.004114,41.999023],[-79.959818,41.999017],[-79.949099,41.998868],[-79.903884,41.99868],[-79.903506,42.012979],[-79.903251,42.035221],[-79.902695,42.05659],[-79.901726,42.103712],[-79.901612,42.105689],[-79.901566,42.130809],[-79.90405,42.130811],[-79.904002,42.137846],[-79.903362,42.176878],[-79.900584,42.177814],[-79.900574,42.184757],[-79.900176,42.202044],[-79.900287,42.204319],[-79.902751,42.210953],[-79.907521,42.209249],[-79.907017,42.215501],[-79.903957,42.215496],[-79.901638,42.216351],[-79.896869,42.219227],[-79.894726,42.219762],[-79.889095,42.222817],[-79.883006,42.226826],[-79.874346,42.231518],[-79.872316,42.231885],[-79.870296,42.23074],[-79.861307,42.232575],[-79.859354,42.232315],[-79.848977,42.234803],[-79.847747,42.234631],[-79.843531,42.235703],[-79.837914,42.238404],[-79.832909,42.24194],[-79.832054,42.243088],[-79.82614,42.243214],[-79.82155,42.244161],[-79.81806,42.245351],[-79.812301,42.249539],[-79.809334,42.250425],[-79.804106,42.253285],[-79.801635,42.25549],[-79.797423,42.255864],[-79.792449,42.258767],[-79.78736,42.261239],[-79.784834,42.263161],[-79.782111,42.2645],[-79.777366,42.265321],[-79.77397,42.264306],[-79.76692,42.267087],[-79.763301,42.269218],[-79.761867,42.269326],[-79.76194,42.252705],[-79.761822,42.228629],[-79.761928,42.219163],[-79.761732,42.155288],[-79.761952,42.150658],[-79.76185,42.130505],[-79.761875,42.086281],[-79.761877,42.037535],[-79.761954,41.998841],[-79.693487,41.998915],[-79.649843,41.998904],[-79.610837,41.998757]]]},"properties":{"district":"004","name":"State House District 4"}},{"type":"Feature","geometry":{"type":"Polygon","coordinates":[[[-75.898988,40.425643],[-75.888626,40.429493],[-75.884214,40.42661],[-75.890402,40.401495],[-75.891972,40.389572],[-75.893744,40.381782],[-75.896273,40.372607],[-75.898635,40.366852],[-75.864118,40.361112],[-75.853356,40.363527],[-75.844335,40.358205],[-75.853224,40.354445],[-75.857637,40.352318],[-75.855074,40.351299],[-75.849431,40.347593],[-75.848886,40.344129],[-75.846152,40.343632],[-75.849213,40.334015],[-75.849166,40.327711],[-75.850786,40.326396],[-75.849837,40.324537],[-75.853423,40.323885],[-75.85879,40.318827],[-75.863343,40.317377],[-75.871395,40.310624],[-75.874603,40.308509],[-75.878206,40.303814],[-75.874548,40.304046],[-75.873894,40.302962],[-75.870986,40.301351],[-75.868331,40.301701],[-75.865741,40.300786],[-75.8662,40.29894],[-75.86331,40.297928],[-75.867007,40.291173],[-75.86769,40.288797],[-75.87406,40.289681],[-75.878161,40.289604],[-75.885548,40.293213],[-75.888363,40.294182],[-75.890025,40.295509],[-75.894104,40.301323],[-75.895843,40.308983],[-75.898635,40.312627],[-75.902353,40.31613],[-75.910584,40.323144],[-75.899812,40.322893],[-75.899633,40.328329],[-75.906364,40.329498],[-75.904504,40.345652],[-75.907303,40.345711],[-75.907296,40.344212],[-75.913972,40.344291],[-75.913851,40.348721],[-75.919702,40.348817],[-75.922219,40.34939],[-75.921251,40.353285],[-75.933681,40.353504],[-75.934021,40.355857],[-75.932461,40.363409],[-75.932778,40.367557],[-75.940627,40.367572],[-75.94305,40.370943],[-75.947161,40.369635],[-75.949591,40.369754],[-75.953338,40.368338],[-75.955833,40.371214],[-75.956153,40.372906],[-75.951143,40.37999],[-75.951358,40.381759],[-75.95269,40.38335],[-75.959059,40.387481],[-75.962272,40.389056],[-75.969622,40.3909],[-75.972372,40.393068],[-75.973672,40.394793],[-75.973509,40.396131],[-75.965717,40.400213],[-75.965459,40.402164],[-75.969456,40.40336],[-75.972511,40.402419],[-75.974751,40.403387],[-75.975118,40.404489],[-75.972518,40.409026],[-75.970648,40.411259],[-75.969062,40.41181],[-75.96671,40.410963],[-75.963064,40.408189],[-75.96151,40.408009],[-75.955369,40.410023],[-75.945589,40.409867],[-75.93935,40.412736],[-75.932559,40.414327],[-75.898988,40.425643]]]},"properties":{"district":"126","name":"State House District 126"}},{"type":"Feature","geometry":{"type":"Polygon","coordinates":[[[-76.037195,40.324106],[-76.041108,40.322058],[-76.041479,40.317906],[-76.043211,40.315204],[-76.042804,40.314124],[-76.046141,40.308963],[-76.053693,40.30787],[-76.055065,40.307281],[-76.055464,40.304133],[-76.057549,40.302237],[-76.060079,40.301068],[-76.068927,40.295374],[-76.06962,40.294041],[-76.071972,40.29213],[-76.073666,40.289334],[-76.077071,40.285139],[-76.081311,40.283085],[-76.083406,40.280427],[-76.085434,40.279421],[-76.091764,40.277692],[-76.113668,40.291693],[-76.149509,40.314454],[-76.151215,40.315971],[-76.157883,40.320949],[-76.16238,40.324737],[-76.205528,40.360661],[-76.231916,40.366292],[-76.2434,40.373482],[-76.249673,40.377221],[-76.274405,40.392732],[-76.299135,40.408318],[-76.302655,40.410769],[-76.318676,40.420331],[-76.328437,40.42682],[-76.339505,40.433384],[-76.352254,40.441459],[-76.37472,40.45538],[-76.375587,40.455776],[-76.390927,40.46545],[-76.411672,40.478355],[-76.440181,40.495952],[-76.436605,40.496229],[-76.434418,40.495622],[-76.427311,40.495434],[-76.4186,40.495615],[-76.415912,40.496022],[-76.412766,40.49725],[-76.405874,40.498729],[-76.405071,40.49936],[-76.399498,40.501286],[-76.387682,40.504552],[-76.384348,40.505739],[-76.378157,40.506012],[-76.374678,40.507172],[-76.369222,40.509597],[-76.362063,40.510069],[-76.3524,40.511157],[-76.350536,40.511968],[-76.344845,40.513044],[-76.339109,40.515351],[-76.330435,40.51591],[-76.326203,40.514515],[-76.322544,40.51416],[-76.314579,40.51591],[-76.311801,40.515878],[-76.302326,40.514658],[-76.295786,40.515269],[-76.290744,40.515413],[-76.282109,40.516137],[-76.272152,40.517586],[-76.262998,40.516697],[-76.256008,40.517067],[-76.246028,40.519598],[-76.24011,40.520529],[-76.234321,40.522074],[-76.231123,40.524216],[-76.219407,40.528699],[-76.214175,40.529454],[-76.210374,40.529374],[-76.203562,40.530527],[-76.206767,40.521974],[-76.206742,40.516784],[-76.20556,40.513721],[-76.206608,40.512918],[-76.206942,40.510742],[-76.208052,40.50916],[-76.20859,40.506705],[-76.206412,40.503919],[-76.205299,40.500035],[-76.203301,40.496753],[-76.205409,40.495149],[-76.205333,40.493495],[-76.20392,40.491443],[-76.203058,40.488191],[-76.201184,40.487399],[-76.200477,40.485691],[-76.200261,40.481396],[-76.20377,40.480396],[-76.208707,40.481863],[-76.211181,40.481184],[-76.217433,40.477445],[-76.221084,40.477228],[-76.209663,40.456197],[-76.197153,40.468286],[-76.120835,40.469077],[-76.117532,40.469191],[-76.117093,40.471068],[-76.117938,40.472943],[-76.113088,40.474382],[-76.110318,40.4734],[-76.106445,40.474205],[-76.105898,40.475521],[-76.106579,40.477937],[-76.065553,40.484606],[-76.063627,40.486132],[-76.04818,40.499327],[-76.014457,40.513407],[-76.001473,40.515301],[-76.001547,40.51713],[-75.999935,40.51876],[-75.997163,40.523345],[-75.992431,40.527009],[-75.989624,40.527014],[-75.987658,40.527774],[-75.98392,40.530941],[-75.971476,40.531937],[-75.95113,40.533084],[-75.939189,40.534028],[-75.908778,40.53627],[-75.877609,40.538425],[-75.878162,40.533889],[-75.879084,40.532696],[-75.878285,40.528557],[-75.874647,40.525838],[-75.875723,40.523812],[-75.878094,40.522139],[-75.883163,40.51635],[-75.882202,40.512239],[-75.883806,40.510439],[-75.884131,40.508644],[-75.882515,40.506697],[-75.884306,40.504707],[-75.884428,40.502601],[-75.886466,40.500733],[-75.889112,40.499472],[-75.890998,40.496434],[-75.892855,40.49436],[-75.896632,40.497124],[-75.909132,40.492005],[-75.924202,40.486002],[-75.948205,40.47765],[-75.945795,40.473871],[-75.943429,40.471807],[-75.940994,40.470424],[-75.935576,40.46573],[-75.93417,40.462919],[-75.928719,40.459645],[-75.922851,40.458193],[-75.919985,40.45434],[-75.915485,40.451637],[-75.914747,40.449687],[-75.915345,40.447673],[-75.912003,40.440931],[-75.909581,40.436938],[-75.901418,40.428428],[-75.898988,40.425643],[-75.932559,40.414327],[-75.93935,40.412736],[-75.945589,40.409867],[-75.955369,40.410023],[-75.96151,40.408009],[-75.963064,40.408189],[-75.96671,40.410963],[-75.969062,40.41181],[-75.970648,40.411259],[-75.972518,40.409026],[-75.975118,40.404489],[-75.974751,40.403387],[-75.972511,40.402419],[-75.969456,40.40336],[-75.965459,40.402164],[-75.965717,40.400213],[-75.973509,40.396131],[-75.973672,40.394793],[-75.972372,40.393068],[-75.969622,40.3909],[-75.962272,40.389056],[-75.959059,40.387481],[-75.95269,40.38335],[-75.951358,40.381759],[-75.951143,40.37999],[-75.956153,40.372906],[-75.955833,40.371214],[-75.953338,40.368338],[-75.950572,40.366744],[-75.943591,40.365581],[-75.941372,40.36437],[-75.960708,40.354583],[-75.963655,40.356225],[-75.965835,40.356539],[-75.977473,40.345461],[-75.978171,40.345907],[-75.983508,40.340848],[-75.994018,40.342517],[-75.999054,40.344414],[-76.003864,40.338198],[-76.005187,40.334685],[-76.011671,40.328858],[-76.014695,40.330338],[-76.025712,40.334773],[-76.026827,40.332755],[-76.029005,40.330975],[-76.031285,40.327436],[-76.034651,40.32653],[-76.037195,40.324106]]]},"properties":{"district":"005","name":"State House District 5"}},{"type":"Feature","geometry":{"type":"Polygon","coordinates":[[[-75.967731,40.28522],[-75.966986,40.288171],[-75.968009,40.28929],[-75.967424,40.291323],[-75.968906,40.297872],[-75.970611,40.29813],[-75.972152,40.295127],[-75.976815,40.294831],[-75.977732,40.296986],[-75.975881,40.299953],[-75.978008,40.299868],[-75.977317,40.302578],[-75.9752,40.305693],[-75.969819,40.314159],[-75.965983,40.310697],[-75.96029,40.311254],[-75.960489,40.314244],[-75.956382,40.317927],[-75.959501,40.322446],[-75.957827,40.323794],[-75.958464,40.324753],[-75.956162,40.326093],[-75.956633,40.326956],[-75.95279,40.328333],[-75.948676,40.326662],[-75.946656,40.326892],[-75.943033,40.328561],[-75.941307,40.328604],[-75.939301,40.33093],[-75.939298,40.332473],[-75.937662,40.335442],[-75.929843,40.335346],[-75.929607,40.343816],[-75.925315,40.343474],[-75.923058,40.345819],[-75.922219,40.34939],[-75.919702,40.348817],[-75.913851,40.348721],[-75.913972,40.344291],[-75.907296,40.344212],[-75.907303,40.345711],[-75.904504,40.345652],[-75.906364,40.329498],[-75.899633,40.328329],[-75.899812,40.322893],[-75.910584,40.323144],[-75.91616,40.323286],[-75.921658,40.321429],[-75.91997,40.319307],[-75.920525,40.313398],[-75.920329,40.311162],[-75.922597,40.307841],[-75.922075,40.305565],[-75.917181,40.301815],[-75.916094,40.299184],[-75.916055,40.297173],[-75.918178,40.297403],[-75.921105,40.300142],[-75.923008,40.30093],[-75.924845,40.303692],[-75.924034,40.30784],[-75.925666,40.308551],[-75.927466,40.30753],[-75.929462,40.308842],[-75.933554,40.305155],[-75.939376,40.303979],[-75.942646,40.301871],[-75.943212,40.300017],[-75.944756,40.298343],[-75.948552,40.298039],[-75.951433,40.293328],[-75.956931,40.289013],[-75.965574,40.285682],[-75.967731,40.28522]],[[-75.930992,40.314166],[-75.929031,40.312076],[-75.926247,40.313329],[-75.930992,40.314166]]]},"properties":{"district":"127","name":"State House District 127"}},{"type":"Feature","geometry":{"type":"Polygon","coordinates":[[[-79.900196,41.681337],[-79.898985,41.655692],[-79.89655,41.624145],[-79.884516,41.624185],[-79.874153,41.623935],[-79.873457,41.611896],[-79.876211,41.600521],[-79.87642,41.586226],[-79.877141,41.577121],[-79.877171,41.574242],[-79.892552,41.574146],[-79.892719,41.573751],[-79.892891,41.562157],[-79.908478,41.562176],[-79.909471,41.550149],[-79.925369,41.550208],[-79.92334,41.537596],[-79.943296,41.537837],[-79.942227,41.525348],[-79.955278,41.525467],[-79.959179,41.525353],[-79.95816,41.513624],[-79.965332,41.512859],[-79.981452,41.5129],[-79.981779,41.500156],[-79.986365,41.500633],[-79.998488,41.500948],[-79.99873,41.490092],[-79.999779,41.490049],[-80.007226,41.48985],[-80.032586,41.488892],[-80.040988,41.488724],[-80.07093,41.487755],[-80.084115,41.487468],[-80.125596,41.486278],[-80.125369,41.480396],[-80.156766,41.480882],[-80.161853,41.481324],[-80.169472,41.481531],[-80.206563,41.482224],[-80.224391,41.482491],[-80.240593,41.482865],[-80.257183,41.483418],[-80.275595,41.483482],[-80.328691,41.484309],[-80.337983,41.484562],[-80.350722,41.484712],[-80.380071,41.485861],[-80.403497,41.486427],[-80.431147,41.486958],[-80.431157,41.489027],[-80.432089,41.492089],[-80.444896,41.492269],[-80.445001,41.487118],[-80.454333,41.487436],[-80.487496,41.488294],[-80.496735,41.488614],[-80.519216,41.489111],[-80.519227,41.517352],[-80.519158,41.528796],[-80.519339,41.539297],[-80.519403,41.607092],[-80.5193,41.625054],[-80.519406,41.65217],[-80.519357,41.68894],[-80.519412,41.714731],[-80.519427,41.752693],[-80.519316,41.757659],[-80.519374,41.771029],[-80.519382,41.820063],[-80.519355,41.85903],[-80.519417,41.885889],[-80.519219,41.919275],[-80.519388,41.944012],[-80.519326,41.972468],[-80.519421,41.977523],[-80.516069,41.978274],[-80.510903,41.980815],[-80.505913,41.982272],[-80.498772,41.985908],[-80.49701,41.985797],[-80.494674,41.98741],[-80.490057,41.987727],[-80.483359,41.990153],[-80.480956,41.990233],[-80.475898,41.992316],[-80.472769,41.992675],[-80.470075,41.993903],[-80.466788,41.994578],[-80.455785,41.998042],[-80.447416,42.00183],[-80.444288,42.002661],[-80.437711,42.005713],[-80.432889,42.005774],[-80.426952,42.00735],[-80.421238,42.009597],[-80.416699,42.010619],[-80.409931,42.011573],[-80.405407,42.01298],[-80.403279,42.013209],[-80.397496,42.015388],[-80.389302,42.017844],[-80.385954,42.019214],[-80.385728,42.007708],[-80.385782,41.999666],[-80.387782,41.999655],[-80.388047,41.988119],[-80.388148,41.975447],[-80.388436,41.964098],[-80.388765,41.94031],[-80.363603,41.940154],[-80.31183,41.94013],[-80.277272,41.93998],[-80.265444,41.939995],[-80.265439,41.934908],[-80.26595,41.91495],[-80.266034,41.895876],[-80.266156,41.890543],[-80.205966,41.889983],[-80.206467,41.849851],[-80.206545,41.849045],[-80.231005,41.84913],[-80.250596,41.849461],[-80.26698,41.849469],[-80.267849,41.813757],[-80.26846,41.771759],[-80.269043,41.753485],[-80.250226,41.753243],[-80.1968,41.752268],[-80.168059,41.75203],[-80.167966,41.762116],[-80.124179,41.761935],[-80.115674,41.761707],[-80.112605,41.757933],[-80.11281,41.755176],[-80.116182,41.752083],[-80.120494,41.751187],[-80.121246,41.750078],[-80.121467,41.74667],[-80.123554,41.74315],[-80.126399,41.742146],[-80.132818,41.742139],[-80.134044,41.742835],[-80.13837,41.741454],[-80.139743,41.739365],[-80.144204,41.736765],[-80.145814,41.734907],[-80.150749,41.730945],[-80.151016,41.727207],[-80.149404,41.724237],[-80.150193,41.721956],[-80.151725,41.720646],[-80.151757,41.71922],[-80.147444,41.715489],[-80.146086,41.713479],[-80.146375,41.710969],[-80.145282,41.706907],[-80.146537,41.701628],[-80.146129,41.698165],[-80.147685,41.695225],[-80.151554,41.692742],[-80.15422,41.692485],[-80.162151,41.693872],[-80.164721,41.691965],[-80.166839,41.691514],[-80.170778,41.687486],[-80.171896,41.684224],[-80.14898,41.67931],[-80.13984,41.679259],[-80.139757,41.674174],[-80.12619,41.674266],[-80.126612,41.668767],[-80.118107,41.668543],[-80.104768,41.668853],[-80.09787,41.669223],[-80.079854,41.668811],[-80.057792,41.66888],[-80.057927,41.670911],[-80.032922,41.671625],[-80.032163,41.67182],[-80.010232,41.672619],[-79.98818,41.673831],[-79.970506,41.675541],[-79.953952,41.675298],[-79.937039,41.675822],[-79.919443,41.676785],[-79.900196,41.681337]]]},"properties":{"district":"006","name":"State House District 6"}},{"type":"Feature","geometry":{"type":"MultiPolygon","coordinates":[[[[-75.66453,40.281097],[-75.671338,40.273052],[-75.678955,40.263778],[-75.688507,40.251868],[-75.695949,40.242365],[-75.696782,40.241863],[-75.729863,40.224489],[-75.743178,40.216721],[-75.784442,40.191822],[-75.82098,40.169716],[-75.846516,40.153798],[-75.854548,40.149297],[-75.866813,40.14112],[-75.873375,40.137107],[-75.875162,40.138071],[-75.890984,40.148435],[-75.929574,40.173556],[-75.943437,40.182676],[-75.930221,40.194268],[-75.919768,40.202838],[-75.934331,40.244722],[-75.941444,40.2446],[-75.950627,40.244909],[-75.961034,40.246447],[-75.975217,40.249037],[-75.989055,40.253289],[-75.990835,40.258451],[-75.994047,40.26195],[-75.994097,40.263262],[-75.98877,40.263585],[-75.982826,40.267193],[-75.983374,40.271269],[-75.982786,40.271805],[-75.977462,40.273073],[-75.974655,40.276274],[-75.974375,40.280231],[-75.973687,40.281367],[-75.970822,40.281727],[-75.967731,40.28522],[-75.965574,40.285682],[-75.956931,40.289013],[-75.951433,40.293328],[-75.948552,40.298039],[-75.944756,40.298343],[-75.943212,40.300017],[-75.942646,40.301871],[-75.939376,40.303979],[-75.933554,40.305155],[-75.929462,40.308842],[-75.927466,40.30753],[-75.925666,40.308551],[-75.924034,40.30784],[-75.924845,40.303692],[-75.923008,40.30093],[-75.921105,40.300142],[-75.918178,40.297403],[-75.916055,40.297173],[-75.916094,40.299184],[-75.917181,40.301815],[-75.922075,40.305565],[-75.922597,40.307841],[-75.920329,40.311162],[-75.920525,40.313398],[-75.91997,40.319307],[-75.921658,40.321429],[-75.91616,40.323286],[-75.910584,40.323144],[-75.902353,40.31613],[-75.898635,40.312627],[-75.895843,40.308983],[-75.894104,40.301323],[-75.890025,40.295509],[-75.888363,40.294182],[-75.885548,40.293213],[-75.878161,40.289604],[-75.87406,40.289681],[-75.86769,40.288797],[-75.867007,40.291173],[-75.86331,40.297928],[-75.8662,40.29894],[-75.865741,40.300786],[-75.868331,40.301701],[-75.870986,40.301351],[-75.873894,40.302962],[-75.874548,40.304046],[-75.878206,40.303814],[-75.874603,40.308509],[-75.871395,40.310624],[-75.863343,40.317377],[-75.85879,40.318827],[-75.853423,40.323885],[-75.849837,40.324537],[-75.850786,40.326396],[-75.849166,40.327711],[-75.849213,40.334015],[-75.846152,40.343632],[-75.848886,40.344129],[-75.849431,40.347593],[-75.855074,40.351299],[-75.857637,40.352318],[-75.853224,40.354445],[-75.844335,40.358205],[-75.836355,40.361103],[-75.830198,40.362364],[-75.824993,40.362279],[-75.820059,40.361523],[-75.81696,40.358571],[-75.815122,40.355143],[-75.815022,40.351849],[-75.813195,40.349524],[-75.810454,40.347854],[-75.805061,40.343414],[-75.802236,40.339073],[-75.79892,40.334955],[-75.792629,40.331648],[-75.791636,40.33069],[-75.784907,40.327381],[-75.777271,40.325625],[-75.776853,40.326992],[-75.76152,40.324223],[-75.75751,40.323861],[-75.735004,40.319055],[-75.729766,40.317668],[-75.69539,40.310706],[-75.673774,40.335789],[-75.653816,40.322254],[-75.646483,40.317991],[-75.638828,40.312772],[-75.660515,40.286217],[-75.66453,40.281097]]],[[[-75.939301,40.33093],[-75.941307,40.328604],[-75.942265,40.331485],[-75.939301,40.33093]]],[[[-75.930992,40.314166],[-75.926247,40.313329],[-75.929031,40.312076],[-75.930992,40.314166]]]]},"properties":{"district":"128","name":"State House District 128"}},{"type":"Feature","geometry":{"type":"Polygon","coordinates":[[[-80.519216,41.489111],[-80.496735,41.488614],[-80.487496,41.488294],[-80.454333,41.487436],[-80.445001,41.487118],[-80.444896,41.492269],[-80.432089,41.492089],[-80.431157,41.489027],[-80.431147,41.486958],[-80.403497,41.486427],[-80.380071,41.485861],[-80.380937,41.443752],[-80.380806,41.436846],[-80.380223,41.427758],[-80.358371,41.426799],[-80.358472,41.42107],[-80.322962,41.420051],[-80.321272,41.374944],[-80.320805,41.363648],[-80.330248,41.363368],[-80.350111,41.362981],[-80.35499,41.362735],[-80.38915,41.361619],[-80.38818,41.321452],[-80.387501,41.296264],[-80.386819,41.267365],[-80.386242,41.235266],[-80.318526,41.23625],[-80.316811,41.232728],[-80.314942,41.231597],[-80.315509,41.229516],[-80.317342,41.226847],[-80.316752,41.225085],[-80.317312,41.222103],[-80.319021,41.21944],[-80.318206,41.21872],[-80.320162,41.215689],[-80.318613,41.21346],[-80.319762,41.208304],[-80.318802,41.205482],[-80.316184,41.1945],[-80.314504,41.193286],[-80.314439,41.191062],[-80.313065,41.189602],[-80.312774,41.187707],[-80.310849,41.186039],[-80.308973,41.180525],[-80.309475,41.177807],[-80.310332,41.177132],[-80.310521,41.174562],[-80.312382,41.171959],[-80.315238,41.170575],[-80.313617,41.166106],[-80.310747,41.163464],[-80.309919,41.160648],[-80.313414,41.158484],[-80.312567,41.155787],[-80.384896,41.153893],[-80.385094,41.126492],[-80.428641,41.125939],[-80.440284,41.125901],[-80.48467,41.125305],[-80.495736,41.125057],[-80.519037,41.125093],[-80.519039,41.150185],[-80.51922,41.160936],[-80.518952,41.188538],[-80.519092,41.208365],[-80.518791,41.209855],[-80.519041,41.221575],[-80.519064,41.249003],[-80.518705,41.249811],[-80.518894,41.265153],[-80.519099,41.267212],[-80.519042,41.302714],[-80.519129,41.311933],[-80.519115,41.360869],[-80.519241,41.364281],[-80.519249,41.378918],[-80.518992,41.404343],[-80.518993,41.423954],[-80.519124,41.437005],[-80.519144,41.461297],[-80.519345,41.473907],[-80.519216,41.489111]]]},"properties":{"district":"007","name":"State House District 7"}},{"type":"Feature","geometry":{"type":"Polygon","coordinates":[[[-75.9752,40.305693],[-75.984351,40.309464],[-75.981601,40.310679],[-75.983007,40.312186],[-75.988928,40.307428],[-76.006522,40.299554],[-76.009186,40.296277],[-76.012278,40.296268],[-76.011334,40.298599],[-76.015729,40.298313],[-76.016416,40.300093],[-76.015842,40.302286],[-76.016078,40.304786],[-76.01926,40.309536],[-76.022253,40.309824],[-76.032985,40.31449],[-76.03171,40.315668],[-76.036107,40.318736],[-76.037195,40.324106],[-76.034651,40.32653],[-76.031285,40.327436],[-76.029005,40.330975],[-76.026827,40.332755],[-76.025712,40.334773],[-76.014695,40.330338],[-76.011671,40.328858],[-76.005187,40.334685],[-76.003864,40.338198],[-75.999054,40.344414],[-75.994018,40.342517],[-75.983508,40.340848],[-75.978171,40.345907],[-75.977473,40.345461],[-75.965835,40.356539],[-75.963655,40.356225],[-75.960708,40.354583],[-75.941372,40.36437],[-75.943591,40.365581],[-75.950572,40.366744],[-75.953338,40.368338],[-75.949591,40.369754],[-75.947161,40.369635],[-75.94305,40.370943],[-75.940627,40.367572],[-75.932778,40.367557],[-75.932461,40.363409],[-75.934021,40.355857],[-75.933681,40.353504],[-75.921251,40.353285],[-75.922219,40.34939],[-75.923058,40.345819],[-75.925315,40.343474],[-75.929607,40.343816],[-75.929843,40.335346],[-75.937662,40.335442],[-75.939298,40.332473],[-75.939301,40.33093],[-75.942265,40.331485],[-75.941307,40.328604],[-75.943033,40.328561],[-75.946656,40.326892],[-75.948676,40.326662],[-75.95279,40.328333],[-75.956633,40.326956],[-75.956162,40.326093],[-75.958464,40.324753],[-75.957827,40.323794],[-75.959501,40.322446],[-75.956382,40.317927],[-75.960489,40.314244],[-75.96029,40.311254],[-75.965983,40.310697],[-75.969819,40.314159],[-75.9752,40.305693]]]},"properties":{"district":"129","name":"State House District 129"}},{"type":"Feature","geometry":{"type":"Polygon","coordinates":[[[-79.877128,40.672435],[-79.89114,40.672857],[-79.914626,40.673286],[-79.929624,40.672893],[-79.937613,40.672844],[-79.959939,40.67228],[-79.964595,40.672514],[-79.963697,40.673519],[-79.963781,40.677074],[-79.961447,40.677142],[-79.96162,40.68298],[-79.966982,40.682969],[-79.966446,40.711764],[-79.967724,40.744823],[-80.034425,40.744765],[-80.039931,40.744433],[-80.042425,40.747989],[-80.047319,40.747694],[-80.044927,40.744981],[-80.059406,40.744996],[-80.060339,40.764074],[-80.056208,40.764023],[-80.052861,40.760224],[-80.050354,40.760726],[-80.050086,40.762781],[-80.044654,40.766137],[-80.044194,40.766871],[-80.048077,40.771236],[-80.049988,40.77059],[-80.055453,40.771732],[-80.055499,40.774639],[-80.060928,40.77455],[-80.062376,40.790251],[-80.063065,40.81726],[-80.124254,40.817419],[-80.15671,40.81753],[-80.15853,40.855096],[-80.183092,40.85466],[-80.253123,40.853952],[-80.263707,40.85403],[-80.276568,40.853725],[-80.282273,40.853792],[-80.295706,40.853483],[-80.309971,40.853424],[-80.32254,40.853229],[-80.331442,40.852911],[-80.347565,40.852828],[-80.362849,40.852637],[-80.373098,40.852671],[-80.403443,40.852431],[-80.416635,40.852174],[-80.422539,40.85227],[-80.486353,40.85166],[-80.508519,40.851509],[-80.519044,40.851339],[-80.519052,40.869836],[-80.518899,40.875061],[-80.519095,40.881041],[-80.519022,40.888227],[-80.519185,40.902451],[-80.492324,40.903538],[-80.482808,40.903855],[-80.452543,40.90523],[-80.426327,40.90575],[-80.373349,40.907058],[-80.349515,40.907502],[-80.307386,40.908055],[-80.263986,40.909002],[-80.264631,40.937252],[-80.268427,40.937735],[-80.269695,40.964555],[-80.270025,40.973632],[-80.266299,40.973681],[-80.266926,40.99893],[-80.258473,40.999118],[-80.258309,41.005398],[-80.258442,41.019509],[-80.258929,41.043743],[-80.259146,41.05065],[-80.259042,41.057271],[-80.258331,41.079925],[-80.258325,41.110739],[-80.258706,41.111548],[-80.263167,41.109998],[-80.261428,41.116007],[-80.25849,41.116102],[-80.257946,41.117339],[-80.257945,41.11723],[-80.147303,41.113917],[-80.126614,41.095498],[-80.124126,41.093593],[-80.113123,41.083911],[-80.098294,41.071054],[-80.101859,41.067401],[-80.097962,41.060823],[-80.087,41.042813],[-80.08241,41.041063],[-80.08092,41.0401],[-80.075609,41.038883],[-80.07297,41.03374],[-80.071002,41.031855],[-80.071187,41.030627],[-80.073367,41.03014],[-80.070649,41.026751],[-80.065783,41.026778],[-80.063028,41.025724],[-80.060078,41.026105],[-80.05282,41.026103],[-80.052692,41.022978],[-80.044139,41.023125],[-80.044253,41.026607],[-80.043069,41.026246],[-80.024309,41.026774],[-80.023289,41.027414],[-80.020742,41.024926],[-80.01803,41.0257],[-80.016572,41.02476],[-80.014219,41.025231],[-80.011125,41.027167],[-79.979785,41.02801],[-79.915396,41.027815],[-79.880077,41.02765],[-79.878684,40.958491],[-79.875938,40.886706],[-79.972402,40.886679],[-79.971931,40.87135],[-79.97008,40.816366],[-79.949443,40.816262],[-79.927552,40.816259],[-79.903149,40.816152],[-79.874557,40.816107],[-79.874536,40.801866],[-79.876621,40.731098],[-79.876719,40.70938],[-79.876999,40.695635],[-79.876925,40.689184],[-79.877128,40.672435]]]},"properties":{"district":"008","name":"State House District 8"}},{"type":"Feature","geometry":{"type":"Polygon","coordinates":[[[-80.519037,41.125093],[-80.495736,41.125057],[-80.48467,41.125305],[-80.440284,41.125901],[-80.428641,41.125939],[-80.385094,41.126492],[-80.357986,41.126707],[-80.341233,41.126911],[-80.312032,41.127593],[-80.293619,41.12776],[-80.268902,41.127841],[-80.257933,41.128165],[-80.257946,41.117339],[-80.25849,41.116102],[-80.261428,41.116007],[-80.263167,41.109998],[-80.258706,41.111548],[-80.258325,41.110739],[-80.258331,41.079925],[-80.259042,41.057271],[-80.259146,41.05065],[-80.258929,41.043743],[-80.258442,41.019509],[-80.258309,41.005398],[-80.258473,40.999118],[-80.266926,40.99893],[-80.266299,40.973681],[-80.270025,40.973632],[-80.269695,40.964555],[-80.268427,40.937735],[-80.264631,40.937252],[-80.263986,40.909002],[-80.307386,40.908055],[-80.349515,40.907502],[-80.373349,40.907058],[-80.426327,40.90575],[-80.452543,40.90523],[-80.482808,40.903855],[-80.492324,40.903538],[-80.519185,40.902451],[-80.519291,40.914661],[-80.519008,40.921572],[-80.519018,40.97022],[-80.519016,41.013349],[-80.519192,41.027741],[-80.518815,41.041355],[-80.519095,41.046655],[-80.518928,41.062458],[-80.519192,41.105245],[-80.518992,41.115958],[-80.519037,41.125093]]]},"properties":{"district":"009","name":"State House District 9"}},{"type":"Feature","geometry":{"type":"Polygon","coordinates":[[[-75.569274,40.397892],[-75.571425,40.395342],[-75.587837,40.375054],[-75.600288,40.360165],[-75.623177,40.33213],[-75.624893,40.329773],[-75.638828,40.312772],[-75.646483,40.317991],[-75.653816,40.322254],[-75.673774,40.335789],[-75.69539,40.310706],[-75.729766,40.317668],[-75.735004,40.319055],[-75.75751,40.323861],[-75.76152,40.324223],[-75.776853,40.326992],[-75.777271,40.325625],[-75.784907,40.327381],[-75.791636,40.33069],[-75.792629,40.331648],[-75.79892,40.334955],[-75.802236,40.339073],[-75.805061,40.343414],[-75.810454,40.347854],[-75.813195,40.349524],[-75.815022,40.351849],[-75.815122,40.355143],[-75.81696,40.358571],[-75.820059,40.361523],[-75.824993,40.362279],[-75.830198,40.362364],[-75.836355,40.361103],[-75.844335,40.358205],[-75.853356,40.363527],[-75.864118,40.361112],[-75.898635,40.366852],[-75.896273,40.372607],[-75.893744,40.381782],[-75.891972,40.389572],[-75.890402,40.401495],[-75.884214,40.42661],[-75.888626,40.429493],[-75.898988,40.425643],[-75.901418,40.428428],[-75.909581,40.436938],[-75.912003,40.440931],[-75.915345,40.447673],[-75.914747,40.449687],[-75.915485,40.451637],[-75.919985,40.45434],[-75.922851,40.458193],[-75.928719,40.459645],[-75.93417,40.462919],[-75.935576,40.46573],[-75.940994,40.470424],[-75.943429,40.471807],[-75.945795,40.473871],[-75.948205,40.47765],[-75.924202,40.486002],[-75.909132,40.492005],[-75.896632,40.497124],[-75.892855,40.49436],[-75.890998,40.496434],[-75.889112,40.499472],[-75.886466,40.500733],[-75.884428,40.502601],[-75.884306,40.504707],[-75.882515,40.506697],[-75.884131,40.508644],[-75.883806,40.510439],[-75.882202,40.512239],[-75.883163,40.51635],[-75.878094,40.522139],[-75.875723,40.523812],[-75.874647,40.525838],[-75.870217,40.525384],[-75.866092,40.524467],[-75.86276,40.524922],[-75.861113,40.523205],[-75.857742,40.524097],[-75.857455,40.526202],[-75.858968,40.531857],[-75.855947,40.533982],[-75.851439,40.531697],[-75.849031,40.533291],[-75.84753,40.532937],[-75.845958,40.534126],[-75.844358,40.536568],[-75.84567,40.538179],[-75.843105,40.539247],[-75.841492,40.53831],[-75.836077,40.536371],[-75.831943,40.535703],[-75.828518,40.536503],[-75.825601,40.53603],[-75.823873,40.532874],[-75.811318,40.519115],[-75.818421,40.513125],[-75.805772,40.504581],[-75.768856,40.481367],[-75.755788,40.48609],[-75.751213,40.478556],[-75.759725,40.475622],[-75.750642,40.469823],[-75.74906,40.470464],[-75.742793,40.475421],[-75.731438,40.487998],[-75.704136,40.514435],[-75.699816,40.518483],[-75.692715,40.526428],[-75.681609,40.528425],[-75.674921,40.53897],[-75.652229,40.524347],[-75.635963,40.514105],[-75.579503,40.478057],[-75.579274,40.478007],[-75.565955,40.469585],[-75.529694,40.446995],[-75.535652,40.439713],[-75.542709,40.430607],[-75.558893,40.410819],[-75.569274,40.397892]]]},"properties":{"district":"130","name":"State House District 130"}},{"type":"Feature","geometry":{"type":"MultiPolygon","coordinates":[[[[-75.450353,40.57027],[-75.448651,40.562109],[-75.435196,40.566624],[-75.427894,40.569423],[-75.426545,40.570286],[-75.417273,40.573932],[-75.414137,40.575609],[-75.409132,40.579222],[-75.404412,40.581154],[-75.39429,40.593018],[-75.391275,40.596551],[-75.390635,40.600677],[-75.367519,40.600663],[-75.36317,40.593197],[-75.3617,40.585308],[-75.364264,40.58501],[-75.363682,40.580236],[-75.360415,40.579304],[-75.358821,40.578004],[-75.344987,40.578961],[-75.344843,40.576304],[-75.343994,40.574395],[-75.344714,40.571392],[-75.342976,40.568293],[-75.341086,40.566981],[-75.33321,40.567425],[-75.333545,40.571075],[-75.339711,40.571067],[-75.339754,40.572521],[-75.327261,40.573263],[-75.328067,40.583293],[-75.333415,40.583424],[-75.333788,40.58836],[-75.329184,40.589939],[-75.321329,40.590437],[-75.320489,40.589551],[-75.319694,40.586336],[-75.317524,40.585309],[-75.316284,40.579653],[-75.315163,40.57765],[-75.312938,40.575388],[-75.309662,40.568536],[-75.299017,40.558601],[-75.308745,40.552611],[-75.316782,40.54717],[-75.333048,40.536767],[-75.333514,40.537057],[-75.338633,40.534068],[-75.345447,40.529603],[-75.36661,40.515424],[-75.390771,40.500113],[-75.393336,40.498323],[-75.409733,40.487984],[-75.447909,40.452356],[-75.460753,40.440085],[-75.484057,40.418451],[-75.47653,40.414181],[-75.445407,40.396065],[-75.432762,40.388512],[-75.425667,40.38443],[-75.422234,40.381691],[-75.413589,40.376335],[-75.400314,40.368492],[-75.390053,40.362202],[-75.382322,40.357646],[-75.36345,40.346264],[-75.353219,40.340182],[-75.357394,40.337572],[-75.361122,40.335209],[-75.364242,40.33554],[-75.366255,40.336557],[-75.370821,40.335392],[-75.372838,40.333913],[-75.372956,40.332835],[-75.379908,40.328403],[-75.383572,40.323774],[-75.389327,40.323849],[-75.39227,40.324605],[-75.394866,40.323772],[-75.394818,40.320934],[-75.40123,40.320765],[-75.401623,40.319692],[-75.399792,40.317013],[-75.399966,40.315246],[-75.406315,40.316896],[-75.408871,40.317287],[-75.409139,40.315826],[-75.406961,40.314432],[-75.405798,40.312823],[-75.410427,40.311117],[-75.414387,40.311557],[-75.417666,40.310213],[-75.420254,40.311542],[-75.429319,40.314592],[-75.429211,40.316005],[-75.435416,40.319739],[-75.435272,40.322294],[-75.4363,40.325],[-75.443192,40.331335],[-75.447529,40.326559],[-75.451106,40.326306],[-75.452359,40.3251],[-75.454354,40.325178],[-75.458164,40.321018],[-75.46194,40.321103],[-75.464609,40.318067],[-75.468619,40.319885],[-75.474898,40.314641],[-75.475827,40.315145],[-75.477577,40.318852],[-75.477389,40.32061],[-75.480567,40.322797],[-75.481519,40.324049],[-75.478466,40.325334],[-75.478153,40.32642],[-75.480537,40.330413],[-75.482016,40.334407],[-75.481644,40.336316],[-75.479436,40.337224],[-75.476634,40.33706],[-75.474318,40.339399],[-75.476737,40.339966],[-75.479206,40.341477],[-75.48383,40.342133],[-75.485935,40.341935],[-75.488743,40.342789],[-75.487461,40.347313],[-75.488209,40.348862],[-75.490467,40.350785],[-75.496842,40.344359],[-75.511708,40.352279],[-75.514775,40.354034],[-75.545902,40.370733],[-75.535982,40.381736],[-75.550687,40.388957],[-75.569274,40.397892],[-75.558893,40.410819],[-75.542709,40.430607],[-75.535652,40.439713],[-75.529694,40.446995],[-75.565955,40.469585],[-75.579274,40.478007],[-75.571496,40.484786],[-75.562444,40.493034],[-75.547858,40.505745],[-75.545268,40.507015],[-75.543261,40.505314],[-75.540853,40.505479],[-75.540566,40.508204],[-75.542949,40.509357],[-75.543071,40.510324],[-75.535739,40.516906],[-75.5244,40.526399],[-75.514701,40.534858],[-75.513065,40.537441],[-75.510593,40.537835],[-75.507132,40.53598],[-75.51004,40.532682],[-75.514272,40.532521],[-75.516884,40.529704],[-75.512866,40.527404],[-75.515781,40.524013],[-75.513576,40.521693],[-75.516432,40.519389],[-75.512979,40.518764],[-75.511712,40.519736],[-75.510041,40.51767],[-75.504401,40.516658],[-75.495921,40.523865],[-75.487896,40.529421],[-75.485131,40.527769],[-75.484283,40.52873],[-75.480144,40.528938],[-75.484494,40.531029],[-75.481889,40.533445],[-75.480885,40.53888],[-75.48193,40.55093],[-75.47906,40.554849],[-75.475173,40.55343],[-75.457935,40.565125],[-75.460588,40.568135],[-75.459297,40.568574],[-75.462659,40.572431],[-75.459573,40.573784],[-75.454173,40.567677],[-75.450353,40.57027]]],[[[-75.505689,40.54352],[-75.501434,40.546841],[-75.499957,40.545856],[-75.497978,40.547908],[-75.499481,40.549215],[-75.495874,40.549813],[-75.494457,40.551362],[-75.491465,40.551438],[-75.491053,40.552842],[-75.487808,40.558686],[-75.483216,40.556541],[-75.485788,40.552031],[-75.489572,40.553138],[-75.497664,40.544973],[-75.499243,40.545062],[-75.501129,40.543893],[-75.505689,40.54352]]]]},"properties":{"district":"131","name":"State House District 131"}},{"type":"Feature","geometry":{"type":"Polygon","coordinates":[[[-75.167803,39.955935],[-75.16957,39.955205],[-75.170007,39.953171],[-75.180223,39.954472],[-75.224868,39.960005],[-75.226224,39.953528],[-75.229999,39.953996],[-75.230323,39.952475],[-75.238476,39.953485],[-75.240449,39.953733],[-75.238785,39.961715],[-75.236587,39.962519],[-75.236162,39.964565],[-75.234224,39.964325],[-75.23361,39.967343],[-75.230058,39.967649],[-75.22786,39.966191],[-75.220456,39.967089],[-75.220578,39.968067],[-75.21264,39.969536],[-75.208227,39.970015],[-75.208646,39.972158],[-75.203722,39.970929],[-75.204314,39.974117],[-75.193724,39.975285],[-75.191012,39.970034],[-75.184976,39.966129],[-75.183323,39.964374],[-75.179494,39.964518],[-75.172418,39.959198],[-75.17239,39.957428],[-75.169173,39.957031],[-75.167803,39.955935]]]},"properties":{"district":"010","name":"State House District 10"}},{"type":"Feature","geometry":{"type":"Polygon","coordinates":[[[-79.816996,40.671699],[-79.829433,40.671142],[-79.842248,40.67199],[-79.851556,40.672288],[-79.877128,40.672435],[-79.876925,40.689184],[-79.876999,40.695635],[-79.876719,40.70938],[-79.876621,40.731098],[-79.874536,40.801866],[-79.874557,40.816107],[-79.903149,40.816152],[-79.927552,40.816259],[-79.949443,40.816262],[-79.97008,40.816366],[-79.971931,40.87135],[-79.972402,40.886679],[-79.875938,40.886706],[-79.878684,40.958491],[-79.852026,40.957728],[-79.784034,40.956298],[-79.734692,40.955735],[-79.722933,40.955965],[-79.709965,40.95654],[-79.689925,40.957667],[-79.691271,40.895995],[-79.691696,40.875072],[-79.691875,40.835571],[-79.692124,40.813416],[-79.692362,40.806402],[-79.692803,40.793405],[-79.692895,40.762477],[-79.693284,40.741427],[-79.69256,40.714664],[-79.692352,40.71086],[-79.692586,40.683937],[-79.692794,40.674604],[-79.692357,40.672857],[-79.692878,40.669611],[-79.707546,40.669851],[-79.732744,40.66924],[-79.757073,40.670217],[-79.764107,40.670427],[-79.780651,40.671228],[-79.816996,40.671699]]]},"properties":{"district":"011","name":"State House District 11"}},{"type":"Feature","geometry":{"type":"Polygon","coordinates":[[[-75.489295,40.615425],[-75.484383,40.605076],[-75.490692,40.603343],[-75.494888,40.602174],[-75.491558,40.595156],[-75.489454,40.595732],[-75.488387,40.59348],[-75.497941,40.590845],[-75.498492,40.589132],[-75.496901,40.587466],[-75.501189,40.584276],[-75.503209,40.58411],[-75.511286,40.582519],[-75.530304,40.565393],[-75.537728,40.570475],[-75.551391,40.578808],[-75.566111,40.568497],[-75.569101,40.566963],[-75.577428,40.561077],[-75.585073,40.556299],[-75.589243,40.553361],[-75.609994,40.539436],[-75.627739,40.527191],[-75.631763,40.532805],[-75.631544,40.536778],[-75.63646,40.538079],[-75.638438,40.540672],[-75.62739,40.539483],[-75.62561,40.539825],[-75.622761,40.541598],[-75.621965,40.543313],[-75.621873,40.546055],[-75.620785,40.551244],[-75.617782,40.554739],[-75.609001,40.558642],[-75.618707,40.573391],[-75.622707,40.57748],[-75.624086,40.579345],[-75.628442,40.588832],[-75.630807,40.59475],[-75.631539,40.598985],[-75.632939,40.60096],[-75.638919,40.603205],[-75.629653,40.612292],[-75.620263,40.620749],[-75.606764,40.625946],[-75.559622,40.643601],[-75.546039,40.648827],[-75.5295,40.65475],[-75.520488,40.644767],[-75.509288,40.632566],[-75.500169,40.622795],[-75.49468,40.616428],[-75.489295,40.615425]]]},"properties":{"district":"132","name":"State House District 132"}},{"type":"Feature","geometry":{"type":"Polygon","coordinates":[[[-79.964595,40.672514],[-79.987842,40.673587],[-79.994174,40.673571],[-80.021006,40.674061],[-80.071393,40.674174],[-80.071434,40.674935],[-80.101058,40.674009],[-80.11994,40.673788],[-80.127791,40.673604],[-80.148497,40.673769],[-80.148699,40.67491],[-80.149794,40.692694],[-80.150417,40.706839],[-80.151062,40.713138],[-80.151953,40.729843],[-80.151947,40.733406],[-80.152582,40.744657],[-80.153445,40.756387],[-80.153427,40.758282],[-80.154519,40.776166],[-80.154822,40.783441],[-80.15551,40.792235],[-80.156383,40.807712],[-80.15671,40.81753],[-80.124254,40.817419],[-80.063065,40.81726],[-80.062376,40.790251],[-80.060928,40.77455],[-80.055499,40.774639],[-80.055453,40.771732],[-80.049988,40.77059],[-80.048077,40.771236],[-80.044194,40.766871],[-80.044654,40.766137],[-80.050086,40.762781],[-80.050354,40.760726],[-80.052861,40.760224],[-80.056208,40.764023],[-80.060339,40.764074],[-80.059406,40.744996],[-80.044927,40.744981],[-80.047319,40.747694],[-80.042425,40.747989],[-80.039931,40.744433],[-80.034425,40.744765],[-79.967724,40.744823],[-79.966446,40.711764],[-79.966982,40.682969],[-79.96162,40.68298],[-79.961447,40.677142],[-79.963781,40.677074],[-79.963697,40.673519],[-79.964595,40.672514]]]},"properties":{"district":"012","name":"State House District 12"}},{"type":"Feature","geometry":{"type":"Polygon","coordinates":[[[-75.39429,40.593018],[-75.403126,40.595942],[-75.405321,40.596109],[-75.405443,40.598287],[-75.403686,40.598885],[-75.406378,40.603522],[-75.401169,40.603852],[-75.39739,40.606651],[-75.395959,40.61035],[-75.395323,40.613525],[-75.40413,40.61237],[-75.407307,40.612276],[-75.409382,40.61524],[-75.4134,40.616877],[-75.417336,40.616835],[-75.419638,40.616097],[-75.421063,40.627567],[-75.422054,40.634333],[-75.423658,40.635917],[-75.462601,40.62847],[-75.459468,40.623984],[-75.46728,40.62236],[-75.463805,40.619086],[-75.472618,40.619309],[-75.476171,40.619729],[-75.477028,40.623008],[-75.479729,40.622096],[-75.478516,40.619624],[-75.476627,40.61807],[-75.487104,40.61216],[-75.488538,40.615311],[-75.489295,40.615425],[-75.49468,40.616428],[-75.500169,40.622795],[-75.509288,40.632566],[-75.520488,40.644767],[-75.5295,40.65475],[-75.535337,40.661251],[-75.542276,40.678426],[-75.547495,40.691026],[-75.515764,40.702121],[-75.509745,40.694158],[-75.507558,40.692346],[-75.503053,40.689715],[-75.499363,40.68225],[-75.498716,40.680005],[-75.495927,40.677896],[-75.491127,40.676996],[-75.487329,40.674497],[-75.485027,40.671496],[-75.483627,40.666996],[-75.483727,40.660196],[-75.483319,40.658214],[-75.481469,40.655744],[-75.459906,40.663576],[-75.430404,40.674152],[-75.429848,40.673461],[-75.430122,40.668427],[-75.418334,40.65768],[-75.413659,40.652771],[-75.408931,40.648274],[-75.399791,40.640108],[-75.392891,40.634415],[-75.387464,40.633122],[-75.388898,40.629117],[-75.388413,40.627969],[-75.383049,40.623663],[-75.38414,40.620163],[-75.38283,40.617155],[-75.379608,40.61669],[-75.378125,40.615358],[-75.388559,40.614423],[-75.390635,40.600677],[-75.391275,40.596551],[-75.39429,40.593018]]]},"properties":{"district":"133","name":"State House District 133"}},{"type":"Feature","geometry":{"type":"Polygon","coordinates":[[[-75.890431,39.958637],[-75.890111,39.95732],[-75.886016,39.954397],[-75.883405,39.95146],[-75.879557,39.949312],[-75.874367,39.949597],[-75.873511,39.949027],[-75.872127,39.943794],[-75.867012,39.94145],[-75.863232,39.942415],[-75.859413,39.942661],[-75.858397,39.93965],[-75.855268,39.936922],[-75.85376,39.932764],[-75.856644,39.931719],[-75.856649,39.927594],[-75.85222,39.923574],[-75.849036,39.921994],[-75.846531,39.922175],[-75.84388,39.916194],[-75.841949,39.909279],[-75.84002,39.90662],[-75.837312,39.907436],[-75.83532,39.90079],[-75.841793,39.896321],[-75.853072,39.889229],[-75.851942,39.879964],[-75.849008,39.866506],[-75.834285,39.868037],[-75.790368,39.871889],[-75.785846,39.871695],[-75.784989,39.8647],[-75.783603,39.857698],[-75.783494,39.855143],[-75.781155,39.855337],[-75.78046,39.849236],[-75.784984,39.848777],[-75.782725,39.830163],[-75.788527,39.828902],[-75.78872,39.822211],[-75.786246,39.818865],[-75.780919,39.819425],[-75.780743,39.814811],[-75.779289,39.801952],[-75.776716,39.783492],[-75.775678,39.774427],[-75.760831,39.775699],[-75.759398,39.76731],[-75.757581,39.764258],[-75.75447,39.755634],[-75.760353,39.747406],[-75.766363,39.737486],[-75.770324,39.729897],[-75.773786,39.7222],[-75.81208,39.722182],[-75.841731,39.721971],[-75.875127,39.72194],[-75.893282,39.721985],[-75.96215,39.721792],[-76.001292,39.721748],[-76.013149,39.721827],[-76.025576,39.721737],[-76.102467,39.721408],[-76.135484,39.721147],[-76.136317,39.723243],[-76.136451,39.725682],[-76.134045,39.727171],[-76.128262,39.727657],[-76.124712,39.726606],[-76.122252,39.723407],[-76.119195,39.723444],[-76.118521,39.726432],[-76.120304,39.729848],[-76.119778,39.73193],[-76.120651,39.735128],[-76.119924,39.736364],[-76.115357,39.736596],[-76.113616,39.737125],[-76.108565,39.734836],[-76.109945,39.730541],[-76.111177,39.728521],[-76.10796,39.725374],[-76.105201,39.723981],[-76.102479,39.724033],[-76.099887,39.727443],[-76.096762,39.729087],[-76.09262,39.733534],[-76.092592,39.734187],[-76.096188,39.737236],[-76.099415,39.73794],[-76.10205,39.739884],[-76.100657,39.742877],[-76.100467,39.745525],[-76.098608,39.745486],[-76.096877,39.743111],[-76.094035,39.742733],[-76.09204,39.743116],[-76.088033,39.744932],[-76.084334,39.748342],[-76.084195,39.750464],[-76.082599,39.75305],[-76.083646,39.754577],[-76.085794,39.75589],[-76.084352,39.758644],[-76.081852,39.761351],[-76.079568,39.761963],[-76.076461,39.761813],[-76.069461,39.759844],[-76.067427,39.75965],[-76.064891,39.761884],[-76.062468,39.765098],[-76.064923,39.770283],[-76.064564,39.771189],[-76.060524,39.775011],[-76.060311,39.77633],[-76.058397,39.779861],[-76.055388,39.780279],[-76.052183,39.781874],[-76.049678,39.783784],[-76.048525,39.78924],[-76.043637,39.791242],[-76.045104,39.793033],[-76.043382,39.794376],[-76.041365,39.797196],[-76.043507,39.797852],[-76.045738,39.800989],[-76.049472,39.802208],[-76.048287,39.803968],[-76.04572,39.803778],[-76.042793,39.802718],[-76.040223,39.801121],[-76.038501,39.80173],[-76.035858,39.806241],[-76.035123,39.808143],[-76.035216,39.811835],[-76.029925,39.812505],[-76.031071,39.814766],[-76.031072,39.817526],[-76.033118,39.820498],[-76.036307,39.823317],[-76.037953,39.825909],[-76.036582,39.826869],[-76.0331,39.825988],[-76.030232,39.823973],[-76.027034,39.824153],[-76.023784,39.827134],[-76.022826,39.8308],[-76.016473,39.831481],[-76.017783,39.834876],[-76.017809,39.838173],[-76.019965,39.840029],[-76.019152,39.840965],[-76.020755,39.845027],[-76.020387,39.847642],[-76.022823,39.849844],[-76.01991,39.853524],[-76.018825,39.85408],[-76.015805,39.853758],[-76.014291,39.852797],[-76.01158,39.853178],[-76.008575,39.851965],[-76.006734,39.853958],[-76.0076,39.857432],[-76.007007,39.858219],[-76.005638,39.867346],[-76.004442,39.86887],[-76.004472,39.872178],[-76.002432,39.874353],[-75.999951,39.874755],[-75.998426,39.874042],[-75.998451,39.872123],[-75.991644,39.868713],[-75.990492,39.870936],[-75.987466,39.872478],[-75.986698,39.874377],[-75.988386,39.878218],[-75.991088,39.880389],[-75.992347,39.88216],[-75.990583,39.884585],[-75.991495,39.88524],[-75.991258,39.887591],[-75.989371,39.890616],[-75.986823,39.892192],[-75.989047,39.895679],[-75.993329,39.898996],[-75.995133,39.898916],[-75.99455,39.90254],[-75.995989,39.903786],[-75.997516,39.909891],[-75.99552,39.911356],[-75.996103,39.914552],[-75.994896,39.916585],[-75.997132,39.922062],[-75.995827,39.924595],[-75.997303,39.927009],[-75.997165,39.928671],[-75.992597,39.92657],[-75.991167,39.927258],[-75.991467,39.929003],[-75.987363,39.9298],[-75.98566,39.931808],[-75.984083,39.931765],[-75.982311,39.929516],[-75.980966,39.933479],[-75.982152,39.935619],[-75.985056,39.937871],[-75.981307,39.938364],[-75.927216,39.949256],[-75.90614,39.953936],[-75.904792,39.955217],[-75.890431,39.958637]]]},"properties":{"district":"013","name":"State House District 13"}},{"type":"Feature","geometry":{"type":"Polygon","coordinates":[[[-75.490692,40.603343],[-75.48936,40.600549],[-75.483086,40.602284],[-75.481739,40.599473],[-75.46447,40.604235],[-75.463163,40.602635],[-75.460224,40.600483],[-75.456617,40.60048],[-75.454633,40.598786],[-75.450109,40.597079],[-75.441822,40.599914],[-75.44032,40.595771],[-75.436662,40.596488],[-75.436107,40.592512],[-75.438268,40.591978],[-75.437819,40.588608],[-75.443594,40.588184],[-75.443435,40.586605],[-75.450176,40.586146],[-75.449535,40.581739],[-75.447817,40.581577],[-75.446371,40.577143],[-75.445859,40.571342],[-75.448114,40.571788],[-75.450353,40.57027],[-75.454173,40.567677],[-75.459573,40.573784],[-75.462659,40.572431],[-75.459297,40.568574],[-75.460588,40.568135],[-75.457935,40.565125],[-75.475173,40.55343],[-75.47906,40.554849],[-75.48193,40.55093],[-75.480885,40.53888],[-75.481889,40.533445],[-75.484494,40.531029],[-75.480144,40.528938],[-75.484283,40.52873],[-75.485131,40.527769],[-75.487896,40.529421],[-75.495921,40.523865],[-75.504401,40.516658],[-75.510041,40.51767],[-75.511712,40.519736],[-75.512979,40.518764],[-75.516432,40.519389],[-75.513576,40.521693],[-75.515781,40.524013],[-75.512866,40.527404],[-75.516884,40.529704],[-75.514272,40.532521],[-75.51004,40.532682],[-75.507132,40.53598],[-75.510593,40.537835],[-75.513065,40.537441],[-75.515094,40.537111],[-75.515541,40.535311],[-75.518788,40.5371],[-75.520143,40.540179],[-75.518629,40.540355],[-75.516896,40.541904],[-75.513039,40.53988],[-75.510119,40.541249],[-75.508787,40.540525],[-75.505689,40.54352],[-75.501129,40.543893],[-75.499243,40.545062],[-75.497664,40.544973],[-75.489572,40.553138],[-75.485788,40.552031],[-75.483216,40.556541],[-75.487808,40.558686],[-75.491053,40.552842],[-75.491465,40.551438],[-75.494457,40.551362],[-75.495874,40.549813],[-75.499481,40.549215],[-75.497978,40.547908],[-75.499957,40.545856],[-75.501434,40.546841],[-75.51313,40.554379],[-75.519524,40.558305],[-75.523386,40.561156],[-75.530304,40.565393],[-75.511286,40.582519],[-75.503209,40.58411],[-75.501189,40.584276],[-75.496901,40.587466],[-75.498492,40.589132],[-75.497941,40.590845],[-75.488387,40.59348],[-75.489454,40.595732],[-75.491558,40.595156],[-75.494888,40.602174],[-75.490692,40.603343]]]},"properties":{"district":"134","name":"State House District 134"}},{"type":"Feature","geometry":{"type":"Polygon","coordinates":[[[-80.148497,40.673769],[-80.145651,40.622462],[-80.145188,40.614749],[-80.147224,40.612424],[-80.150004,40.61206],[-80.151642,40.611145],[-80.152062,40.609399],[-80.155013,40.608013],[-80.158691,40.609232],[-80.160825,40.609491],[-80.164844,40.606957],[-80.169376,40.606618],[-80.169972,40.607723],[-80.176025,40.608113],[-80.177766,40.609193],[-80.180135,40.609476],[-80.180563,40.607344],[-80.184753,40.603585],[-80.184044,40.601132],[-80.18848,40.600046],[-80.188002,40.599181],[-80.185188,40.598118],[-80.184323,40.59692],[-80.186519,40.596126],[-80.190228,40.596182],[-80.193281,40.596933],[-80.195345,40.59585],[-80.198464,40.592655],[-80.202121,40.590936],[-80.204163,40.588568],[-80.206786,40.588153],[-80.207341,40.604682],[-80.207088,40.627456],[-80.207639,40.640025],[-80.217701,40.65361],[-80.224896,40.650971],[-80.226666,40.65359],[-80.221913,40.655675],[-80.22267,40.656751],[-80.239807,40.649964],[-80.243563,40.655362],[-80.237398,40.657728],[-80.237731,40.658645],[-80.224958,40.663977],[-80.234277,40.67647],[-80.243064,40.676071],[-80.246926,40.684005],[-80.249643,40.687057],[-80.245756,40.68988],[-80.245477,40.694087],[-80.246741,40.694074],[-80.247738,40.689947],[-80.250206,40.689839],[-80.252531,40.687972],[-80.257092,40.692707],[-80.24703,40.699484],[-80.248103,40.723951],[-80.253966,40.723836],[-80.253959,40.723264],[-80.261578,40.723044],[-80.261527,40.722404],[-80.268697,40.722208],[-80.268593,40.720242],[-80.275494,40.720044],[-80.275858,40.725598],[-80.288941,40.725441],[-80.290451,40.724803],[-80.301446,40.724806],[-80.300636,40.719892],[-80.305858,40.719709],[-80.303268,40.716153],[-80.29804,40.710446],[-80.294423,40.705851],[-80.288956,40.696669],[-80.287584,40.695466],[-80.293224,40.69141],[-80.296195,40.695223],[-80.294867,40.695778],[-80.299649,40.70257],[-80.302354,40.701449],[-80.303245,40.702719],[-80.305421,40.701822],[-80.307972,40.7053],[-80.302403,40.705609],[-80.302179,40.709166],[-80.304167,40.709899],[-80.304305,40.712082],[-80.305552,40.713875],[-80.319004,40.719919],[-80.316932,40.722394],[-80.322852,40.722435],[-80.331439,40.728909],[-80.334326,40.730068],[-80.334853,40.73141],[-80.337366,40.732957],[-80.339029,40.736348],[-80.338762,40.740521],[-80.379803,40.728119],[-80.409662,40.718813],[-80.410264,40.745474],[-80.408726,40.761426],[-80.40894,40.799467],[-80.411738,40.799698],[-80.420406,40.804633],[-80.421967,40.806112],[-80.427531,40.807477],[-80.433349,40.80751],[-80.435149,40.80624],[-80.43765,40.805761],[-80.441371,40.802554],[-80.445707,40.802742],[-80.447962,40.800707],[-80.450325,40.800228],[-80.450714,40.79886],[-80.45242,40.797963],[-80.454024,40.798736],[-80.458807,40.793804],[-80.462368,40.793226],[-80.466054,40.794113],[-80.466914,40.793527],[-80.471098,40.795163],[-80.474703,40.794436],[-80.476286,40.794673],[-80.479395,40.797142],[-80.481519,40.797322],[-80.481222,40.79542],[-80.484191,40.794857],[-80.489226,40.792614],[-80.490924,40.793518],[-80.493085,40.792721],[-80.494167,40.791316],[-80.49246,40.788799],[-80.49386,40.787675],[-80.500273,40.785948],[-80.503722,40.785872],[-80.507137,40.785097],[-80.511564,40.786112],[-80.512301,40.788266],[-80.516063,40.787678],[-80.517041,40.788957],[-80.519047,40.789444],[-80.519115,40.816696],[-80.519044,40.851339],[-80.508519,40.851509],[-80.486353,40.85166],[-80.422539,40.85227],[-80.416635,40.852174],[-80.403443,40.852431],[-80.373098,40.852671],[-80.362849,40.852637],[-80.347565,40.852828],[-80.331442,40.852911],[-80.32254,40.853229],[-80.309971,40.853424],[-80.295706,40.853483],[-80.282273,40.853792],[-80.276568,40.853725],[-80.263707,40.85403],[-80.253123,40.853952],[-80.183092,40.85466],[-80.15853,40.855096],[-80.15671,40.81753],[-80.156383,40.807712],[-80.15551,40.792235],[-80.154822,40.783441],[-80.154519,40.776166],[-80.153427,40.758282],[-80.153445,40.756387],[-80.152582,40.744657],[-80.151947,40.733406],[-80.151953,40.729843],[-80.151062,40.713138],[-80.150417,40.706839],[-80.149794,40.692694],[-80.148699,40.67491],[-80.148497,40.673769]]]},"properties":{"district":"014","name":"State House District 14"}},{"type":"Feature","geometry":{"type":"Polygon","coordinates":[[[-75.430404,40.674152],[-75.407702,40.682257],[-75.403211,40.681653],[-75.395799,40.68145],[-75.39538,40.678276],[-75.393041,40.676466],[-75.393306,40.673156],[-75.385476,40.673784],[-75.382766,40.674275],[-75.377277,40.676981],[-75.37433,40.677424],[-75.373046,40.66778],[-75.362385,40.672732],[-75.342712,40.667198],[-75.341403,40.662023],[-75.338239,40.65393],[-75.336261,40.652066],[-75.337846,40.65029],[-75.344498,40.645125],[-75.344602,40.644529],[-75.342927,40.634228],[-75.342292,40.629714],[-75.350192,40.629146],[-75.349391,40.622796],[-75.347405,40.622984],[-75.347004,40.620342],[-75.342305,40.620798],[-75.335624,40.620602],[-75.333955,40.622174],[-75.327636,40.622324],[-75.326799,40.616664],[-75.323949,40.617759],[-75.316582,40.618485],[-75.312267,40.620074],[-75.311224,40.619719],[-75.31204,40.616292],[-75.308885,40.616104],[-75.307544,40.614773],[-75.305689,40.61512],[-75.306063,40.616875],[-75.303421,40.617282],[-75.302996,40.606191],[-75.307832,40.604824],[-75.314023,40.603573],[-75.319478,40.601361],[-75.330804,40.593757],[-75.340085,40.5932],[-75.340413,40.596157],[-75.343645,40.59639],[-75.34452,40.593083],[-75.344241,40.588017],[-75.347202,40.58712],[-75.348211,40.585511],[-75.347209,40.584175],[-75.344204,40.58237],[-75.343958,40.580963],[-75.344987,40.578961],[-75.358821,40.578004],[-75.360415,40.579304],[-75.363682,40.580236],[-75.364264,40.58501],[-75.3617,40.585308],[-75.36317,40.593197],[-75.367519,40.600663],[-75.390635,40.600677],[-75.388559,40.614423],[-75.378125,40.615358],[-75.379608,40.61669],[-75.38283,40.617155],[-75.38414,40.620163],[-75.383049,40.623663],[-75.388413,40.627969],[-75.388898,40.629117],[-75.387464,40.633122],[-75.392891,40.634415],[-75.399791,40.640108],[-75.408931,40.648274],[-75.413659,40.652771],[-75.418334,40.65768],[-75.430122,40.668427],[-75.429848,40.673461],[-75.430404,40.674152]]]},"properties":{"district":"135","name":"State House District 135"}},{"type":"Feature","geometry":{"type":"Polygon","coordinates":[[[-80.278026,40.536736],[-80.31315,40.511613],[-80.324264,40.503826],[-80.360902,40.477668],[-80.337622,40.459327],[-80.329767,40.452735],[-80.312845,40.439363],[-80.296194,40.425476],[-80.234673,40.375468],[-80.23437,40.373589],[-80.243426,40.369908],[-80.239901,40.365322],[-80.242203,40.364582],[-80.244206,40.365149],[-80.247859,40.364042],[-80.249975,40.362222],[-80.253485,40.360894],[-80.257528,40.360451],[-80.261722,40.358982],[-80.267515,40.358199],[-80.27676,40.362073],[-80.280352,40.363992],[-80.296208,40.360257],[-80.328327,40.34961],[-80.330915,40.345313],[-80.335922,40.338601],[-80.350881,40.317197],[-80.35649,40.308594],[-80.357765,40.293725],[-80.36155,40.262015],[-80.365151,40.257841],[-80.358431,40.253133],[-80.347438,40.248352],[-80.344865,40.245625],[-80.343381,40.242602],[-80.3322,40.238166],[-80.312279,40.249238],[-80.311287,40.249987],[-80.307568,40.247164],[-80.303624,40.246247],[-80.301849,40.243178],[-80.301556,40.24124],[-80.300252,40.239345],[-80.299715,40.236828],[-80.294958,40.233961],[-80.292272,40.230791],[-80.291139,40.230569],[-80.288383,40.226091],[-80.286899,40.225141],[-80.286328,40.223358],[-80.286636,40.221032],[-80.285977,40.219172],[-80.286838,40.215573],[-80.285759,40.209976],[-80.28384,40.208482],[-80.281979,40.205385],[-80.27923,40.203826],[-80.273884,40.203291],[-80.266277,40.201445],[-80.265546,40.201716],[-80.261959,40.19935],[-80.260479,40.197136],[-80.265071,40.196504],[-80.267811,40.194437],[-80.269428,40.189749],[-80.269832,40.187334],[-80.268436,40.184599],[-80.257923,40.175943],[-80.266753,40.172567],[-80.267815,40.168743],[-80.269848,40.168535],[-80.268912,40.166558],[-80.275165,40.16402],[-80.27969,40.16276],[-80.285355,40.161586],[-80.290341,40.157564],[-80.296872,40.154742],[-80.30166,40.154587],[-80.303716,40.153029],[-80.309871,40.152567],[-80.309915,40.1507],[-80.308547,40.146589],[-80.307608,40.145576],[-80.310293,40.142535],[-80.310537,40.141513],[-80.309721,40.137511],[-80.310568,40.132727],[-80.310629,40.129046],[-80.308794,40.124442],[-80.311282,40.123137],[-80.312705,40.121513],[-80.312635,40.119075],[-80.316096,40.117873],[-80.319262,40.118834],[-80.322191,40.119076],[-80.324737,40.117258],[-80.326967,40.117052],[-80.331915,40.1147],[-80.332655,40.113707],[-80.343697,40.113099],[-80.344405,40.109937],[-80.3466,40.108683],[-80.371052,40.115295],[-80.374735,40.116199],[-80.390176,40.120506],[-80.412475,40.096308],[-80.435944,40.091636],[-80.435574,40.089137],[-80.448343,40.086845],[-80.470976,40.081686],[-80.478095,40.080141],[-80.499791,40.077627],[-80.518976,40.073929],[-80.519247,40.095321],[-80.51904,40.098921],[-80.518895,40.117704],[-80.51912,40.125],[-80.519008,40.13476],[-80.519134,40.172319],[-80.518927,40.182695],[-80.518862,40.196202],[-80.51909,40.203553],[-80.51911,40.244436],[-80.519071,40.256973],[-80.519215,40.268295],[-80.518991,40.294183],[-80.518975,40.349789],[-80.51797,40.366656],[-80.518091,40.398568],[-80.51789,40.422268],[-80.51799,40.432267],[-80.517689,40.462217],[-80.51899,40.473667],[-80.51899,40.500082],[-80.518911,40.521406],[-80.519228,40.53346],[-80.519086,40.542642],[-80.519161,40.552531],[-80.518862,40.559297],[-80.518953,40.579451],[-80.519125,40.597549],[-80.519011,40.608359],[-80.51898,40.681245],[-80.518922,40.718431],[-80.519074,40.753583],[-80.519047,40.789444],[-80.517041,40.788957],[-80.516063,40.787678],[-80.512301,40.788266],[-80.511564,40.786112],[-80.507137,40.785097],[-80.503722,40.785872],[-80.500273,40.785948],[-80.49386,40.787675],[-80.49246,40.788799],[-80.494167,40.791316],[-80.493085,40.792721],[-80.490924,40.793518],[-80.489226,40.792614],[-80.484191,40.794857],[-80.481222,40.79542],[-80.481519,40.797322],[-80.479395,40.797142],[-80.476286,40.794673],[-80.474703,40.794436],[-80.471098,40.795163],[-80.466914,40.793527],[-80.466054,40.794113],[-80.462368,40.793226],[-80.458807,40.793804],[-80.454024,40.798736],[-80.45242,40.797963],[-80.450714,40.79886],[-80.450325,40.800228],[-80.447962,40.800707],[-80.445707,40.802742],[-80.441371,40.802554],[-80.43765,40.805761],[-80.435149,40.80624],[-80.433349,40.80751],[-80.427531,40.807477],[-80.421967,40.806112],[-80.420406,40.804633],[-80.411738,40.799698],[-80.40894,40.799467],[-80.408726,40.761426],[-80.410264,40.745474],[-80.409662,40.718813],[-80.379803,40.728119],[-80.338762,40.740521],[-80.339029,40.736348],[-80.337366,40.732957],[-80.334853,40.73141],[-80.334326,40.730068],[-80.331439,40.728909],[-80.322852,40.722435],[-80.316932,40.722394],[-80.319004,40.719919],[-80.305552,40.713875],[-80.304305,40.712082],[-80.304167,40.709899],[-80.302179,40.709166],[-80.302403,40.705609],[-80.307972,40.7053],[-80.305421,40.701822],[-80.303245,40.702719],[-80.302354,40.701449],[-80.299649,40.70257],[-80.294867,40.695778],[-80.296195,40.695223],[-80.293224,40.69141],[-80.297984,40.689566],[-80.312672,40.684938],[-80.310266,40.680499],[-80.32063,40.674679],[-80.325628,40.659189],[-80.314625,40.648959],[-80.324821,40.643428],[-80.338828,40.640915],[-80.344323,40.638811],[-80.344158,40.637813],[-80.340801,40.635947],[-80.3383,40.635237],[-80.335187,40.635972],[-80.334583,40.633906],[-80.337703,40.632701],[-80.340399,40.630575],[-80.339214,40.628943],[-80.335795,40.627359],[-80.335199,40.625909],[-80.336586,40.625001],[-80.340749,40.625731],[-80.344467,40.623696],[-80.342443,40.620403],[-80.344854,40.614766],[-80.342942,40.613804],[-80.340081,40.61428],[-80.336477,40.617451],[-80.334197,40.620534],[-80.331979,40.620946],[-80.329281,40.616989],[-80.326114,40.614277],[-80.324593,40.61416],[-80.322374,40.61153],[-80.322013,40.609675],[-80.319332,40.606082],[-80.31651,40.604083],[-80.320899,40.601],[-80.278026,40.536736]]]},"properties":{"district":"015","name":"State House District 15"}},{"type":"Feature","geometry":{"type":"Polygon","coordinates":[[[-75.233365,40.702537],[-75.233419,40.70308],[-75.219321,40.704902],[-75.211904,40.705605],[-75.209099,40.707459],[-75.210719,40.709557],[-75.20881,40.709711],[-75.207418,40.7086],[-75.20183,40.712229],[-75.202926,40.713208],[-75.197903,40.715698],[-75.19675,40.714488],[-75.1944,40.716659],[-75.192883,40.715648],[-75.19498,40.71285],[-75.19582,40.709798],[-75.19872,40.705298],[-75.20262,40.695498],[-75.203921,40.691498],[-75.200922,40.685501],[-75.196921,40.681297],[-75.191124,40.679459],[-75.184516,40.679971],[-75.180564,40.679363],[-75.177988,40.678083],[-75.176947,40.676691],[-75.177074,40.673906],[-75.178019,40.671763],[-75.182976,40.665747],[-75.18795,40.663816],[-75.190852,40.661938],[-75.193438,40.659315],[-75.196108,40.655876],[-75.197943,40.654781],[-75.19786,40.65205],[-75.200452,40.649219],[-75.200468,40.646899],[-75.195351,40.643044],[-75.193516,40.63927],[-75.190515,40.635427],[-75.189827,40.629747],[-75.188595,40.623636],[-75.189283,40.621492],[-75.190688,40.619957],[-75.193667,40.61994],[-75.197891,40.619332],[-75.201188,40.61802],[-75.201812,40.617188],[-75.201348,40.614628],[-75.198499,40.611492],[-75.196803,40.60858],[-75.216475,40.599782],[-75.228669,40.594469],[-75.236848,40.590748],[-75.246728,40.586844],[-75.258151,40.582009],[-75.266366,40.57758],[-75.293528,40.561978],[-75.299017,40.558601],[-75.309662,40.568536],[-75.312938,40.575388],[-75.315163,40.57765],[-75.316284,40.579653],[-75.317524,40.585309],[-75.319694,40.586336],[-75.320489,40.589551],[-75.321329,40.590437],[-75.329184,40.589939],[-75.333788,40.58836],[-75.333415,40.583424],[-75.328067,40.583293],[-75.327261,40.573263],[-75.339754,40.572521],[-75.339711,40.571067],[-75.333545,40.571075],[-75.33321,40.567425],[-75.341086,40.566981],[-75.342976,40.568293],[-75.344714,40.571392],[-75.343994,40.574395],[-75.344843,40.576304],[-75.344987,40.578961],[-75.343958,40.580963],[-75.344204,40.58237],[-75.347209,40.584175],[-75.348211,40.585511],[-75.347202,40.58712],[-75.344241,40.588017],[-75.34452,40.593083],[-75.343645,40.59639],[-75.340413,40.596157],[-75.340085,40.5932],[-75.330804,40.593757],[-75.319478,40.601361],[-75.314023,40.603573],[-75.307832,40.604824],[-75.302996,40.606191],[-75.303421,40.617282],[-75.306063,40.616875],[-75.305689,40.61512],[-75.307544,40.614773],[-75.308885,40.616104],[-75.31204,40.616292],[-75.311224,40.619719],[-75.312267,40.620074],[-75.316582,40.618485],[-75.323949,40.617759],[-75.326799,40.616664],[-75.327636,40.622324],[-75.333955,40.622174],[-75.335624,40.620602],[-75.342305,40.620798],[-75.347004,40.620342],[-75.347405,40.622984],[-75.349391,40.622796],[-75.350192,40.629146],[-75.342292,40.629714],[-75.342927,40.634228],[-75.338397,40.634734],[-75.339296,40.64005],[-75.336365,40.640368],[-75.335814,40.637173],[-75.332781,40.63329],[-75.333797,40.63231],[-75.332554,40.631009],[-75.330354,40.633165],[-75.326693,40.633636],[-75.319523,40.631798],[-75.310823,40.630434],[-75.30182,40.634717],[-75.296602,40.639243],[-75.291861,40.640903],[-75.282207,40.641052],[-75.282329,40.64279],[-75.274774,40.644295],[-75.270087,40.646154],[-75.270625,40.651905],[-75.272036,40.66115],[-75.265838,40.664658],[-75.265019,40.663736],[-75.26387,40.657478],[-75.260673,40.657792],[-75.260021,40.659845],[-75.256721,40.662517],[-75.259534,40.663428],[-75.262041,40.66666],[-75.263323,40.675077],[-75.257695,40.679391],[-75.254313,40.680916],[-75.248081,40.681873],[-75.252374,40.687084],[-75.248873,40.687823],[-75.247904,40.690225],[-75.244187,40.693221],[-75.244955,40.69368],[-75.245687,40.698888],[-75.238496,40.699578],[-75.238497,40.698097],[-75.233365,40.702537]]]},"properties":{"district":"136","name":"State House District 136"}},{"type":"Feature","geometry":{"type":"Polygon","coordinates":[[[-80.206786,40.588153],[-80.211167,40.584979],[-80.211309,40.583143],[-80.214549,40.580819],[-80.21791,40.581874],[-80.218667,40.579742],[-80.220686,40.579834],[-80.222267,40.577971],[-80.224006,40.577329],[-80.224051,40.575268],[-80.227089,40.574154],[-80.232014,40.570593],[-80.25142,40.556023],[-80.271646,40.541463],[-80.278026,40.536736],[-80.320899,40.601],[-80.31651,40.604083],[-80.319332,40.606082],[-80.322013,40.609675],[-80.322374,40.61153],[-80.324593,40.61416],[-80.326114,40.614277],[-80.329281,40.616989],[-80.331979,40.620946],[-80.334197,40.620534],[-80.336477,40.617451],[-80.340081,40.61428],[-80.342942,40.613804],[-80.344854,40.614766],[-80.342443,40.620403],[-80.344467,40.623696],[-80.340749,40.625731],[-80.336586,40.625001],[-80.335199,40.625909],[-80.335795,40.627359],[-80.339214,40.628943],[-80.340399,40.630575],[-80.337703,40.632701],[-80.334583,40.633906],[-80.335187,40.635972],[-80.3383,40.635237],[-80.340801,40.635947],[-80.344158,40.637813],[-80.344323,40.638811],[-80.338828,40.640915],[-80.324821,40.643428],[-80.314625,40.648959],[-80.325628,40.659189],[-80.32063,40.674679],[-80.310266,40.680499],[-80.312672,40.684938],[-80.297984,40.689566],[-80.293224,40.69141],[-80.287584,40.695466],[-80.288956,40.696669],[-80.294423,40.705851],[-80.29804,40.710446],[-80.303268,40.716153],[-80.305858,40.719709],[-80.300636,40.719892],[-80.301446,40.724806],[-80.290451,40.724803],[-80.288941,40.725441],[-80.275858,40.725598],[-80.275494,40.720044],[-80.268593,40.720242],[-80.268697,40.722208],[-80.261527,40.722404],[-80.261578,40.723044],[-80.253959,40.723264],[-80.253966,40.723836],[-80.248103,40.723951],[-80.24703,40.699484],[-80.257092,40.692707],[-80.252531,40.687972],[-80.250206,40.689839],[-80.247738,40.689947],[-80.246741,40.694074],[-80.245477,40.694087],[-80.245756,40.68988],[-80.249643,40.687057],[-80.246926,40.684005],[-80.243064,40.676071],[-80.234277,40.67647],[-80.224958,40.663977],[-80.237731,40.658645],[-80.237398,40.657728],[-80.243563,40.655362],[-80.239807,40.649964],[-80.22267,40.656751],[-80.221913,40.655675],[-80.226666,40.65359],[-80.224896,40.650971],[-80.217701,40.65361],[-80.207639,40.640025],[-80.207088,40.627456],[-80.207341,40.604682],[-80.206786,40.588153]]]},"properties":{"district":"016","name":"State House District 16"}},{"type":"Feature","geometry":{"type":"Polygon","coordinates":[[[-75.383432,40.737978],[-75.374802,40.738739],[-75.348971,40.741773],[-75.346016,40.742189],[-75.346503,40.745009],[-75.338634,40.748988],[-75.339102,40.75288],[-75.327626,40.753845],[-75.309615,40.755517],[-75.307875,40.75553],[-75.276317,40.758462],[-75.275825,40.754912],[-75.273315,40.753499],[-75.273916,40.749938],[-75.27123,40.74911],[-75.267606,40.748752],[-75.264162,40.749206],[-75.256961,40.747792],[-75.25345,40.746233],[-75.249836,40.74582],[-75.249545,40.741955],[-75.246582,40.740635],[-75.246707,40.736086],[-75.244013,40.731522],[-75.243927,40.728552],[-75.247815,40.729041],[-75.249547,40.726315],[-75.244756,40.721235],[-75.244966,40.718065],[-75.246126,40.71374],[-75.245706,40.710995],[-75.247052,40.708289],[-75.249527,40.707823],[-75.25213,40.706498],[-75.252527,40.702101],[-75.250878,40.700923],[-75.249376,40.703309],[-75.245583,40.704231],[-75.24277,40.702456],[-75.241167,40.700198],[-75.239647,40.70018],[-75.235354,40.702273],[-75.233365,40.702537],[-75.238497,40.698097],[-75.238496,40.699578],[-75.245687,40.698888],[-75.244955,40.69368],[-75.244187,40.693221],[-75.247904,40.690225],[-75.248873,40.687823],[-75.252374,40.687084],[-75.248081,40.681873],[-75.254313,40.680916],[-75.257695,40.679391],[-75.263323,40.675077],[-75.262041,40.66666],[-75.259534,40.663428],[-75.256721,40.662517],[-75.260021,40.659845],[-75.260673,40.657792],[-75.26387,40.657478],[-75.265019,40.663736],[-75.265838,40.664658],[-75.272036,40.66115],[-75.270625,40.651905],[-75.270087,40.646154],[-75.274774,40.644295],[-75.282329,40.64279],[-75.282207,40.641052],[-75.291861,40.640903],[-75.296602,40.639243],[-75.30182,40.634717],[-75.310823,40.630434],[-75.319523,40.631798],[-75.326693,40.633636],[-75.330354,40.633165],[-75.332554,40.631009],[-75.333797,40.63231],[-75.332781,40.63329],[-75.335814,40.637173],[-75.336365,40.640368],[-75.339296,40.64005],[-75.338397,40.634734],[-75.342927,40.634228],[-75.344602,40.644529],[-75.344498,40.645125],[-75.337846,40.65029],[-75.336261,40.652066],[-75.338239,40.65393],[-75.341403,40.662023],[-75.342712,40.667198],[-75.362385,40.672732],[-75.373046,40.66778],[-75.37433,40.677424],[-75.377277,40.676981],[-75.382766,40.674275],[-75.385476,40.673784],[-75.393306,40.673156],[-75.393041,40.676466],[-75.39538,40.678276],[-75.395799,40.68145],[-75.403211,40.681653],[-75.407702,40.682257],[-75.392495,40.687695],[-75.376568,40.693765],[-75.381482,40.725912],[-75.383432,40.737978]]]},"properties":{"district":"137","name":"State House District 137"}},{"type":"Feature","geometry":{"type":"Polygon","coordinates":[[[-79.694984,41.172865],[-79.69235,41.172028],[-79.689332,41.169471],[-79.688705,41.147175],[-79.688778,41.133429],[-79.689542,41.121651],[-79.690272,41.103252],[-79.690173,41.063194],[-79.690192,41.046708],[-79.690081,41.005935],[-79.689997,40.999892],[-79.689925,40.957667],[-79.709965,40.95654],[-79.722933,40.955965],[-79.734692,40.955735],[-79.784034,40.956298],[-79.852026,40.957728],[-79.878684,40.958491],[-79.880077,41.02765],[-79.915396,41.027815],[-79.979785,41.02801],[-80.011125,41.027167],[-80.014219,41.025231],[-80.016572,41.02476],[-80.01803,41.0257],[-80.020742,41.024926],[-80.023289,41.027414],[-80.024309,41.026774],[-80.043069,41.026246],[-80.044253,41.026607],[-80.044139,41.023125],[-80.052692,41.022978],[-80.05282,41.026103],[-80.060078,41.026105],[-80.063028,41.025724],[-80.065783,41.026778],[-80.070649,41.026751],[-80.073367,41.03014],[-80.071187,41.030627],[-80.071002,41.031855],[-80.07297,41.03374],[-80.075609,41.038883],[-80.08092,41.0401],[-80.08241,41.041063],[-80.087,41.042813],[-80.097962,41.060823],[-80.101859,41.067401],[-80.098294,41.071054],[-80.113123,41.083911],[-80.124126,41.093593],[-80.126614,41.095498],[-80.147303,41.113917],[-80.257945,41.11723],[-80.257946,41.117339],[-80.257933,41.128165],[-80.268902,41.127841],[-80.293619,41.12776],[-80.312032,41.127593],[-80.341233,41.126911],[-80.357986,41.126707],[-80.385094,41.126492],[-80.384896,41.153893],[-80.312567,41.155787],[-80.313414,41.158484],[-80.309919,41.160648],[-80.310747,41.163464],[-80.313617,41.166106],[-80.315238,41.170575],[-80.312382,41.171959],[-80.310521,41.174562],[-80.310332,41.177132],[-80.309475,41.177807],[-80.308973,41.180525],[-80.310849,41.186039],[-80.312774,41.187707],[-80.313065,41.189602],[-80.314439,41.191062],[-80.314504,41.193286],[-80.316184,41.1945],[-80.318802,41.205482],[-80.319762,41.208304],[-80.318613,41.21346],[-80.320162,41.215689],[-80.318206,41.21872],[-80.319021,41.21944],[-80.317312,41.222103],[-80.316752,41.225085],[-80.317342,41.226847],[-80.315509,41.229516],[-80.314942,41.231597],[-80.316811,41.232728],[-80.318526,41.23625],[-80.386242,41.235266],[-80.386819,41.267365],[-80.387501,41.296264],[-80.38818,41.321452],[-80.38915,41.361619],[-80.35499,41.362735],[-80.350111,41.362981],[-80.330248,41.363368],[-80.320805,41.363648],[-80.321272,41.374944],[-80.322962,41.420051],[-80.358472,41.42107],[-80.358371,41.426799],[-80.380223,41.427758],[-80.380806,41.436846],[-80.380937,41.443752],[-80.380071,41.485861],[-80.350722,41.484712],[-80.337983,41.484562],[-80.328691,41.484309],[-80.275595,41.483482],[-80.257183,41.483418],[-80.240593,41.482865],[-80.224391,41.482491],[-80.206563,41.482224],[-80.169472,41.481531],[-80.161853,41.481324],[-80.156766,41.480882],[-80.125369,41.480396],[-80.125596,41.486278],[-80.084115,41.487468],[-80.07093,41.487755],[-80.040988,41.488724],[-80.032586,41.488892],[-80.007226,41.48985],[-79.999779,41.490049],[-79.999781,41.435203],[-79.999781,41.387206],[-79.999777,41.34144],[-79.99978,41.264469],[-79.999779,41.211829],[-79.999204,41.197092],[-79.999779,41.171861],[-79.987505,41.171952],[-79.983039,41.171826],[-79.95929,41.171657],[-79.921722,41.172041],[-79.906424,41.17212],[-79.869293,41.172741],[-79.824481,41.173122],[-79.814298,41.173134],[-79.806762,41.172894],[-79.803429,41.173123],[-79.77933,41.172876],[-79.760872,41.172851],[-79.735041,41.17267],[-79.718819,41.172646],[-79.694984,41.172865]]]},"properties":{"district":"017","name":"State House District 17"}}]}